CLIENTE;MES;NRO_VEC_COB;PDPs_ROTAS;ESTADO_PDP;NRO_CUOTAS;MES_0;MES_1;MES_2;FECHALLAMADA;HORA;DEUDA_TOTAL;ESTATUS;ACTIVACION;MORA;TIPOCONTACTO
C00001;01/02/2014;<=10;0;0;<24, 48;244.86;0;245.26;3/02/2014;15;3816.34;BT;1/01/2012;1;COEF
C00002;01/02/2014;<=10;0;0;>48;610.58;612.69;611.54;18/02/2014;9;13620.5;BT;1/01/2012;1;COEF
C00003;01/02/2014;<=10;>0;0;<24, 48;2138.73;0;0;5/02/2014;16;18968.5;BT;1/01/2013;0;CNE
C00004;01/02/2014;>10;0;0;<24, 48;323.07;46.85;74.26;24/02/2014;19;2459.84;BT;1/01/2012;0;CNE
C00005;01/02/2014;<=10;0;0;<24, 48;920.54;0;0;12/02/2014;14;6591.76;BT;1/01/2013;0;CNE
C00006;01/02/2014;<=10;0;0;<24, 48;364.27;371.11;0;6/02/2014;7;9836.38;BT;1/01/2013;1;CNE
C00007;01/02/2014;<=10;0;0;>48;692.77;287.31;718.96;5/02/2014;16;26889.9;BT;1/01/2013;1;CNE
C00008;01/02/2014;>10;0;0;>48;364.24;728.67;366.12;12/02/2014;9;5491.04;BT;1/01/2011;1;CNE
C00009;01/02/2014;<=10;0;0;>48;492.95;0;492.97;10/02/2014;11;14985.3;BT;1/01/2013;1;COEF
C00011;01/02/2014;>10;0;0;>48;653.41;648.31;670.51;4/02/2014;12;18148.1;BT;1/01/2010;1;CNE
C00012;01/02/2014;>10;0;0;<24, 48;548.02;555.44;521.46;6/02/2014;10;15415.1;BT;1/01/2012;1;COEF
C00014;01/02/2014;<=10;0;0;<24, 48;839.04;1401.76;0;12/02/2014;20;9155.2;BT;1/01/2012;1;CNE
C00015;01/02/2014;<=10;0;0;<24, 48;70.64;0;0;4/02/2014;14;4876.47;BT;1/01/2013;1;CNE
C00016;01/02/2014;<=10;>0;0;<24, 48;113.25;211.33;212.62;26/02/2014;9;3146.65;BT;1/01/2012;1;CNE
C00017;01/02/2014;<=10;0;0;<24, 48;693.22;693.66;0;17/02/2014;11;18535;BT;1/01/2012;1;COEF
C00018;01/02/2014;<=10;0;0;>48;1056.91;0;0;7/02/2014;10;1058.03;BT;1/01/2013;0;CNE
C00019;01/02/2014;<=10;0;0;<=24;466.27;467.04;0;6/02/2014;12;3791.15;BT;1/01/2012;1;CNE
C00020;01/02/2014;<=10;0;0;>48;1259.75;1897.53;0;28/02/2014;9;14389.9;BT;1/01/2012;0;CNE
C00021;01/02/2014;>10;0;0;<24, 48;240.04;240.79;240.57;18/02/2014;7;3632.16;BT;1/01/2012;1;COEF
C00022;01/02/2014;<=10;0;0;<24, 48;207.24;206.08;0;19/02/2014;10;3242.09;BT;1/01/2012;1;CNE
C00023;01/02/2014;<=10;0;0;<24, 48;409.98;405.26;422.27;10/02/2014;18;9710.75;BT;1/01/2013;1;COEF
C00024;01/02/2014;<=10;0;0;>48;786.41;0;0;5/02/2014;12;9094.24;BT;1/01/2011;1;CNE
C00025;01/02/2014;>10;0;0;<24, 48;363.14;363.14;363.01;4/02/2014;7;4178.66;BT;1/01/2012;1;CNE
C00026;01/02/2014;>10;0;0;<24, 48;381.31;302.27;722.14;3/02/2014;16;15190.9;BT;1/01/2012;1;CNE
C00027;01/02/2014;<=10;0;0;<=24;42.21;0;0;4/02/2014;7;25554.3;BT;1/01/2013;1;CNE
C00028;01/02/2014;>10;0;0;<24, 48;1650.64;0;0;25/02/2014;19;9615.35;BT;1/01/2010;0;CNE
C00029;01/02/2014;>10;0;0;>48;386.09;0;0;3/02/2014;10;8609.38;BT;1/01/2012;1;COEF
C00030;01/02/2014;<=10;0;0;>48;127.69;442.95;448.54;24/02/2014;7;4628.75;BT;1/01/2012;1;CNE
C00032;01/02/2014;<=10;0;0;<24, 48;529.65;1.69;526.97;17/02/2014;19;9901.73;BT;1/01/2013;1;CNE
C00033;01/02/2014;>10;0;0;>48;372.38;374.46;374.63;12/02/2014;10;5927.97;BT;1/01/2011;1;CNE
C00034;01/02/2014;<=10;0;0;<24, 48;441.63;1.17;0;6/02/2014;8;11045.9;BT;1/01/2012;1;CNE
C00036;01/02/2014;<=10;0;0;>48;607.85;0;189.48;4/02/2014;12;18166.6;BT;1/01/2013;1;CNE
C00037;01/02/2014;<=10;0;0;<24, 48;49.31;68.7;50.38;11/02/2014;16;24985.5;BT;1/01/2013;1;CNE
C00039;01/02/2014;<=10;0;0;<24, 48;2331.3;0;0;21/02/2014;16;20544.2;BT;1/01/2012;0;CNE
C00040;01/02/2014;>10;0;0;>48;1653.31;0;324.09;5/02/2014;18;55564.3;BT;1/01/2012;1;CNE
C00041;01/02/2014;>10;0;0;<24, 48;1420.84;1418.66;0;4/02/2014;12;25832.1;BT;1/01/2011;1;CNE
C00043;01/02/2014;<=10;0;0;<24, 48;1024.32;0;0;6/02/2014;13;21595;BT;1/01/2012;1;COEF
C00045;01/02/2014;>10;0;0;>48;759.69;762.5;682.64;20/02/2014;14;10334.2;BT;1/01/2011;1;CNE
C00046;01/02/2014;>10;>0;0;<24, 48;1671.58;0;0;7/02/2014;12;20898.2;BT;1/01/2012;0;CNE
C00047;01/02/2014;<=10;0;0;>48;191.69;699.62;0;11/02/2014;13;12211.5;BT;1/01/2012;1;CNE
C00049;01/02/2014;<=10;>0;0;>48;1451.22;0;423.1;6/02/2014;12;19821;BT;1/01/2013;0;CNE
C00050;01/02/2014;<=10;>0;0;<24, 48;1167.02;0;0;3/02/2014;10;4593.46;BT;1/01/2012;0;CNE
C00051;01/02/2014;>10;0;1;<24, 48;403.76;0;0;5/02/2014;16;6409.44;BT;1/01/2011;1;CNE
C00052;01/02/2014;<=10;0;0;>48;608.59;1209.62;614.19;20/02/2014;16;13666.8;BT;1/01/2012;1;CNE
C00054;01/02/2014;>10;0;0;>48;47.23;1397.87;0;18/02/2014;19;40331.9;BT;1/01/2012;1;CNE
C00055;01/02/2014;<=10;0;0;<24, 48;21.66;0;795.75;19/02/2014;10;15737;BT;1/01/2013;1;CNE
C00056;01/02/2014;>10;0;0;<24, 48;663.18;664.63;658.93;13/02/2014;9;13791.5;BT;1/01/2012;1;COEF
C00057;01/02/2014;<=10;0;0;>48;358.04;0;0;20/02/2014;9;5777.9;BT;1/01/2010;1;CNE
C00058;01/02/2014;>10;0;0;<24, 48;151.27;0;153.89;3/02/2014;15;1884.98;BT;1/01/2012;1;CNE
C00060;01/02/2014;<=10;>0;0;<=24;621.97;632.01;637.7;14/02/2014;17;621.3;BT;1/01/2013;0;COEF
C00061;01/02/2014;<=10;0;0;>48;408.37;1170.67;1165.31;13/02/2014;9;14789.7;BT;1/01/2011;1;CNE
C00062;01/02/2014;<=10;>0;0;<=24;47.29;0;0;19/02/2014;9;1731.19;BT;1/01/2012;1;COEF
C00064;01/02/2014;<=10;0;0;>48;332.77;0;333.15;11/02/2014;13;2994.43;BT;1/01/2010;1;CNE
C00065;01/02/2014;<=10;>0;0;>48;733.41;735.75;0;4/02/2014;16;16281.8;BT;1/01/2012;1;CNE
C00066;01/02/2014;>10;0;0;>48;1941.43;1.72;0;3/02/2014;10;66469.5;BT;1/01/2012;1;COEF
C00067;01/02/2014;<=10;0;0;<24, 48;131.7;263.74;264.18;24/02/2014;14;3090.25;BT;1/01/2013;1;CNE
C00069;01/02/2014;<=10;0;0;>48;2028.47;3047.2;0;11/02/2014;9;26481.1;BT;1/01/2013;1;COEF
C00071;01/02/2014;<=10;0;0;<24, 48;2305.97;0;0;28/02/2014;8;20515;BT;1/01/2013;0;CNE
C00072;01/02/2014;<=10;0;0;>48;1518.39;0;0;5/02/2014;19;22994.3;BT;1/01/2013;0;CNE
C00073;01/02/2014;>10;0;0;>48;715.94;0;357.28;13/02/2014;15;5443.86;BT;1/01/2011;0;COEF
C00074;01/02/2014;<=10;0;0;<24, 48;746.32;0;0;3/02/2014;18;16525.5;BT;1/01/2013;1;CNE
C00075;01/02/2014;<=10;>0;0;<24, 48;1569.31;0;0;11/02/2014;12;18654.2;BT;1/01/2012;0;CNE
C00077;01/02/2014;<=10;0;0;<24, 48;502.29;0;0;19/02/2014;8;13167.5;BT;1/01/2013;1;COEF
C00078;01/02/2014;>10;0;0;<24, 48;123.64;651.18;1095.72;11/02/2014;12;19009.7;BT;1/01/2011;1;COEF
C00080;01/02/2014;>10;0;0;>48;1642.75;0;0;6/02/2014;17;12496;BT;1/01/2012;0;CNE
C00081;01/02/2014;<=10;0;0;<24, 48;253.19;253;254.08;26/02/2014;16;2739.17;BT;1/01/2012;1;CNE
C00082;01/02/2014;>10;0;0;>48;457.07;922.7;1393.47;7/02/2014;14;10292.9;BT;1/01/2012;1;CNE
C00083;01/02/2014;>10;0;0;<24, 48;108.91;0;0;11/02/2014;7;1577.7;BT;1/01/2012;1;COEF
C00084;01/02/2014;<=10;>0;0;<24, 48;348.65;348.65;0;27/02/2014;8;4922.87;BT;1/01/2011;1;COEF
C00085;01/02/2014;<=10;0;0;<24, 48;230.48;228.77;232.68;6/02/2014;20;3037.76;BT;1/01/2012;1;COEF
C00087;01/02/2014;>10;0;0;<24, 48;321.87;198.05;228.74;5/02/2014;12;8117.28;BT;1/01/2011;1;CNE
C00088;01/02/2014;<=10;0;0;>48;859.02;1725.94;0;7/02/2014;9;24734.5;BT;1/01/2013;1;COEF
C00089;01/02/2014;>10;0;0;>48;120.89;120.97;121;12/02/2014;9;1486.35;BT;1/01/2011;1;CNE
C00090;01/02/2014;>10;0;0;<24, 48;266.61;0;0;6/02/2014;12;1034.77;BT;1/01/2011;1;COEF
C00091;01/02/2014;<=10;0;0;<24, 48;426.16;425.53;0;14/02/2014;11;2810.4;BT;1/01/2011;1;COEF
C00092;01/02/2014;<=10;0;0;<24, 48;1898.43;0;0;5/02/2014;16;12572.7;BT;1/01/2011;0;COEF
C00093;01/02/2014;>10;0;0;>48;366.64;366.16;362.61;4/02/2014;7;1042.37;BT;1/01/2011;1;COEF
C00094;01/02/2014;<=10;0;0;>48;461.3;460.51;0;13/02/2014;9;7044.12;BT;1/01/2011;1;CNE
C00095;01/02/2014;<=10;0;0;>48;1839.93;1899.59;0;5/02/2014;18;62973.1;BT;1/01/2013;1;CNE
C00096;01/02/2014;>10;>0;0;>48;455.28;0;0;14/02/2014;12;9310.3;BT;1/01/2012;1;COEF
C00099;01/02/2014;<=10;0;0;<24, 48;2540.53;0;0;7/02/2014;14;47253.7;BT;1/01/2011;1;CNE
C00100;01/02/2014;>10;0;0;>48;1494.37;1424.89;0;4/02/2014;17;51194.3;BT;1/01/2011;1;COEF
C00101;01/02/2014;<=10;0;0;>48;2447.99;0;137.21;4/02/2014;9;73059.9;BT;1/01/2013;1;COEF
C00102;01/02/2014;<=10;0;0;<24, 48;165.8;0;0;25/02/2014;10;14537.4;BT;1/01/2013;1;CNE
C00103;01/02/2014;<=10;>0;0;>48;2664.09;0;0;28/02/2014;20;49529.6;BT;1/01/2013;0;CNE
C00104;01/02/2014;>10;0;0;>48;138.89;108.32;0;3/02/2014;15;3990.31;BT;1/01/2011;1;CNE
C00105;01/02/2014;<=10;0;0;<24, 48;184.62;0;174;6/02/2014;8;5361.23;BT;1/01/2013;1;CNE
C00106;01/02/2014;<=10;0;0;>48;877.75;0.52;0;4/02/2014;14;25731.5;BT;1/01/2013;1;COEF
C00107;01/02/2014;<=10;0;0;<24, 48;2479.12;0;0;20/02/2014;17;24952.8;BT;1/01/2012;0;CNE
C00108;01/02/2014;<=10;0;0;<24, 48;438.61;0;0;4/02/2014;7;10213;BT;1/01/2012;1;COEF
C00109;01/02/2014;<=10;0;0;>48;1227.91;0;0;3/02/2014;8;45741;BT;1/01/2013;1;CNE
C00110;01/02/2014;<=10;0;0;>48;317.91;0;358.43;25/02/2014;8;6662.66;BT;1/01/2012;1;CNE
C00111;01/02/2014;<=10;0;0;<=24;315.33;633.91;956.46;11/02/2014;9;3196.97;BT;1/01/2013;1;CNE
C00112;01/02/2014;<=10;>0;0;>48;1219.04;0;0;27/02/2014;7;4069.57;BT;1/01/2010;0;COEF
C00113;01/02/2014;<=10;0;0;>48;42.17;304.87;50.9;11/02/2014;15;5109.12;BT;1/01/2011;1;CNE
C00114;01/02/2014;<=10;0;0;<24, 48;990.14;0;0;12/02/2014;14;28213.8;BT;1/01/2013;1;CNE
C00116;01/02/2014;<=10;>0;0;<24, 48;301.82;82.91;303.95;14/02/2014;14;4285.29;BT;1/01/2012;1;CNE
C00117;01/02/2014;>10;>0;0;<24, 48;804.7;939.91;108.24;13/02/2014;16;22292;BT;1/01/2012;1;COEF
C00118;01/02/2014;<=10;0;0;<24, 48;636.92;638.95;1281.45;10/02/2014;7;16359.7;BT;1/01/2012;1;COEF
C00121;01/02/2014;<=10;0;0;<=24;630.6;636.63;0;20/02/2014;18;629.93;BT;1/01/2013;0;CNE
C00122;01/02/2014;<=10;0;0;<24, 48;775.63;772.88;1163.29;18/02/2014;19;4533.27;BT;1/01/2011;0;CNE
C00123;01/02/2014;>10;0;0;>48;435.02;434.94;0;18/02/2014;12;7286.48;BT;1/01/2011;1;CNE
C00124;01/02/2014;<=10;0;0;<24, 48;1409.41;0;0;21/02/2014;17;12255.2;BT;1/01/2013;0;CNE
C00125;01/02/2014;<=10;0;0;<24, 48;845.4;845.57;842.01;12/02/2014;16;11482.9;BT;1/01/2011;1;COEF
C00126;01/02/2014;<=10;0;0;<24, 48;38.64;0;0;5/02/2014;7;4879.99;BT;1/01/2013;1;COEF
C00128;01/02/2014;<=10;0;0;<24, 48;183.05;0;1443.78;7/02/2014;12;45493.5;BT;1/01/2013;1;COEF
C00129;01/02/2014;<=10;>0;0;<=24;1647.43;605.73;1218.41;12/02/2014;10;10177.2;BT;1/01/2013;0;COEF
C00130;01/02/2014;<=10;>0;0;>48;3133.46;0;0;28/02/2014;18;32661.3;BT;1/01/2013;0;CNE
C00131;01/02/2014;<=10;0;0;<24, 48;205.89;0;0;7/02/2014;9;10143.5;BT;1/01/2012;1;COEF
C00132;01/02/2014;<=10;0;0;<24, 48;777.96;777.4;0;19/02/2014;7;23721.2;BT;1/01/2013;1;COEF
C00133;01/02/2014;<=10;0;0;>48;168.29;0;0;5/02/2014;14;22581.8;BT;1/01/2013;1;CNE
C00135;01/02/2014;<=10;0;0;<24, 48;683.01;0;0;18/02/2014;12;16507.1;BT;1/01/2013;1;COEF
C00136;01/02/2014;>10;0;0;<24, 48;116.91;0;130.98;3/02/2014;15;1637.96;BT;1/01/2012;1;COEF
C00137;01/02/2014;<=10;0;0;<=24;506.22;0;0;3/02/2014;12;4218.25;BT;1/01/2013;1;COEF
C00139;01/02/2014;<=10;>0;0;<24, 48;248.47;329.63;164.38;27/02/2014;16;2891.52;BT;1/01/2012;0;COEF
C00141;01/02/2014;<=10;0;0;>48;310.15;506.6;0;11/02/2014;7;10440.7;BT;1/01/2012;1;COEF
C00142;01/02/2014;>10;0;0;>48;553.72;316.99;109.39;11/02/2014;7;18274.9;BT;1/01/2011;1;COEF
C00143;01/02/2014;<=10;0;0;>48;2587.07;0;0;5/02/2014;13;12707.2;BT;1/01/2011;0;CNE
C00145;01/02/2014;<=10;>0;0;<24, 48;356.02;356.02;0;18/02/2014;11;9343.63;BT;1/01/2013;1;COEF
C00146;01/02/2014;>10;0;0;>48;291.87;786.27;0;5/02/2014;17;17007.6;BT;1/01/2012;1;CNE
C00147;01/02/2014;<=10;>0;0;<=24;92.65;188.08;377.94;12/02/2014;9;2689.35;BT;1/01/2013;1;COEF
C00148;01/02/2014;<=10;0;0;<24, 48;261.01;257.8;0;3/02/2014;14;1191.74;BT;1/01/2011;1;CNE
C00150;01/02/2014;>10;0;0;<24, 48;197.49;2.12;186.62;17/02/2014;13;4601.97;BT;1/01/2012;1;COEF
C00151;01/02/2014;>10;0;0;<24, 48;397.36;0;0;6/02/2014;14;8023.8;BT;1/01/2012;1;CNE
C00152;01/02/2014;<=10;0;0;>48;196.64;0;313.34;3/02/2014;15;8184.78;BT;1/01/2013;1;COEF
C00154;01/02/2014;<=10;0;0;<=24;735.42;740.86;0;21/02/2014;19;734.65;BT;1/01/2013;0;CNE
C00155;01/02/2014;<=10;0;0;>48;566.45;0;0;7/02/2014;9;14458.9;BT;1/01/2012;1;COEF
C00157;01/02/2014;<=10;0;0;>48;407.92;0;0;25/02/2014;10;9920.25;BT;1/01/2013;0;CNE
C00158;01/02/2014;>10;0;0;<24, 48;276.88;0;0;3/02/2014;13;5718.96;BT;1/01/2011;1;COEF
C00159;01/02/2014;<=10;0;0;>48;983.64;0;0;19/02/2014;18;44066.8;BT;1/01/2012;1;COEF
C00160;01/02/2014;<=10;0;0;<24, 48;1297.78;0;0;6/02/2014;11;9145.02;BT;1/01/2013;0;CNE
C00162;01/02/2014;<=10;0;0;>48;321.57;321.69;221.48;6/02/2014;14;7562.75;BT;1/01/2012;1;COEF
C00164;01/02/2014;<=10;0;0;<24, 48;735.15;0;0;20/02/2014;8;4815.32;BT;1/01/2013;0;COEF
C00165;01/02/2014;>10;0;0;<24, 48;300.04;300.59;300.83;5/02/2014;9;5388.72;BT;1/01/2011;1;COEF
C00168;01/02/2014;<=10;0;0;>48;502.72;0;0;4/02/2014;12;12574.9;BT;1/01/2013;1;CNE
C00169;01/02/2014;<=10;0;0;>48;350.2;288.88;351.34;7/02/2014;15;7176.16;BT;1/01/2012;1;COEF
C00170;01/02/2014;<=10;0;0;<24, 48;650.47;619.57;617.13;24/02/2014;16;8684.43;BT;1/01/2011;0;COEF
C00171;01/02/2014;<=10;0;0;<24, 48;189.77;0.31;190.31;14/02/2014;11;3753.99;BT;1/01/2012;1;CNE
C00172;01/02/2014;>10;0;0;<24, 48;854.36;1432.02;0;7/02/2014;8;10231.9;BT;1/01/2012;0;CNE
C00175;01/02/2014;<=10;>0;0;<24, 48;627.06;1321.46;0;14/02/2014;12;20149;BT;1/01/2012;0;COEF
C00177;01/02/2014;<=10;0;0;<=24;567.83;576.25;0;14/02/2014;16;5409.32;BT;1/01/2012;1;CNE
C00178;01/02/2014;<=10;>0;0;<24, 48;3935.02;3938.06;5260.39;5/02/2014;14;35720.3;BT;1/01/2013;0;COEF
C00179;01/02/2014;<=10;0;0;<24, 48;281.04;0;87.58;13/02/2014;8;3956.03;BT;1/01/2012;1;CNE
C00180;01/02/2014;>10;0;0;>48;612.29;1978.9;2263.14;10/02/2014;11;33222.4;BT;1/01/2011;1;CNE
C00181;01/02/2014;>10;0;0;<24, 48;670.62;1157.7;0;17/02/2014;7;28372.4;BT;1/01/2012;1;COEF
C00182;01/02/2014;<=10;0;0;<24, 48;866.99;0;0;20/02/2014;11;8899.63;BT;1/01/2012;0;CNE
C00183;01/02/2014;<=10;0;0;<24, 48;333.5;332.57;3.83;7/02/2014;18;6310.46;BT;1/01/2013;1;COEF
C00184;01/02/2014;<=10;0;0;<24, 48;1999.51;0;0;12/02/2014;13;67685.3;BT;1/01/2012;1;COEF
C00186;01/02/2014;<=10;0;0;<=24;555.38;261.51;0;5/02/2014;17;555.67;BT;1/01/2013;0;CNE
C00187;01/02/2014;<=10;0;0;<=24;300.92;453.54;608.15;12/02/2014;15;1350.95;BT;1/01/2012;0;CNE
C00188;01/02/2014;>10;0;0;<24, 48;289.39;289.93;289.13;5/02/2014;15;5435.37;BT;1/01/2012;1;COEF
C00189;01/02/2014;<=10;0;0;>48;669.64;0;0;24/02/2014;8;71472.4;BT;1/01/2012;1;CNE
C00190;01/02/2014;<=10;0;0;>48;795.82;0;0;4/02/2014;14;69867.7;BT;1/01/2012;1;CNE
C00192;01/02/2014;<=10;0;0;<24, 48;151.96;0;0;3/02/2014;11;1951.22;BT;1/01/2012;1;COEF
C00193;01/02/2014;<=10;0;0;<24, 48;101.02;87.23;0;3/02/2014;15;3581.74;BT;1/01/2013;1;CNE
C00194;01/02/2014;<=10;0;0;<24, 48;219;153.74;153.53;7/02/2014;15;3381.32;BT;1/01/2012;1;COEF
C00195;01/02/2014;<=10;0;0;<=24;253.35;0;0;6/02/2014;13;5015.85;BT;1/01/2013;1;COEF
C00196;01/02/2014;>10;>0;0;<24, 48;158.2;239.91;0;25/02/2014;9;2652.41;BT;1/01/2012;1;COEF
C00197;01/02/2014;<=10;>0;1;<24, 48;2377.84;0;0;10/02/2014;13;21615.2;BT;1/01/2013;0;COEF
C00199;01/02/2014;>10;0;0;<24, 48;155.08;156.69;155.67;7/02/2014;11;1338.89;BT;1/01/2011;1;COEF
C00203;01/02/2014;<=10;0;0;<=24;266.45;266.46;266.55;19/02/2014;11;1268.52;BT;1/01/2011;1;CNE
C00204;01/02/2014;<=10;0;0;<24, 48;1197.02;1701.98;0;25/02/2014;19;14819.4;BT;1/01/2013;0;COEF
C00205;01/02/2014;<=10;>0;1;<24, 48;1271.19;0;0;24/02/2014;7;10575.4;BT;1/01/2013;0;COEF
C00206;01/02/2014;<=10;0;0;<24, 48;945.73;960.47;962.83;3/02/2014;7;19866.1;BT;1/01/2013;1;CNE
C00207;01/02/2014;<=10;>0;0;<24, 48;838.92;0;0;7/02/2014;11;8572.74;BT;1/01/2012;0;CNE
C00209;01/02/2014;<=10;0;0;<24, 48;702.11;911.18;0;5/02/2014;7;28357.1;BT;1/01/2013;1;COEF
C00210;01/02/2014;>10;>0;1;<24, 48;2531.77;0;0;4/02/2014;10;17017.9;BT;1/01/2012;0;CNE
C00212;01/02/2014;<=10;0;0;<24, 48;301.29;0;0;20/02/2014;8;13216.3;BT;1/01/2013;1;CNE
C00213;01/02/2014;>10;0;0;<24, 48;575.88;568.07;1171.46;19/02/2014;13;4472.66;BT;1/01/2011;1;CNE
C00214;01/02/2014;<=10;0;0;<24, 48;571.22;561.78;562.02;7/02/2014;11;10527.3;BT;1/01/2013;1;CNE
C00216;01/02/2014;>10;0;0;>48;513.39;508.4;0;4/02/2014;14;7013.97;BT;1/01/2011;1;CNE
C00218;01/02/2014;>10;0;0;<24, 48;136.18;204.33;0;20/02/2014;17;4683.74;BT;1/01/2012;1;CNE
C00219;01/02/2014;<=10;0;0;>48;242.7;0;145.22;11/02/2014;15;14710.2;BT;1/01/2011;1;COEF
C00220;01/02/2014;>10;0;0;>48;1951.03;0;0;21/02/2014;8;45789.5;BT;1/01/2011;1;COEF
C00222;01/02/2014;<=10;0;0;<24, 48;434.15;24.35;232.7;18/02/2014;8;9815.12;BT;1/01/2011;1;COEF
C00223;01/02/2014;>10;>0;0;<24, 48;244.7;173.22;176.96;28/02/2014;9;6770.65;BT;1/01/2011;1;COEF
C00224;01/02/2014;>10;0;0;>48;436.78;437.38;875.81;6/02/2014;13;5602.74;BT;1/01/2011;1;COEF
C00225;01/02/2014;<=10;0;0;>48;354.08;0;545.96;10/02/2014;18;13628.6;BT;1/01/2013;1;CNE
C00226;01/02/2014;<=10;0;0;<24, 48;365.86;0;0;13/02/2014;9;18745.5;BT;1/01/2012;1;CNE
C00228;01/02/2014;<=10;0;0;<24, 48;805.33;808.08;0;13/02/2014;13;21670.3;BT;1/01/2012;1;CNE
C00230;01/02/2014;<=10;0;0;>48;261.17;59.48;188.93;4/02/2014;9;8151.22;BT;1/01/2013;1;CNE
C00231;01/02/2014;>10;0;0;>48;217.64;0;319.05;3/02/2014;12;1265.01;BT;1/01/2010;1;COEF
C00232;01/02/2014;>10;0;0;<24, 48;1921.96;0.83;0;3/02/2014;8;49776.3;BT;1/01/2012;1;COEF
C00233;01/02/2014;>10;0;0;>48;2275.98;0;0;3/02/2014;10;24549.5;BT;1/01/2012;0;CNE
C00235;01/02/2014;>10;0;0;<24, 48;303.93;547.9;0;7/02/2014;8;13721.6;BT;1/01/2011;1;CNE
C00238;01/02/2014;<=10;0;0;>48;2039.22;0;0;6/02/2014;10;33717.1;BT;1/01/2010;1;CNE
C00239;01/02/2014;>10;0;0;<24, 48;303.2;607.81;306.94;28/02/2014;11;1494.54;BT;1/01/2011;1;COEF
C00240;01/02/2014;>10;0;0;>48;806.11;0;0;3/02/2014;16;16219.5;BT;1/01/2011;1;CNE
C00241;01/02/2014;<=10;>0;0;<24, 48;1691.43;848.46;1693.96;21/02/2014;12;41868.7;BT;1/01/2012;1;CNE
C00242;01/02/2014;<=10;0;0;>48;36.62;1.52;830.37;3/02/2014;8;24563.8;BT;1/01/2013;1;COEF
C00243;01/02/2014;>10;0;0;<24, 48;269.77;0;0;3/02/2014;13;2368.32;BT;1/01/2011;1;COEF
C00244;01/02/2014;>10;0;0;<24, 48;107.6;0;0;3/02/2014;11;1053.34;BT;1/01/2011;1;COEF
C00245;01/02/2014;<=10;0;0;<24, 48;206.47;207.4;208.85;20/02/2014;11;16959.1;BT;1/01/2013;1;CNE
C00246;01/02/2014;>10;0;0;>48;178.62;179.19;13.67;24/02/2014;10;4384.85;BT;1/01/2012;1;COEF
C00248;01/02/2014;>10;0;0;<24, 48;1415.2;1418.21;0;19/02/2014;13;31804;BT;1/01/2012;1;COEF
C00249;01/02/2014;<=10;0;0;>48;776.12;0;0;3/02/2014;12;30087.9;BT;1/01/2013;1;COEF
C00252;01/02/2014;<=10;0;0;<24, 48;61.64;0;0;5/02/2014;15;10845.2;BT;1/01/2012;1;COEF
C00253;01/02/2014;<=10;0;0;<24, 48;481.51;479.84;965.2;7/02/2014;7;3756.57;BT;1/01/2011;1;COEF
C00254;01/02/2014;<=10;0;0;>48;1480.06;1491.15;1509.31;14/02/2014;12;46894.9;BT;1/01/2012;1;CNE
C00255;01/02/2014;<=10;0;0;<24, 48;402.03;804.17;404.82;26/02/2014;19;3298.32;BT;1/01/2011;0;COEF
C00256;01/02/2014;<=10;0;0;<24, 48;99.42;48.54;0;7/02/2014;7;5365.6;BT;1/01/2013;1;COEF
C00257;01/02/2014;<=10;0;0;<24, 48;178.24;0;0;3/02/2014;14;4847.26;BT;1/01/2013;1;CNE
C00258;01/02/2014;>10;0;0;<24, 48;419.79;418.11;415.89;17/02/2014;12;2823.36;BT;1/01/2011;1;CNE
C00259;01/02/2014;<=10;0;0;>48;724.5;1453.47;2191.52;3/02/2014;12;19786.5;BT;1/01/2012;1;CNE
C00262;01/02/2014;<=10;0;0;>48;320.87;245.76;319.48;7/02/2014;9;10106.8;BT;1/01/2013;1;CNE
C00263;01/02/2014;<=10;0;0;<24, 48;45.01;39.02;175.34;20/02/2014;14;2073.56;BT;1/01/2012;1;CNE
C00265;01/02/2014;<=10;0;0;>48;24.43;0;0;6/02/2014;15;34013.9;BT;1/01/2013;1;COEF
C00266;01/02/2014;<=10;>0;0;<24, 48;1536.77;0;0;10/02/2014;7;7883.01;BT;1/01/2012;0;CNE
C00268;01/02/2014;>10;0;0;<24, 48;138.62;100.94;0.12;4/02/2014;7;1382.05;BT;1/01/2011;1;COEF
C00269;01/02/2014;>10;0;1;>48;152.46;0;0;11/02/2014;15;4162.02;BT;1/01/2011;1;COEF
C00270;01/02/2014;<=10;>0;0;<24, 48;608.95;915.38;915.38;4/02/2014;15;6006.18;BT;1/01/2013;0;CNE
C00271;01/02/2014;<=10;0;0;<24, 48;647.37;0;648.13;19/02/2014;20;18500.5;BT;1/01/2013;1;COEF
C00272;01/02/2014;<=10;0;0;>48;536.14;0;0;6/02/2014;7;34399.2;BT;1/01/2013;1;COEF
C00273;01/02/2014;<=10;0;0;>48;1479.94;479.95;479.95;28/02/2014;8;75634.7;BT;1/01/2013;1;CNE
C00274;01/02/2014;<=10;0;0;<=24;212.58;0;0;3/02/2014;12;2916.74;BT;1/01/2013;1;COEF
C00275;01/02/2014;<=10;0;0;>48;260.15;260.15;260.34;7/02/2014;8;5763.22;BT;1/01/2013;1;COEF
C00276;01/02/2014;<=10;0;0;<24, 48;180.38;0;0;10/02/2014;12;18446.4;BT;1/01/2013;1;COEF
C00277;01/02/2014;>10;0;0;<24, 48;230.21;222.6;38.62;11/02/2014;12;1220.26;BT;1/01/2011;1;CNE
C00278;01/02/2014;>10;0;0;<24, 48;424.95;424.47;424.44;26/02/2014;17;10245.9;BT;1/01/2012;1;CNE
C00279;01/02/2014;<=10;0;0;<=24;165.79;0;0;5/02/2014;11;1743.65;BT;1/01/2013;1;CNE
C00280;01/02/2014;>10;0;0;>48;22.7;0;0;6/02/2014;18;2836.26;BT;1/01/2011;1;COEF
C00281;01/02/2014;>10;>0;0;<24, 48;1264.28;0;0;12/02/2014;12;7452.32;BT;1/01/2012;0;CNE
C00282;01/02/2014;>10;>0;1;<24, 48;316.87;639.86;645.23;21/02/2014;19;5613.95;BT;1/01/2013;1;CNE
C00284;01/02/2014;<=10;0;0;>48;104.81;326.34;376.9;3/02/2014;15;793.19;BT;1/01/2010;1;COEF
C00285;01/02/2014;<=10;0;0;>48;1786.59;1242.92;1242.92;11/02/2014;14;22110.5;BT;1/01/2012;1;CNE
C00286;01/02/2014;>10;0;0;<24, 48;1264.69;0;0;13/02/2014;8;7348.21;BT;1/01/2011;0;CNE
C00289;01/02/2014;<=10;0;0;<24, 48;415.36;624.75;835.69;7/02/2014;12;3646.5;BT;1/01/2012;0;CNE
C00290;01/02/2014;<=10;0;0;<=24;975.05;0;0;14/02/2014;18;975.59;BT;1/01/2014;1;COEF
C00291;01/02/2014;<=10;0;0;<=24;115.44;0;0;5/02/2014;9;1844.68;BT;1/01/2013;1;COEF
C00292;01/02/2014;<=10;0;0;<24, 48;135.98;0;136.36;13/02/2014;14;3461.2;BT;1/01/2013;1;CNE
C00293;01/02/2014;<=10;>0;0;<=24;597.34;798.73;0;26/02/2014;16;2982.54;BT;1/01/2013;0;COEF
C00297;01/02/2014;<=10;0;0;<24, 48;646.44;0;0;6/02/2014;8;12406.2;BT;1/01/2012;1;COEF
C00298;01/02/2014;>10;0;0;<24, 48;363.79;361.05;0;4/02/2014;16;2632.92;BT;1/01/2011;1;CNE
C00299;01/02/2014;>10;>0;1;>48;1747.71;0;0;11/02/2014;7;19667.6;BT;1/01/2012;0;CNE
C00300;01/02/2014;<=10;0;0;<24, 48;367.05;949.46;951.11;24/02/2014;15;9735.06;BT;1/01/2011;1;CNE
C00301;01/02/2014;>10;0;0;<24, 48;160.98;169.77;140.77;14/02/2014;11;2015.24;BT;1/01/2011;1;CNE
C00302;01/02/2014;>10;0;0;>48;363.94;365.39;0;17/02/2014;7;6167.04;BT;1/01/2011;1;CNE
C00304;01/02/2014;<=10;0;0;<24, 48;1377.27;0;0;6/02/2014;11;12072.6;BT;1/01/2013;0;CNE
C00308;01/02/2014;<=10;0;0;<24, 48;658.55;738.27;693.3;10/02/2014;16;6950.82;BT;1/01/2011;1;CNE
C00309;01/02/2014;<=10;>0;0;>48;3742.2;0;0;11/02/2014;7;41434.3;BT;1/01/2013;0;CNE
C00310;01/02/2014;<=10;0;0;>48;840.58;0;0;3/02/2014;9;25173.7;BT;1/01/2013;1;COEF
C00311;01/02/2014;>10;>0;0;<24, 48;2608.04;2619.83;0;26/02/2014;14;64117.8;BT;1/01/2012;1;CNE
C00312;01/02/2014;<=10;0;0;<24, 48;236.03;76.41;217.48;18/02/2014;11;4046.54;BT;1/01/2012;1;CNE
C00313;01/02/2014;<=10;0;0;<24, 48;115.74;0;0;3/02/2014;12;5259.07;BT;1/01/2013;1;COEF
C00315;01/02/2014;<=10;0;0;<24, 48;1320.33;113.84;16.49;5/02/2014;17;43530.7;BT;1/01/2013;1;COEF
C00316;01/02/2014;<=10;>0;1;>48;550.65;0;0;13/02/2014;16;58166.8;BT;1/01/2011;1;COEF
C00317;01/02/2014;<=10;0;0;<24, 48;127.23;220.38;0;6/02/2014;8;3852.23;BT;1/01/2012;1;COEF
C00318;01/02/2014;<=10;0;0;<24, 48;300.05;0;0;7/02/2014;10;6817.22;BT;1/01/2011;1;COEF
C00320;01/02/2014;<=10;0;0;>48;764.25;0;0;4/02/2014;10;6693.98;BT;1/01/2012;0;CNE
C00321;01/02/2014;<=10;0;0;<=24;178.67;0;0;12/02/2014;7;1474.97;BT;1/01/2012;1;COEF
C00322;01/02/2014;<=10;0;0;>48;342.35;0;347.68;4/02/2014;15;5837.84;BT;1/01/2011;1;CNE
C00323;01/02/2014;<=10;0;0;>48;765.07;482.19;34.81;17/02/2014;13;8489.96;BT;1/01/2013;0;CNE
C00324;01/02/2014;>10;0;0;>48;44.53;50.25;56.72;17/02/2014;11;5632.44;BT;1/01/2012;1;CNE
C00325;01/02/2014;>10;0;0;<24, 48;2191.63;615.1;1204.94;18/02/2014;15;23339.8;BT;1/01/2012;0;CNE
C00327;01/02/2014;<=10;0;0;<24, 48;554.13;553.93;557.33;18/02/2014;13;15171.3;BT;1/01/2012;1;CNE
C00328;01/02/2014;>10;>0;0;<24, 48;3345.78;0;3432.44;20/02/2014;11;17773.5;BT;1/01/2012;0;COEF
C00329;01/02/2014;<=10;0;0;<24, 48;233.16;0;0;28/02/2014;9;79695.9;BT;1/01/2013;1;CNE
C00330;01/02/2014;<=10;0;0;>48;637.44;630.72;632.22;14/02/2014;7;15281.5;BT;1/01/2013;1;CNE
C00331;01/02/2014;<=10;0;0;<24, 48;1538.28;1025.32;0;28/02/2014;11;2633.15;BT;1/01/2011;0;CNE
C00333;01/02/2014;<=10;0;0;<24, 48;587.06;353.83;184.15;14/02/2014;10;15106.8;BT;1/01/2012;1;CNE
C00334;01/02/2014;<=10;0;0;<24, 48;236.03;0;437.4;3/02/2014;11;15373.5;BT;1/01/2013;1;COEF
C00335;01/02/2014;>10;>0;1;<24, 48;480.27;480.3;0;12/02/2014;9;7580.3;BT;1/01/2012;1;COEF
C00336;01/02/2014;<=10;0;0;>48;367.46;0;0;4/02/2014;16;17551.9;BT;1/01/2013;1;CNE
C00337;01/02/2014;<=10;0;0;<=24;570.67;457.21;165;20/02/2014;14;569.34;BT;1/01/2012;1;CNE
C00338;01/02/2014;>10;0;0;<24, 48;189.22;374.68;0;17/02/2014;7;3732.35;BT;1/01/2012;1;COEF
C00339;01/02/2014;<=10;0;0;<=24;91.47;0;0;12/02/2014;12;1543.75;BT;1/01/2013;1;CNE
C00340;01/02/2014;<=10;>0;0;<24, 48;634.42;0;0;20/02/2014;19;5593.23;BT;1/01/2012;0;COEF
C00342;01/02/2014;<=10;0;0;>48;599.77;0;0;10/02/2014;19;20164.6;BT;1/01/2012;1;COEF
C00343;01/02/2014;>10;0;0;<24, 48;767.75;363.45;509.06;12/02/2014;13;20181.7;BT;1/01/2012;1;CNE
C00344;01/02/2014;<=10;>0;0;<24, 48;544.64;88.57;359.05;19/02/2014;10;1539.75;BT;1/01/2010;0;CNE
C00346;01/02/2014;<=10;0;0;<24, 48;570.64;0;0;13/02/2014;11;5817.88;BT;1/01/2013;0;COEF
C00348;01/02/2014;>10;0;0;>48;613.51;618.19;0;3/02/2014;9;13542.2;BT;1/01/2012;1;COEF
C00350;01/02/2014;<=10;>0;0;>48;1556.68;0;0;19/02/2014;8;29089;BT;1/01/2011;1;COEF
C00351;01/02/2014;<=10;0;0;>48;1688.73;3456.23;5243.34;26/02/2014;11;58944.7;BT;1/01/2012;1;CNE
C00352;01/02/2014;<=10;0;0;<24, 48;285.19;285.89;823.42;4/02/2014;9;11319.9;BT;1/01/2013;1;CNE
C00353;01/02/2014;>10;0;0;>48;1185.7;0;0;5/02/2014;16;12395;BT;1/01/2011;0;CNE
C00354;01/02/2014;>10;0;0;<=24;329.95;0;0;21/02/2014;14;3014.88;BT;1/01/2012;1;CNE
C00355;01/02/2014;<=10;0;0;<=24;239.9;0;0;3/02/2014;13;2717.83;BT;1/01/2013;1;COEF
C00356;01/02/2014;<=10;0;0;<24, 48;157.34;232.26;233.45;3/02/2014;14;5870.3;BT;1/01/2012;1;COEF
C00357;01/02/2014;<=10;0;0;<=24;66.74;0;0;6/02/2014;15;1852.37;BT;1/01/2013;1;CNE
C00358;01/02/2014;>10;>0;0;<24, 48;772.14;1578.54;0;10/02/2014;19;13160.9;BT;1/01/2012;1;COEF
C00359;01/02/2014;>10;0;0;<24, 48;487.84;493.57;0;6/02/2014;10;6692.74;BT;1/01/2011;1;CNE
C00360;01/02/2014;>10;0;0;<24, 48;232.34;258.43;539.67;4/02/2014;9;20661;BT;1/01/2012;1;CNE
C00362;01/02/2014;<=10;0;0;>48;141.5;258.2;0;3/02/2014;8;62537.4;BT;1/01/2013;1;CNE
C00364;01/02/2014;>10;0;0;>48;122.23;62.91;0;21/02/2014;11;11274;BT;1/01/2011;1;CNE
C00365;01/02/2014;>10;>0;1;<24, 48;1676.32;1682.29;0;4/02/2014;17;1634.18;BT;1/01/2010;0;CNE
C00366;01/02/2014;<=10;0;0;<24, 48;108.9;0;0;3/02/2014;11;2029.72;BT;1/01/2013;1;COEF
C00368;01/02/2014;<=10;0;0;>48;431.71;0;0;4/02/2014;7;17062.6;BT;1/01/2013;1;COEF
C00369;01/02/2014;<=10;>0;0;<24, 48;1061;1060.04;1056.79;11/02/2014;16;6914.38;BT;1/01/2013;0;CNE
C00370;01/02/2014;<=10;0;0;<24, 48;28.79;444.98;51.02;17/02/2014;9;7393.86;BT;1/01/2013;1;COEF
C00371;01/02/2014;<=10;0;0;<24, 48;1096.16;655.7;1762.02;24/02/2014;11;32626.1;BT;1/01/2013;1;COEF
C00372;01/02/2014;<=10;0;0;<24, 48;254.35;33.51;0;26/02/2014;9;2903.84;BT;1/01/2012;1;CNE
C00373;01/02/2014;<=10;0;0;>48;852.63;0;0;7/02/2014;11;38558.5;BT;1/01/2012;0;CNE
C00374;01/02/2014;<=10;>0;0;>48;1183.24;582.45;582.39;12/02/2014;10;13322.5;BT;1/01/2012;0;CNE
C00375;01/02/2014;>10;>0;1;>48;438.25;0;0;11/02/2014;10;6063.18;BT;1/01/2011;1;CNE
C00376;01/02/2014;>10;0;0;<24, 48;936.47;1877.59;0;14/02/2014;13;20946.1;BT;1/01/2012;1;CNE
C00377;01/02/2014;<=10;0;0;<24, 48;394.12;408.44;171.57;4/02/2014;14;8010.62;BT;1/01/2013;1;COEF
C00379;01/02/2014;<=10;0;0;<24, 48;678.69;0;0;21/02/2014;10;679.62;BT;1/01/2011;1;CNE
C00380;01/02/2014;<=10;0;0;<24, 48;508.55;252.02;506.23;6/02/2014;13;10671.1;BT;1/01/2012;1;CNE
C00381;01/02/2014;>10;0;0;<=24;533.08;806.4;1083.2;5/02/2014;10;2237.87;BT;1/01/2012;0;CNE
C00382;01/02/2014;>10;0;0;<24, 48;99.71;0;0;24/02/2014;10;1201.78;BT;1/01/2011;1;COEF
C00383;01/02/2014;>10;0;0;<24, 48;592.56;0;0;4/02/2014;10;5278.81;BT;1/01/2010;1;COEF
C00385;01/02/2014;<=10;0;0;<24, 48;336.38;0;0;3/02/2014;14;1591.12;BT;1/01/2011;1;COEF
C00386;01/02/2014;>10;0;0;<24, 48;458.2;688.31;688.31;4/02/2014;18;2615.13;BT;1/01/2011;0;COEF
C00387;01/02/2014;<=10;>0;0;<24, 48;724.24;480.56;585.09;5/02/2014;8;16131.9;BT;1/01/2012;0;COEF
C00388;01/02/2014;<=10;0;0;<24, 48;114.7;0;0;6/02/2014;14;2933.64;BT;1/01/2013;1;COEF
C00390;01/02/2014;>10;>0;1;<24, 48;838.9;840.41;0;14/02/2014;20;20104.7;BT;1/01/2012;1;CNE
C00392;01/02/2014;<=10;0;0;<24, 48;232.44;277.42;323.54;3/02/2014;13;8030.62;BT;1/01/2013;1;CNE
C00394;01/02/2014;>10;>0;0;>48;825.19;0;0;14/02/2014;20;6746.34;BT;1/01/2012;0;COEF
C00395;01/02/2014;<=10;0;0;<24, 48;812.29;0;0;17/02/2014;7;5335.16;BT;1/01/2012;0;CNE
C00396;01/02/2014;<=10;>0;0;<24, 48;1030.04;0;0;18/02/2014;14;33600.2;BT;1/01/2013;1;COEF
C00397;01/02/2014;<=10;0;0;<24, 48;889.55;2.95;0;13/02/2014;12;24531;BT;1/01/2013;1;CNE
C00398;01/02/2014;<=10;0;0;<24, 48;1094.54;0;0;21/02/2014;18;8903.82;BT;1/01/2013;0;CNE
C00399;01/02/2014;>10;0;0;<24, 48;284.93;489.9;504.41;10/02/2014;14;3101.43;BT;1/01/2011;1;COEF
C00400;01/02/2014;<=10;0;0;<24, 48;826.5;1177.42;2019.56;6/02/2014;14;19197.5;BT;1/01/2013;1;CNE
C00401;01/02/2014;<=10;>0;0;<24, 48;676.08;685.32;685.32;13/02/2014;9;11969;BT;1/01/2012;1;CNE
C00402;01/02/2014;<=10;0;0;<24, 48;321.77;0.22;0.22;21/02/2014;20;4232;BT;1/01/2012;1;CNE
C00403;01/02/2014;<=10;0;0;>48;1259.15;0;0;3/02/2014;14;63131.1;BT;1/01/2012;1;COEF
C00404;01/02/2014;<=10;0;0;<24, 48;117.93;62.36;150.4;12/02/2014;9;7733.54;BT;1/01/2013;1;CNE
C00406;01/02/2014;<=10;0;0;>48;115.36;116.06;109.83;7/02/2014;10;2854.91;BT;1/01/2013;1;CNE
C00409;01/02/2014;<=10;0;0;<=24;32.15;0;0;3/02/2014;12;1780.75;BT;1/01/2012;1;CNE
C00410;01/02/2014;<=10;>0;0;<24, 48;356.93;536.62;536.62;13/02/2014;13;3539.79;BT;1/01/2013;0;CNE
C00411;01/02/2014;<=10;0;0;<=24;82.13;0;146.26;7/02/2014;10;2687.45;BT;1/01/2013;1;CNE
C00412;01/02/2014;<=10;0;0;<24, 48;674.78;0;0;18/02/2014;13;10412.4;BT;1/01/2013;0;COEF
C00413;01/02/2014;<=10;0;0;<=24;2971.69;9.89;0;3/02/2014;17;37225.1;BT;1/01/2013;1;CNE
C00415;01/02/2014;<=10;0;0;<24, 48;365.93;366.22;0;4/02/2014;16;1073.23;BT;1/01/2010;1;CNE
C00416;01/02/2014;<=10;0;0;>48;972.05;0;0;4/02/2014;8;19113.7;BT;1/01/2011;1;COEF
C00418;01/02/2014;<=10;0;0;>48;263.81;0.71;0;4/02/2014;8;1368.74;BT;1/01/2011;0;CNE
C00419;01/02/2014;<=10;0;0;>48;890.73;1790.44;0;12/02/2014;13;22276.9;BT;1/01/2013;1;CNE
C00420;01/02/2014;<=10;0;0;<24, 48;508.37;517.19;0;3/02/2014;17;8667.53;BT;1/01/2011;1;COEF
C00421;01/02/2014;<=10;0;0;<24, 48;273.86;0;0;18/02/2014;15;2880.2;BT;1/01/2012;1;CNE
C00422;01/02/2014;<=10;0;0;>48;254.4;0;0;13/02/2014;17;992.02;BT;1/01/2011;1;CNE
C00423;01/02/2014;<=10;>0;0;<24, 48;4387.11;0;0;3/02/2014;18;35678.6;BT;1/01/2012;0;CNE
C00424;01/02/2014;<=10;0;0;<24, 48;135.69;0;0;3/02/2014;16;18155.7;BT;1/01/2013;1;CNE
C00425;01/02/2014;<=10;0;0;<24, 48;310.44;0;0;21/02/2014;7;7036.6;BT;1/01/2013;1;COEF
C00426;01/02/2014;<=10;>0;0;>48;382.89;787.19;388.4;24/02/2014;15;11415.6;BT;1/01/2013;1;COEF
C00427;01/02/2014;>10;0;0;>48;780.26;958.1;880.35;6/02/2014;12;55337.5;BT;1/01/2012;1;CNE
C00428;01/02/2014;<=10;0;0;<24, 48;108.76;0;0;10/02/2014;10;5306.4;BT;1/01/2013;1;CNE
C00429;01/02/2014;<=10;>0;0;>48;440.4;0;0;21/02/2014;19;13341.2;BT;1/01/2013;1;COEF
C00430;01/02/2014;<=10;0;0;<24, 48;462.85;0;0;6/02/2014;9;5403.23;BT;1/01/2013;0;COEF
C00431;01/02/2014;>10;0;0;<24, 48;309.72;0.5;0;26/02/2014;19;5048.53;BT;1/01/2012;1;CNE
C00432;01/02/2014;<=10;0;0;>48;1468.85;14.56;1457.48;3/02/2014;10;47750.7;BT;1/01/2012;1;CNE
C00433;01/02/2014;<=10;0;0;<24, 48;240.76;240.96;0;3/02/2014;12;1887.78;BT;1/01/2011;1;COEF
C00434;01/02/2014;<=10;0;0;>48;588.84;0.43;589.19;3/02/2014;8;4540.78;BT;1/01/2011;1;COEF
C00435;01/02/2014;<=10;>0;0;>48;2371.28;3362.27;0;20/02/2014;8;23206.3;BT;1/01/2012;0;CNE
C00436;01/02/2014;>10;0;0;<24, 48;243.33;487.41;734.38;18/02/2014;10;2804.43;BT;1/01/2012;1;CNE
C00437;01/02/2014;<=10;0;0;<24, 48;251.82;0;251.41;18/02/2014;17;4887.06;BT;1/01/2013;1;CNE
C00438;01/02/2014;<=10;>0;0;<24, 48;612.71;305.21;766;24/02/2014;7;1290.15;BT;1/01/2011;0;CNE
C00439;01/02/2014;<=10;0;0;>48;324.31;0;0;10/02/2014;14;8783.67;BT;1/01/2013;1;CNE
C00440;01/02/2014;<=10;0;0;>48;165.97;0;0;19/02/2014;15;17483.9;BT;1/01/2013;1;CNE
C00442;01/02/2014;<=10;>0;0;>48;178.62;0;330.82;12/02/2014;10;7830.16;BT;1/01/2013;1;COEF
C00443;01/02/2014;<=10;0;0;<24, 48;128.49;0;0;7/02/2014;16;3022.78;BT;1/01/2013;1;CNE
C00444;01/02/2014;<=10;0;0;<24, 48;1024.51;2226.85;1203.38;18/02/2014;16;34530.6;BT;1/01/2013;1;CNE
C00445;01/02/2014;>10;0;0;>48;1500.75;0;0;4/02/2014;15;47246;BT;1/01/2012;1;CNE
C00448;01/02/2014;<=10;0;0;<24, 48;97.97;308.86;312.91;3/02/2014;12;27129.2;BT;1/01/2013;1;COEF
C00449;01/02/2014;>10;0;0;<24, 48;739.32;740.13;0;3/02/2014;12;17048;BT;1/01/2012;1;CNE
C00450;01/02/2014;<=10;0;0;<24, 48;545.55;0;0;11/02/2014;17;9845.34;BT;1/01/2011;1;COEF
C00451;01/02/2014;>10;0;0;<24, 48;271.37;0;0;7/02/2014;13;14643.7;BT;1/01/2012;1;CNE
C00452;01/02/2014;<=10;0;0;>48;361.99;0;301.06;3/02/2014;15;10902.8;BT;1/01/2013;1;COEF
C00453;01/02/2014;<=10;>0;0;<24, 48;225.56;451.81;449.29;26/02/2014;9;3779.86;BT;1/01/2012;1;CNE
C00454;01/02/2014;<=10;0;0;<24, 48;316.67;0;0;3/02/2014;14;2576.16;BT;1/01/2011;1;CNE
C00455;01/02/2014;<=10;0;0;>48;2149.33;0;0;4/02/2014;7;21102.3;BT;1/01/2012;0;CNE
C00456;01/02/2014;>10;>0;0;<24, 48;965.82;0;0;12/02/2014;19;2888.07;BT;1/01/2010;0;CNE
C00457;01/02/2014;>10;0;0;<24, 48;242.03;0;1962.63;3/02/2014;16;32257.2;BT;1/01/2012;1;COEF
C00460;01/02/2014;<=10;0;0;<24, 48;574.26;190.73;0;11/02/2014;14;2943.04;BT;1/01/2011;0;CNE
C00462;01/02/2014;>10;>0;0;<24, 48;2176.63;0;0;28/02/2014;8;22296.5;BT;1/01/2011;0;COEF
C00463;01/02/2014;<=10;>0;0;<24, 48;1414.43;0;0;10/02/2014;13;15930.3;BT;1/01/2012;0;CNE
C00464;01/02/2014;<=10;0;0;<=24;1284.69;0;0;5/02/2014;9;19197.1;BT;1/01/2013;1;COEF
C00465;01/02/2014;<=10;>0;0;<24, 48;1066.75;0;0;4/02/2014;14;10520.8;BT;1/01/2013;0;CNE
C00467;01/02/2014;<=10;0;0;>48;249.29;241.49;236.18;3/02/2014;13;4549.39;BT;1/01/2013;1;COEF
C00468;01/02/2014;<=10;0;0;<24, 48;557.63;307.6;2.29;4/02/2014;13;16380.4;BT;1/01/2012;1;COEF
C00469;01/02/2014;>10;0;0;<24, 48;177.22;177.69;355.85;25/02/2014;9;1004.54;BT;1/01/2011;1;CNE
C00472;01/02/2014;<=10;0;0;<24, 48;231.83;0;231.85;20/02/2014;9;5737.77;BT;1/01/2013;1;CNE
C00473;01/02/2014;>10;0;0;>48;313.88;0;0;21/02/2014;9;8982.98;BT;1/01/2011;1;CNE
C00474;01/02/2014;<=10;>0;0;<24, 48;847.28;1699.43;2561.64;21/02/2014;7;16486.4;BT;1/01/2012;1;COEF
C00476;01/02/2014;>10;0;0;>48;504.67;0;0;17/02/2014;14;8950.87;BT;1/01/2011;1;CNE
C00477;01/02/2014;>10;0;0;<24, 48;544.12;0;0;3/02/2014;9;6054.33;BT;1/01/2011;1;CNE
C00478;01/02/2014;<=10;0;0;>48;343.54;244.43;588.79;28/02/2014;9;8516.9;BT;1/01/2013;1;CNE
C00479;01/02/2014;>10;>0;0;<24, 48;1025.4;1008.33;2046.9;25/02/2014;15;19176;BT;1/01/2012;1;COEF
C00481;01/02/2014;<=10;0;0;>48;1997.11;1979.67;1979.67;18/02/2014;10;79489;BT;1/01/2013;1;CNE
C00483;01/02/2014;<=10;>0;0;<24, 48;838.15;414.26;833.86;26/02/2014;20;9279.25;BT;1/01/2013;0;CNE
C00486;01/02/2014;<=10;0;0;>48;927.1;0;0;4/02/2014;13;18988.6;BT;1/01/2011;1;COEF
C00488;01/02/2014;>10;0;0;<24, 48;275.81;272;548.65;28/02/2014;16;1344.44;BT;1/01/2011;1;CNE
C00490;01/02/2014;<=10;0;0;<24, 48;1023.53;2056.23;1036;25/02/2014;11;19387.6;BT;1/01/2011;1;CNE
C00493;01/02/2014;>10;0;0;<24, 48;1568.41;0;0;20/02/2014;15;23078.6;BT;1/01/2012;1;COEF
C00494;01/02/2014;>10;0;0;<24, 48;207.39;445.07;0;27/02/2014;11;9483.94;BT;1/01/2012;1;CNE
C00496;01/02/2014;<=10;>0;1;<24, 48;245.92;48.19;225.77;21/02/2014;15;6921.28;BT;1/01/2013;1;CNE
C00498;01/02/2014;<=10;0;0;<24, 48;140.68;229.9;270.26;7/02/2014;7;9776;BT;1/01/2012;1;COEF
C00500;01/02/2014;>10;0;0;<24, 48;1455.74;1558.49;0;10/02/2014;14;2918.27;BT;1/01/2011;1;COEF
C00501;01/02/2014;>10;>0;0;<24, 48;440.57;11.6;0;18/02/2014;16;5696.02;BT;1/01/2011;1;COEF
C00503;01/02/2014;<=10;0;0;<24, 48;841.71;0;0;3/02/2014;10;15263.2;BT;1/01/2012;1;CNE
C00505;01/02/2014;<=10;0;0;<=24;875.23;0;0;24/02/2014;18;874.27;BT;1/01/2014;1;CNE
C00506;01/02/2014;<=10;0;0;<24, 48;811.74;0;0;6/02/2014;8;20445.9;BT;1/01/2013;1;COEF
C00507;01/02/2014;<=10;0;0;>48;252.67;449.4;0;10/02/2014;12;14301.2;BT;1/01/2011;1;COEF
C00508;01/02/2014;>10;0;0;>48;52.32;1040.14;164.05;4/02/2014;16;2755.77;BT;1/01/2012;1;CNE
C00509;01/02/2014;<=10;0;0;<24, 48;56.14;0;0;7/02/2014;7;3689.61;BT;1/01/2013;1;CNE
C00510;01/02/2014;<=10;0;0;>48;2799.97;0;0;3/02/2014;11;19437.4;BT;1/01/2012;0;CNE
C00514;01/02/2014;<=10;0;0;>48;169.21;0;66.67;17/02/2014;8;10070.9;BT;1/01/2012;1;CNE
C00517;01/02/2014;<=10;0;0;<24, 48;729.61;0;0;24/02/2014;15;12241;BT;1/01/2012;1;CNE
C00518;01/02/2014;>10;0;0;<24, 48;308.65;0;0;3/02/2014;11;623.06;BT;1/01/2011;1;CNE
C00519;01/02/2014;<=10;0;0;>48;122.87;49.8;141.74;11/02/2014;15;9561.76;BT;1/01/2012;1;CNE
C00520;01/02/2014;<=10;0;0;>48;311.56;311.37;0;20/02/2014;7;4184.26;BT;1/01/2011;1;CNE
C00522;01/02/2014;<=10;0;0;<24, 48;158.23;174.15;162.74;10/02/2014;11;4208.82;BT;1/01/2012;1;CNE
C00523;01/02/2014;<=10;0;0;<=24;132.21;0;0;3/02/2014;15;1899.59;BT;1/01/2012;1;CNE
C00524;01/02/2014;>10;0;0;<24, 48;147.61;144.72;141.59;20/02/2014;10;1237.62;BT;1/01/2010;1;CNE
C00526;01/02/2014;<=10;0;0;>48;535.64;0.42;536.31;21/02/2014;15;10602.1;BT;1/01/2012;1;CNE
C00527;01/02/2014;<=10;0;0;<24, 48;184.24;194.52;255.37;3/02/2014;16;5465.85;BT;1/01/2013;1;COEF
C00529;01/02/2014;<=10;0;0;<24, 48;250.21;250.66;0;4/02/2014;7;3690.17;BT;1/01/2012;1;CNE
C00530;01/02/2014;<=10;0;0;<24, 48;806.89;807.41;808.62;5/02/2014;7;18299.5;BT;1/01/2013;1;CNE
C00533;01/02/2014;<=10;0;0;>48;418.15;0;0;4/02/2014;9;656.67;BT;1/01/2012;1;COEF
C00534;01/02/2014;<=10;0;0;>48;28.6;0;0;3/02/2014;12;23707.3;BT;1/01/2013;1;COEF
C00536;01/02/2014;<=10;0;0;<24, 48;1030.04;2062.52;3104.88;12/02/2014;15;32307;BT;1/01/2013;1;CNE
C00537;01/02/2014;>10;0;0;>48;903.68;1814.56;906.38;20/02/2014;15;15665.9;BT;1/01/2011;1;COEF
C00538;01/02/2014;<=10;0;0;<24, 48;567;211.69;0;5/02/2014;7;24319.7;BT;1/01/2013;1;CNE
C00541;01/02/2014;>10;0;0;>48;400.14;0;362.89;4/02/2014;8;12403;BT;1/01/2011;1;CNE
C00542;01/02/2014;<=10;0;0;>48;209.66;0;0;19/02/2014;7;1054.33;BT;1/01/2010;1;COEF
C00543;01/02/2014;>10;0;0;<24, 48;422.38;0;396.12;3/02/2014;11;4315.41;BT;1/01/2011;1;CNE
C00544;01/02/2014;<=10;0;0;>48;206.53;0;0;3/02/2014;14;6509.04;BT;1/01/2011;1;CNE
C00545;01/02/2014;<=10;0;0;<24, 48;491.82;0;0;4/02/2014;9;12786.1;BT;1/01/2012;1;CNE
C00546;01/02/2014;<=10;>0;0;<24, 48;123.02;121.25;119.28;21/02/2014;7;704.26;BT;1/01/2012;1;CNE
C00547;01/02/2014;<=10;0;0;<24, 48;212.63;0;0;7/02/2014;11;1970.24;BT;1/01/2011;1;CNE
C00548;01/02/2014;<=10;>0;0;<24, 48;652.91;0;0;17/02/2014;14;19613.4;BT;1/01/2013;1;CNE
C00549;01/02/2014;<=10;0;0;<24, 48;778.92;0;783.82;3/02/2014;8;21334.9;BT;1/01/2013;1;COEF
C00550;01/02/2014;<=10;0;0;>48;658.18;1066.89;1066.89;28/02/2014;8;39712.7;BT;1/01/2012;1;CNE
C00551;01/02/2014;>10;0;0;<24, 48;261.88;264.79;134.99;7/02/2014;9;16521.5;BT;1/01/2012;1;CNE
C00552;01/02/2014;<=10;0;0;<24, 48;246.39;0;0;5/02/2014;9;17864.1;BT;1/01/2013;1;CNE
C00553;01/02/2014;<=10;0;0;<24, 48;257.35;256.95;257.11;6/02/2014;10;3606.13;BT;1/01/2012;1;COEF
C00554;01/02/2014;<=10;>0;0;<=24;812.93;0;0;26/02/2014;16;6147.68;BT;1/01/2013;0;CNE
C00556;01/02/2014;<=10;0;0;<24, 48;2737.88;0;0;21/02/2014;11;36445.9;BT;1/01/2013;0;CNE
C00557;01/02/2014;<=10;0;0;<=24;92.55;0;250.88;11/02/2014;15;2568.3;BT;1/01/2013;1;CNE
C00559;01/02/2014;>10;0;0;>48;305.03;0;509.28;3/02/2014;15;13118.5;BT;1/01/2012;1;CNE
C00561;01/02/2014;>10;0;0;<24, 48;258.37;254.51;72.35;6/02/2014;15;2308.26;BT;1/01/2011;1;CNE
C00562;01/02/2014;<=10;>0;0;>48;1671.03;2346.76;0;26/02/2014;15;69116.9;BT;1/01/2013;1;COEF
C00563;01/02/2014;<=10;0;0;<24, 48;141.51;0;0;4/02/2014;9;22559.5;BT;1/01/2013;1;CNE
C00564;01/02/2014;<=10;0;0;<24, 48;350.57;0;0;10/02/2014;9;11639.9;BT;1/01/2013;1;CNE
C00567;01/02/2014;<=10;0;1;>48;152.87;0;0;21/02/2014;15;3386.43;BT;1/01/2013;1;CNE
C00571;01/02/2014;<=10;0;0;<24, 48;457.19;0;388.66;6/02/2014;16;8232.63;BT;1/01/2012;1;CNE
C00572;01/02/2014;<=10;0;0;>48;1758.72;177.92;0;3/02/2014;12;73019.9;BT;1/01/2012;1;CNE
C00573;01/02/2014;<=10;0;0;<24, 48;589.45;0;0;12/02/2014;7;11314.6;BT;1/01/2012;1;COEF
C00574;01/02/2014;>10;>0;0;<24, 48;2080.17;0;0;20/02/2014;18;15293.6;BT;1/01/2012;0;COEF
C00575;01/02/2014;<=10;0;0;<=24;850.15;864.14;864.14;24/02/2014;10;849.22;BT;1/01/2014;1;CNE
C00578;01/02/2014;<=10;0;0;<24, 48;1603.51;0;0;19/02/2014;18;11370.2;BT;1/01/2013;0;CNE
C00580;01/02/2014;>10;0;0;<24, 48;307.77;307.89;307.9;4/02/2014;11;2951.88;BT;1/01/2011;1;CNE
C00581;01/02/2014;>10;0;0;<24, 48;368.09;0;0;10/02/2014;8;1844.39;BT;1/01/2011;1;COEF
C00583;01/02/2014;<=10;0;0;<=24;698.97;703.52;0;19/02/2014;8;2729.39;BT;1/01/2012;1;CNE
C00584;01/02/2014;<=10;0;0;<24, 48;357.85;335.99;358.13;10/02/2014;11;8399.12;BT;1/01/2013;1;CNE
C00585;01/02/2014;<=10;0;0;>48;464.82;0;0;6/02/2014;17;7547.44;BT;1/01/2011;1;CNE
C00586;01/02/2014;<=10;>0;0;<24, 48;320.42;323.09;516.43;20/02/2014;13;14678.5;BT;1/01/2013;1;CNE
C00588;01/02/2014;<=10;0;0;<24, 48;234.48;0;0;11/02/2014;8;3557.04;BT;1/01/2012;1;COEF
C00589;01/02/2014;<=10;0;0;<24, 48;480.14;0;0;4/02/2014;7;6998.74;BT;1/01/2012;1;CNE
C00590;01/02/2014;>10;0;0;<24, 48;442.67;216.72;439.09;25/02/2014;13;2914.68;BT;1/01/2012;0;CNE
C00591;01/02/2014;<=10;>0;0;<24, 48;1327.67;0;0;18/02/2014;14;9910.23;BT;1/01/2013;0;CNE
C00592;01/02/2014;>10;0;0;<24, 48;127.33;0;0;7/02/2014;11;7554.33;BT;1/01/2010;1;CNE
C00594;01/02/2014;<=10;0;0;<24, 48;1065.92;0;0;10/02/2014;13;11128.4;BT;1/01/2011;1;COEF
C00596;01/02/2014;<=10;0;0;<24, 48;209.74;0;0;6/02/2014;9;17694.2;BT;1/01/2013;1;CNE
C00597;01/02/2014;<=10;0;0;<24, 48;939.69;0;0;3/02/2014;9;20755.3;BT;1/01/2012;1;COEF
C00598;01/02/2014;<=10;0;0;>48;170.99;170.93;171.2;17/02/2014;8;825.87;BT;1/01/2011;1;COEF
C00599;01/02/2014;>10;0;0;<24, 48;132.88;131.35;640.19;25/02/2014;10;7487.1;BT;1/01/2012;1;CNE
C00600;01/02/2014;<=10;>0;0;<24, 48;1355.63;2038.72;0;13/02/2014;12;22222.8;BT;1/01/2013;0;CNE
C00601;01/02/2014;>10;0;0;<24, 48;441.09;0;0;4/02/2014;7;8367.66;BT;1/01/2011;1;CNE
C00604;01/02/2014;<=10;>0;0;<=24;2732.76;2757.11;2755.22;17/02/2014;13;9580.59;BT;1/01/2013;0;CNE
C00605;01/02/2014;<=10;>0;0;<=24;1512.3;0;0;19/02/2014;7;8924.91;BT;1/01/2013;0;COEF
C00606;01/02/2014;>10;0;0;<24, 48;708.13;659.77;208.33;11/02/2014;14;7211.37;BT;1/01/2010;1;CNE
C00607;01/02/2014;>10;0;0;>48;224.97;100.54;326.14;10/02/2014;18;4694.68;BT;1/01/2012;1;CNE
C00610;01/02/2014;<=10;>0;0;<24, 48;330.32;0;0;11/02/2014;17;5702.27;BT;1/01/2013;0;COEF
C00611;01/02/2014;<=10;>0;0;<=24;847.68;0;0;10/02/2014;11;848.13;BT;1/01/2013;0;COEF
C00612;01/02/2014;>10;0;0;>48;464.27;467.04;469.12;4/02/2014;9;8975.97;BT;1/01/2011;1;CNE
C00613;01/02/2014;>10;0;0;>48;114.47;39.42;0;19/02/2014;9;9577.01;BT;1/01/2011;1;CNE
C00614;01/02/2014;<=10;0;0;<=24;164.55;0;0;5/02/2014;14;1435.83;BT;1/01/2012;1;COEF
C00615;01/02/2014;<=10;0;0;<=24;353.86;549.69;262.05;20/02/2014;12;14767;BT;1/01/2013;1;CNE
C00616;01/02/2014;<=10;0;0;>48;885.63;0;0;4/02/2014;12;18649.4;BT;1/01/2012;1;COEF
C00617;01/02/2014;>10;0;0;>48;707.47;1478.6;651.35;20/02/2014;17;40970.7;BT;1/01/2011;1;CNE
C00618;01/02/2014;<=10;0;0;<24, 48;226.31;226.31;227.05;18/02/2014;9;4285.14;BT;1/01/2013;1;CNE
C00619;01/02/2014;<=10;>0;0;<=24;619.6;1243.52;1875.48;12/02/2014;10;5032.1;BT;1/01/2013;1;CNE
C00620;01/02/2014;>10;0;0;>48;1112;0;0;19/02/2014;16;5492.11;BT;1/01/2011;0;CNE
C00622;01/02/2014;<=10;>0;0;<24, 48;100;363.6;363.6;13/02/2014;19;8650.55;BT;1/01/2013;1;COEF
C00623;01/02/2014;<=10;>0;1;>48;2360.3;0;0;28/02/2014;11;44067.8;BT;1/01/2013;0;CNE
C00625;01/02/2014;<=10;0;0;<24, 48;446.41;0;0;5/02/2014;17;13208.3;BT;1/01/2013;1;CNE
C00626;01/02/2014;>10;0;0;<24, 48;328.91;328.99;329.31;4/02/2014;8;7243.17;BT;1/01/2012;1;CNE
C00627;01/02/2014;<=10;0;0;<=24;325.62;0;0;5/02/2014;8;5052.07;BT;1/01/2013;1;COEF
C00628;01/02/2014;>10;0;0;>48;42.17;0;47.65;3/02/2014;16;3627.62;BT;1/01/2012;1;CNE
C00630;01/02/2014;>10;0;0;<24, 48;1374.82;1418.2;824.22;10/02/2014;8;30056.5;BT;1/01/2011;1;COEF
C00631;01/02/2014;<=10;0;0;<=24;1040.92;400.41;0;3/02/2014;13;1041.47;BT;1/01/2013;0;CNE
C00632;01/02/2014;>10;0;0;>48;622.94;1273.48;651.72;20/02/2014;7;15706.9;BT;1/01/2012;1;CNE
C00633;01/02/2014;<=10;0;0;<24, 48;247.59;249.08;0;21/02/2014;7;4717.19;BT;1/01/2013;1;COEF
C00634;01/02/2014;<=10;0;0;<24, 48;266.7;0;364.41;5/02/2014;7;7350.91;BT;1/01/2013;1;CNE
C00635;01/02/2014;<=10;0;0;<24, 48;491.45;0;0;13/02/2014;9;11209.5;BT;1/01/2013;1;CNE
C00636;01/02/2014;<=10;0;0;>48;270.93;0;0;3/02/2014;15;8093.83;BT;1/01/2011;1;COEF
C00638;01/02/2014;>10;>0;0;>48;113.19;978.68;0;27/02/2014;15;22032.8;BT;1/01/2010;1;CNE
C00641;01/02/2014;<=10;0;0;<24, 48;513.21;568.29;545.04;7/02/2014;11;16373.2;BT;1/01/2013;1;COEF
C00644;01/02/2014;>10;0;0;<24, 48;550.99;1103.49;0;17/02/2014;20;12518.8;BT;1/01/2012;1;CNE
C00645;01/02/2014;>10;>0;1;>48;1188.2;0;0;4/02/2014;18;20818.8;BT;1/01/2012;0;COEF
C00648;01/02/2014;>10;0;0;<24, 48;1690.82;3386.48;0;20/02/2014;15;24822.9;BT;1/01/2011;1;CNE
C00649;01/02/2014;<=10;0;0;<=24;144.8;0;0;10/02/2014;8;1705.13;BT;1/01/2013;1;CNE
C00650;01/02/2014;<=10;0;0;<24, 48;312.12;311.83;0;3/02/2014;19;6209.81;BT;1/01/2013;1;COEF
C00651;01/02/2014;>10;0;0;<24, 48;163.72;194.18;104.51;7/02/2014;7;5856.53;BT;1/01/2011;1;CNE
C00654;01/02/2014;<=10;0;0;>48;255.18;0;0;3/02/2014;13;10953.7;BT;1/01/2013;1;COEF
C00655;01/02/2014;<=10;0;0;<=24;354.65;0;0;4/02/2014;8;2598.89;BT;1/01/2013;1;COEF
C00656;01/02/2014;>10;0;0;>48;741.37;368.04;0;5/02/2014;11;11327.5;BT;1/01/2011;1;CNE
C00657;01/02/2014;<=10;0;0;>48;765.53;0.42;762.9;13/02/2014;11;26608.1;BT;1/01/2012;1;CNE
C00658;01/02/2014;>10;0;0;<24, 48;455.44;0;463.79;24/02/2014;7;2385.11;BT;1/01/2010;1;CNE
C00659;01/02/2014;<=10;0;0;<=24;286.93;0;0;19/02/2014;10;2501.66;BT;1/01/2012;1;CNE
C00660;01/02/2014;<=10;0;0;<=24;1055.97;1057.09;0;7/02/2014;19;1054.86;BT;1/01/2013;0;COEF
C00661;01/02/2014;>10;0;0;<24, 48;881.47;1780.96;2686.17;3/02/2014;9;16799.6;BT;1/01/2011;1;CNE
C00663;01/02/2014;>10;0;0;<24, 48;545.28;1.35;0;11/02/2014;11;3956.04;BT;1/01/2010;1;CNE
C00664;01/02/2014;<=10;0;0;<24, 48;796.34;760.68;798.64;20/02/2014;10;23075.4;BT;1/01/2013;1;COEF
C00665;01/02/2014;>10;0;0;<24, 48;853.81;0;0;13/02/2014;12;6920.92;BT;1/01/2011;0;CNE
C00666;01/02/2014;<=10;0;0;>48;809.45;0;0;13/02/2014;11;13161.6;BT;1/01/2010;1;CNE
C00667;01/02/2014;<=10;0;0;<24, 48;83.44;83.68;0;4/02/2014;19;1089.05;BT;1/01/2012;1;CNE
C00668;01/02/2014;<=10;0;0;>48;484.85;486.41;990.27;7/02/2014;14;9823.14;BT;1/01/2012;1;CNE
C00670;01/02/2014;<=10;0;0;<24, 48;517.56;0;0;21/02/2014;19;18045.9;BT;1/01/2013;1;COEF
C00672;01/02/2014;>10;0;0;<24, 48;24.81;0;0;17/02/2014;7;3453.01;BT;1/01/2012;1;CNE
C00674;01/02/2014;<=10;0;0;>48;416.25;0;0;6/02/2014;10;11952;BT;1/01/2013;1;COEF
C00675;01/02/2014;<=10;0;0;>48;107.43;107.74;107.74;25/02/2014;13;1169;BT;1/01/2011;1;CNE
C00676;01/02/2014;>10;0;0;>48;3316.45;0;0;13/02/2014;16;29621.4;BT;1/01/2012;1;CNE
C00677;01/02/2014;<=10;0;0;<24, 48;776.61;1556.55;2344.56;21/02/2014;16;28329;BT;1/01/2013;1;CNE
C00679;01/02/2014;<=10;0;0;<24, 48;285.66;365.15;735.03;14/02/2014;14;6820.67;BT;1/01/2013;1;COEF
C00680;01/02/2014;<=10;0;0;<24, 48;2294.24;0;0;25/02/2014;14;23430.8;BT;1/01/2013;0;CNE
C00681;01/02/2014;<=10;0;0;>48;268.96;216.61;270.33;13/02/2014;14;4631.39;BT;1/01/2011;1;CNE
C00682;01/02/2014;<=10;0;0;>48;1587.86;0;0;21/02/2014;13;20715.2;BT;1/01/2013;0;COEF
C00683;01/02/2014;<=10;0;0;<=24;253.72;0;0;25/02/2014;20;3662.19;BT;1/01/2013;1;CNE
C00684;01/02/2014;>10;0;0;<24, 48;278.14;287.34;0;11/02/2014;13;7940.99;BT;1/01/2012;1;CNE
C00685;01/02/2014;>10;0;0;<24, 48;33.45;8.63;207.89;17/02/2014;20;2536.37;BT;1/01/2012;1;CNE
C00686;01/02/2014;<=10;>0;0;<24, 48;452.26;422.92;422.05;13/02/2014;9;3681.58;BT;1/01/2011;0;CNE
C00687;01/02/2014;<=10;0;0;<24, 48;87.43;0;339.5;14/02/2014;9;18769.4;BT;1/01/2012;1;COEF
C00688;01/02/2014;<=10;>0;0;<=24;634.61;0;0;20/02/2014;17;634.94;BT;1/01/2013;0;CNE
C00690;01/02/2014;>10;0;0;<24, 48;289.1;287.09;30.52;3/02/2014;14;2889.6;BT;1/01/2011;1;CNE
C00691;01/02/2014;<=10;0;0;<24, 48;360.49;0;0;13/02/2014;8;11417.5;BT;1/01/2013;1;COEF
C00693;01/02/2014;>10;0;0;>48;741.82;0;0;21/02/2014;10;14213.8;BT;1/01/2011;1;CNE
C00694;01/02/2014;<=10;>0;0;<24, 48;503.63;762.01;762.01;21/02/2014;8;4724.65;BT;1/01/2013;0;CNE
C00695;01/02/2014;<=10;0;0;<24, 48;123.68;129.19;0;24/02/2014;14;1988.62;BT;1/01/2012;1;CNE
C00696;01/02/2014;<=10;0;0;<24, 48;772.53;773.64;1.65;18/02/2014;12;24814;BT;1/01/2013;1;CNE
C00697;01/02/2014;<=10;0;0;<24, 48;213.13;212.52;0;4/02/2014;11;4214.91;BT;1/01/2013;1;CNE
C00698;01/02/2014;<=10;>0;0;<24, 48;1293.62;0;0;18/02/2014;13;11342.3;BT;1/01/2013;0;CNE
C00700;01/02/2014;>10;>0;0;<24, 48;1142.33;0;0;25/02/2014;18;12817.1;BT;1/01/2012;0;CNE
C00702;01/02/2014;<=10;0;0;<24, 48;127.76;118.3;116.99;5/02/2014;16;1454.72;BT;1/01/2012;1;CNE
C00703;01/02/2014;<=10;0;0;<24, 48;1124.89;0;0;12/02/2014;14;6208.32;BT;1/01/2013;0;CNE
C00704;01/02/2014;<=10;0;0;<24, 48;1082.09;0;0;4/02/2014;18;8292.65;BT;1/01/2011;0;CNE
C00706;01/02/2014;<=10;>0;0;<24, 48;493.47;496.39;0;25/02/2014;14;7394.74;BT;1/01/2013;1;COEF
C00707;01/02/2014;<=10;0;0;<24, 48;735.1;1480.38;2233.55;4/02/2014;11;23666.4;BT;1/01/2013;1;CNE
C00709;01/02/2014;<=10;0;0;>48;766.81;1539.01;2320.01;14/02/2014;13;21806.2;BT;1/01/2012;1;CNE
C00710;01/02/2014;<=10;0;0;<24, 48;343.15;343.39;328.77;11/02/2014;8;6302.49;BT;1/01/2012;1;COEF
C00711;01/02/2014;<=10;>0;0;<24, 48;1798.11;0;0;13/02/2014;9;9635.99;BT;1/01/2011;0;CNE
C00712;01/02/2014;<=10;0;0;>48;1043.04;0;0;10/02/2014;18;7486.51;BT;1/01/2012;0;CNE
C00713;01/02/2014;<=10;>0;0;<24, 48;1145.86;0;0;19/02/2014;16;9734.04;BT;1/01/2013;0;CNE
C00714;01/02/2014;<=10;0;0;<24, 48;183.88;0;0;3/02/2014;15;4080.3;BT;1/01/2013;1;CNE
C00715;01/02/2014;<=10;0;0;<24, 48;137.77;0;0;3/02/2014;13;1673.15;BT;1/01/2012;1;CNE
C00716;01/02/2014;>10;0;0;<24, 48;507.98;0;0;3/02/2014;10;5928.51;BT;1/01/2011;1;COEF
C00717;01/02/2014;<=10;0;0;<24, 48;112.99;226.32;340.6;27/02/2014;7;2185.86;BT;1/01/2012;1;CNE
C00718;01/02/2014;>10;0;0;<24, 48;1807.03;1804.45;0;4/02/2014;19;35031.1;BT;1/01/2011;1;CNE
C00720;01/02/2014;<=10;0;0;>48;586.75;1176.8;1771.29;19/02/2014;8;6494.08;BT;1/01/2010;1;CNE
C00721;01/02/2014;<=10;>0;1;<24, 48;149;297.76;446.79;7/02/2014;7;2726.7;BT;1/01/2013;1;COEF
C00722;01/02/2014;>10;0;0;<24, 48;371.04;0;0;13/02/2014;10;6128.88;BT;1/01/2011;1;CNE
C00723;01/02/2014;<=10;0;0;<=24;317.33;0;0;13/02/2014;8;5778.21;BT;1/01/2013;1;CNE
C00724;01/02/2014;<=10;0;0;<24, 48;92.52;335.57;132.11;12/02/2014;16;3134.81;BT;1/01/2011;1;CNE
C00725;01/02/2014;>10;0;0;<24, 48;228.46;234.18;232.16;10/02/2014;7;2686.93;BT;1/01/2012;1;CNE
C00726;01/02/2014;>10;0;0;<24, 48;200.52;401.47;202.66;11/02/2014;14;1174.22;BT;1/01/2011;0;CNE
C00727;01/02/2014;<=10;0;0;<24, 48;871.45;0;0;24/02/2014;16;5592.98;BT;1/01/2013;0;CNE
C00729;01/02/2014;<=10;0;0;>48;166.21;0;0;20/02/2014;7;26312.9;BT;1/01/2013;1;COEF
C00730;01/02/2014;>10;0;1;>48;1733.91;0;0;4/02/2014;18;22423.5;BT;1/01/2012;0;CNE
C00731;01/02/2014;<=10;0;0;>48;609.46;614.96;1233.74;14/02/2014;12;3493.28;BT;1/01/2010;1;COEF
C00732;01/02/2014;<=10;0;0;<24, 48;131.84;158.64;200.08;4/02/2014;19;2713.24;BT;1/01/2012;1;CNE
C00735;01/02/2014;<=10;0;0;<24, 48;154.51;310.18;467.19;20/02/2014;9;973.42;BT;1/01/2011;1;CNE
C00736;01/02/2014;<=10;0;0;>48;352.34;0;0;4/02/2014;15;9385.31;BT;1/01/2013;1;COEF
C00739;01/02/2014;<=10;0;0;<24, 48;794.05;0;0;10/02/2014;14;19594.5;BT;1/01/2012;1;COEF
C00740;01/02/2014;>10;>0;0;<24, 48;335.49;334.1;683.5;24/02/2014;10;6793.67;BT;1/01/2012;1;CNE
C00741;01/02/2014;<=10;0;0;>48;641.28;641.28;0;21/02/2014;13;18036.5;BT;1/01/2013;1;CNE
C00742;01/02/2014;<=10;0;0;<24, 48;118.23;583.79;110.13;11/02/2014;10;26420.2;BT;1/01/2013;1;CNE
C00743;01/02/2014;<=10;>0;1;<24, 48;1273.01;1406.45;0;26/02/2014;14;12872.8;BT;1/01/2012;0;COEF
C00744;01/02/2014;<=10;0;0;<24, 48;29.23;2817.96;2816.68;12/02/2014;14;42447.8;BT;1/01/2012;1;CNE
C00745;01/02/2014;>10;0;0;>48;237.53;245.86;0.09;3/02/2014;11;5584.97;BT;1/01/2011;1;COEF
C00747;01/02/2014;<=10;0;0;>48;1385.99;0;1359.15;3/02/2014;9;52139.2;BT;1/01/2013;1;COEF
C00748;01/02/2014;<=10;>0;0;>48;1117.47;0;0;27/02/2014;19;6776.64;BT;1/01/2012;0;CNE
C00749;01/02/2014;<=10;>0;0;<24, 48;477.43;0;0;13/02/2014;12;10555.6;BT;1/01/2012;1;CNE
C00750;01/02/2014;<=10;0;0;>48;520.34;1052.58;100.41;25/02/2014;10;11569.9;BT;1/01/2012;1;CNE
C00751;01/02/2014;>10;0;0;>48;1577;785.69;773.79;10/02/2014;10;15530.2;BT;1/01/2011;0;COEF
C00752;01/02/2014;>10;0;0;>48;104.63;105.71;0;7/02/2014;8;1519.61;BT;1/01/2011;1;COEF
C00753;01/02/2014;<=10;0;0;>48;793.42;1593.95;0;26/02/2014;10;29629;BT;1/01/2013;1;CNE
C00755;01/02/2014;>10;0;0;>48;917.53;750.94;1.89;18/02/2014;14;33965.5;BT;1/01/2011;1;CNE
C00756;01/02/2014;<=10;0;0;>48;382.43;383.08;768.28;6/02/2014;13;10889.9;BT;1/01/2013;1;COEF
C00757;01/02/2014;<=10;0;0;>48;3601.26;0;2932.09;6/02/2014;13;71440.1;BT;1/01/2012;0;CNE
C00758;01/02/2014;<=10;0;0;>48;1843.25;0;0;10/02/2014;18;12343.7;BT;1/01/2012;0;CNE
C00759;01/02/2014;<=10;0;0;<=24;391.65;872.68;0;25/02/2014;20;5123.06;BT;1/01/2012;1;CNE
C00760;01/02/2014;<=10;>0;0;<24, 48;1897.41;0;0;17/02/2014;20;17560.7;BT;1/01/2012;0;CNE
C00761;01/02/2014;<=10;0;0;<24, 48;250.52;269.31;370.67;6/02/2014;11;6433.14;BT;1/01/2011;1;CNE
C00763;01/02/2014;<=10;0;0;<24, 48;550.25;549.17;0;21/02/2014;8;14714.5;BT;1/01/2013;1;CNE
C00764;01/02/2014;>10;0;0;<24, 48;993.46;0;0;12/02/2014;16;8361.41;BT;1/01/2012;0;CNE
C00765;01/02/2014;>10;0;0;>48;512.61;1023.56;1023.56;18/02/2014;7;9510.19;BT;1/01/2012;0;CNE
C00766;01/02/2014;<=10;>0;0;<24, 48;1021.27;287.81;655.99;21/02/2014;16;27582.6;BT;1/01/2012;0;COEF
C00767;01/02/2014;>10;0;0;>48;373.57;374.34;0;13/02/2014;13;5744.2;BT;1/01/2011;1;CNE
C00768;01/02/2014;<=10;0;0;>48;216.03;220.83;0;11/02/2014;10;4410.01;BT;1/01/2012;1;CNE
C00769;01/02/2014;<=10;0;0;>48;2103.23;4270.51;0;24/02/2014;12;78629.4;BT;1/01/2012;1;CNE
C00770;01/02/2014;<=10;0;0;<=24;483.61;0;0;6/02/2014;11;2979.26;BT;1/01/2012;1;CNE
C00771;01/02/2014;<=10;0;0;>48;73.54;310.85;0;6/02/2014;8;14361;BT;1/01/2012;1;COEF
C00772;01/02/2014;<=10;0;0;<24, 48;585.45;871.86;0;25/02/2014;7;15415.5;BT;1/01/2012;1;COEF
C00773;01/02/2014;<=10;0;0;>48;630.32;0;0;4/02/2014;8;8948.35;BT;1/01/2013;0;CNE
C00775;01/02/2014;>10;0;0;>48;339.79;0.47;340.24;25/02/2014;13;3683.33;BT;1/01/2010;1;COEF
C00777;01/02/2014;<=10;0;1;>48;831.55;1768.56;0;27/02/2014;17;26636.8;BT;1/01/2012;1;COEF
C00778;01/02/2014;<=10;0;0;>48;393.83;0;0;5/02/2014;13;38550.1;BT;1/01/2012;1;CNE
C00781;01/02/2014;<=10;0;0;>48;586.5;0.09;0.67;5/02/2014;12;17323.5;BT;1/01/2013;1;COEF
C00782;01/02/2014;>10;0;0;<24, 48;351.54;0;379.91;5/02/2014;10;1828.73;BT;1/01/2011;1;CNE
C00783;01/02/2014;<=10;0;0;>48;487.43;0;0;13/02/2014;11;6426.1;BT;1/01/2013;1;CNE
C00785;01/02/2014;<=10;>0;0;<24, 48;908.33;0;0;5/02/2014;19;7518.96;BT;1/01/2013;0;CNE
C00786;01/02/2014;<=10;0;0;>48;592.48;2130.15;649.99;7/02/2014;11;79304;BT;1/01/2013;1;CNE
C00787;01/02/2014;<=10;0;0;>48;226.71;0;0;7/02/2014;8;12861.3;BT;1/01/2013;1;CNE
C00788;01/02/2014;<=10;>0;0;<24, 48;630.63;630.63;0;13/02/2014;12;4806.49;BT;1/01/2013;0;CNE
C00789;01/02/2014;>10;0;0;<24, 48;414.2;413.92;0.58;3/02/2014;20;3621.03;BT;1/01/2011;1;CNE
C00790;01/02/2014;<=10;0;0;<24, 48;154.53;0;0;19/02/2014;16;1578.86;BT;1/01/2013;0;CNE
C00791;01/02/2014;>10;0;0;<24, 48;409.79;147.27;147.27;18/02/2014;10;856.38;BT;1/01/2010;1;CNE
C00792;01/02/2014;<=10;0;0;>48;189.11;0;0;7/02/2014;15;3125.8;BT;1/01/2013;1;COEF
C00793;01/02/2014;<=10;0;0;<=24;200.38;0;0;25/02/2014;9;3359.61;BT;1/01/2013;1;COEF
C00794;01/02/2014;>10;0;0;<24, 48;388.41;388.58;388.17;6/02/2014;10;4761.99;BT;1/01/2011;1;COEF
C00795;01/02/2014;>10;0;0;<24, 48;27.1;0;21.19;4/02/2014;7;1374.3;BT;1/01/2011;1;COEF
C00796;01/02/2014;>10;0;0;<24, 48;211.2;0;135.43;5/02/2014;16;798.16;BT;1/01/2011;1;CNE
C00797;01/02/2014;<=10;0;0;<24, 48;767.32;1540.72;2322.49;11/02/2014;17;21909.8;BT;1/01/2013;1;CNE
C00798;01/02/2014;>10;0;0;>48;137.6;48.53;54.6;17/02/2014;13;4723.23;BT;1/01/2012;0;CNE
C00799;01/02/2014;<=10;0;0;<24, 48;440.25;0;0;21/02/2014;7;8643.34;BT;1/01/2013;1;CNE
C00800;01/02/2014;<=10;0;0;<24, 48;91.19;56.47;0;11/02/2014;12;9801.59;BT;1/01/2013;1;CNE
C00803;01/02/2014;>10;0;0;<24, 48;31.03;31.19;31.43;17/02/2014;9;2616.94;BT;1/01/2012;1;CNE
C00804;01/02/2014;<=10;0;0;>48;275.23;451.27;0;3/02/2014;7;708.01;BT;1/01/2010;1;COEF
C00805;01/02/2014;>10;0;0;<24, 48;530.75;531.13;0;4/02/2014;12;5441.87;BT;1/01/2011;1;CNE
C00806;01/02/2014;<=10;0;0;>48;1129.54;0;0;19/02/2014;14;29814.7;BT;1/01/2012;1;CNE
C00807;01/02/2014;>10;0;0;>48;185.76;0;0;6/02/2014;14;13593.9;BT;1/01/2012;1;COEF
C00808;01/02/2014;>10;0;0;<24, 48;102.31;166.19;332.75;4/02/2014;8;3221.08;BT;1/01/2011;1;COEF
C00809;01/02/2014;<=10;0;0;>48;73.07;251.21;122.15;10/02/2014;10;12563.8;BT;1/01/2013;1;COEF
C00811;01/02/2014;<=10;>0;0;>48;212.75;411.61;228.11;26/02/2014;8;25901.3;BT;1/01/2012;1;CNE
C00812;01/02/2014;>10;0;0;<24, 48;45.45;58.76;0;5/02/2014;9;2634.17;BT;1/01/2012;1;CNE
C00813;01/02/2014;<=10;0;0;>48;190.66;195.34;192.45;7/02/2014;8;843.54;BT;1/01/2010;1;CNE
C00816;01/02/2014;<=10;0;0;>48;497.19;497.19;0;18/02/2014;20;4337.8;BT;1/01/2013;0;CNE
C00817;01/02/2014;<=10;0;0;<24, 48;154.34;0;0;11/02/2014;20;1949.14;BT;1/01/2011;1;CNE
C00818;01/02/2014;<=10;0;0;<24, 48;271.24;351.1;197.37;4/02/2014;14;10728.9;BT;1/01/2013;1;CNE
C00819;01/02/2014;<=10;0;0;<=24;334.37;704.37;1066.82;18/02/2014;14;1010.4;BT;1/01/2013;1;CNE
C00820;01/02/2014;>10;0;0;>48;170.17;298.76;372.39;13/02/2014;10;848.99;BT;1/01/2010;1;COEF
C00821;01/02/2014;>10;0;0;<24, 48;692.61;1050.63;1412.06;14/02/2014;18;5335.72;BT;1/01/2012;0;CNE
C00822;01/02/2014;>10;0;0;>48;450.78;0;454.04;4/02/2014;15;5264.42;BT;1/01/2011;1;CNE
C00825;01/02/2014;<=10;>0;0;<=24;748.64;0;0;24/02/2014;12;4015.72;BT;1/01/2013;0;CNE
C00826;01/02/2014;<=10;0;0;>48;452.93;0;0;11/02/2014;8;15057;BT;1/01/2013;0;CNE
C00828;01/02/2014;<=10;0;0;<24, 48;306.67;519.59;404.4;3/02/2014;11;11355.1;BT;1/01/2011;1;COEF
C00829;01/02/2014;>10;0;0;<24, 48;234.94;236.71;0;3/02/2014;13;2055.68;BT;1/01/2011;1;COEF
C00830;01/02/2014;<=10;>0;0;>48;343.24;345.55;342.56;21/02/2014;18;7144.58;BT;1/01/2012;1;CNE
C00831;01/02/2014;<=10;0;0;<=24;184.19;0;183.79;5/02/2014;9;1587.35;BT;1/01/2012;1;CNE
C00832;01/02/2014;>10;0;0;>48;159.53;70.78;0;3/02/2014;15;1469.48;BT;1/01/2012;1;CNE
C00833;01/02/2014;>10;0;0;<24, 48;246.42;0;0;12/02/2014;11;1647.73;BT;1/01/2011;1;CNE
C00834;01/02/2014;<=10;>0;0;>48;683.99;0;0;20/02/2014;8;24432.7;BT;1/01/2012;1;COEF
C00839;01/02/2014;>10;0;0;<=24;45.06;106.32;7.74;10/02/2014;8;1068.98;BT;1/01/2012;1;COEF
C00840;01/02/2014;<=10;>0;0;<24, 48;519.44;331.02;331.02;20/02/2014;12;7052.04;BT;1/01/2012;1;COEF
C00842;01/02/2014;<=10;0;0;>48;287.39;287.39;576.18;14/02/2014;14;7334.69;BT;1/01/2013;1;CNE
C00843;01/02/2014;>10;0;0;<24, 48;686.4;0;0;27/02/2014;15;1504.01;BT;1/01/2010;0;CNE
C00844;01/02/2014;<=10;0;0;<24, 48;964.23;575.55;0;3/02/2014;12;22568.4;BT;1/01/2013;1;COEF
C00846;01/02/2014;>10;0;0;>48;349.17;0;0;20/02/2014;19;4745.95;BT;1/01/2011;1;CNE
C00847;01/02/2014;<=10;0;0;<24, 48;567.21;0;565.94;26/02/2014;12;17191.3;BT;1/01/2013;1;CNE
C00848;01/02/2014;<=10;0;0;<=24;284.15;0;0;18/02/2014;14;1248.78;BT;1/01/2013;1;COEF
C00849;01/02/2014;<=10;0;0;<24, 48;292.86;292.85;0;25/02/2014;13;4739.73;BT;1/01/2012;1;CNE
C00851;01/02/2014;<=10;0;0;>48;794.89;797.61;799.9;11/02/2014;8;23518.4;BT;1/01/2013;1;COEF
C00854;01/02/2014;<=10;0;0;<24, 48;239.78;0;0;18/02/2014;17;2997.89;BT;1/01/2012;1;CNE
C00855;01/02/2014;<=10;0;0;<=24;217.72;436.34;0;14/02/2014;10;3087.41;BT;1/01/2013;1;CNE
C00856;01/02/2014;<=10;>0;0;>48;945.07;0;0;18/02/2014;17;8180.14;BT;1/01/2013;0;CNE
C00859;01/02/2014;<=10;0;0;<=24;89.68;216.09;225.6;25/02/2014;16;1473.62;BT;1/01/2012;1;COEF
C00860;01/02/2014;<=10;0;0;>48;499.35;498.73;490.46;10/02/2014;14;7969.67;BT;1/01/2011;1;CNE
C00861;01/02/2014;>10;0;0;<24, 48;147.67;245.07;240.56;6/02/2014;14;1769.59;BT;1/01/2010;1;CNE
C00862;01/02/2014;>10;0;0;<24, 48;801.12;0;0;18/02/2014;16;15733.7;BT;1/01/2011;1;COEF
C00864;01/02/2014;<=10;0;0;<24, 48;738.36;1.01;0;13/02/2014;10;19042.5;BT;1/01/2012;1;COEF
C00865;01/02/2014;<=10;0;1;>48;512.87;427.18;515.1;7/02/2014;7;11573.3;BT;1/01/2012;1;COEF
C00866;01/02/2014;<=10;0;0;>48;194.52;66.31;36.84;3/02/2014;15;22278.6;BT;1/01/2012;1;CNE
C00867;01/02/2014;<=10;0;0;>48;418.29;22.92;116.66;19/02/2014;8;30538.2;BT;1/01/2012;1;COEF
C00868;01/02/2014;>10;0;0;>48;205.74;642.42;0;6/02/2014;20;3605.17;BT;1/01/2010;1;CNE
C00869;01/02/2014;<=10;0;0;<24, 48;77.95;157.94;0;11/02/2014;9;1467.09;BT;1/01/2013;1;CNE
C00870;01/02/2014;<=10;>0;0;<=24;43.73;0.71;70.63;14/02/2014;20;686.61;BT;1/01/2012;1;COEF
C00871;01/02/2014;<=10;0;0;>48;1369.19;713.78;0;4/02/2014;16;53609.5;BT;1/01/2013;1;CNE
C00872;01/02/2014;<=10;0;0;>48;509.08;504.83;0;4/02/2014;14;18116.1;BT;1/01/2013;1;COEF
C00873;01/02/2014;<=10;0;0;>48;303.54;307.95;617.88;12/02/2014;8;2696.67;BT;1/01/2011;1;CNE
C00874;01/02/2014;<=10;>0;0;<24, 48;1341.89;0;0;13/02/2014;18;12268.4;BT;1/01/2013;0;CNE
C00875;01/02/2014;<=10;0;0;<24, 48;472.33;0;0;26/02/2014;16;10043;BT;1/01/2012;1;CNE
C00877;01/02/2014;<=10;0;0;<24, 48;493.99;994.92;0;11/02/2014;10;10609.8;BT;1/01/2012;1;CNE
C00878;01/02/2014;>10;0;0;<24, 48;323.28;322.93;0;20/02/2014;18;1556.67;BT;1/01/2011;1;CNE
C00880;01/02/2014;>10;0;0;<24, 48;317.44;0;319.04;3/02/2014;11;3708.84;BT;1/01/2010;1;CNE
C00883;01/02/2014;<=10;0;0;>48;552.19;0;0;21/02/2014;17;11124.2;BT;1/01/2012;1;CNE
C00884;01/02/2014;>10;0;0;<24, 48;340.23;0;1023.38;24/02/2014;7;3950.97;BT;1/01/2012;1;CNE
C00885;01/02/2014;<=10;>0;0;<24, 48;3450.82;0;0;21/02/2014;20;26474.6;BT;1/01/2012;0;COEF
C00888;01/02/2014;<=10;0;0;>48;4129.74;0;0;19/02/2014;7;54010.5;BT;1/01/2011;0;CNE
C00889;01/02/2014;<=10;0;0;>48;2503.53;0;0;3/02/2014;9;71044.5;BT;1/01/2011;1;COEF
C00890;01/02/2014;<=10;0;0;<=24;453.32;0;0;6/02/2014;10;5815.77;BT;1/01/2013;1;CNE
C00891;01/02/2014;<=10;0;0;<24, 48;556.61;0;0;6/02/2014;17;15029.5;BT;1/01/2013;1;COEF
C00892;01/02/2014;>10;0;0;<24, 48;542.92;0;149.02;13/02/2014;10;6966.23;BT;1/01/2012;1;CNE
C00893;01/02/2014;<=10;0;0;<=24;292.83;583.02;878.03;28/02/2014;12;1148.75;BT;1/01/2012;1;COEF
C00894;01/02/2014;<=10;0;0;>48;572.74;590.32;1181.72;4/02/2014;12;17236.4;BT;1/01/2013;1;CNE
C00895;01/02/2014;<=10;0;0;<24, 48;486.62;110.88;0;6/02/2014;10;13842.8;BT;1/01/2013;1;CNE
C00896;01/02/2014;<=10;>0;0;<24, 48;788.37;0;0;12/02/2014;10;2557.18;BT;1/01/2010;0;CNE
C00901;01/02/2014;<=10;0;0;<24, 48;908.27;0;0;7/02/2014;14;3687.61;BT;1/01/2010;1;CNE
C00902;01/02/2014;<=10;>0;1;<24, 48;268.37;77.02;245.41;13/02/2014;13;2879.51;BT;1/01/2012;1;COEF
C00904;01/02/2014;<=10;0;0;<=24;191.49;383.8;577.79;11/02/2014;11;2957.89;BT;1/01/2013;1;COEF
C00906;01/02/2014;<=10;>0;0;<24, 48;601.33;1204.83;1207.64;14/02/2014;13;22618.9;BT;1/01/2013;1;CNE
C00908;01/02/2014;<=10;0;0;<=24;1261.82;0;0;28/02/2014;14;7900.87;BT;1/01/2013;0;CNE
C00909;01/02/2014;<=10;0;0;>48;246.77;247.31;0;10/02/2014;10;4188.58;BT;1/01/2013;1;COEF
C00910;01/02/2014;<=10;>0;0;>48;250.15;384.52;0;18/02/2014;13;4034.78;BT;1/01/2010;1;CNE
C00911;01/02/2014;<=10;>0;0;>48;3813.78;0;0;7/02/2014;19;52585.9;BT;1/01/2012;0;CNE
C00913;01/02/2014;<=10;0;0;>48;352.47;0;0;7/02/2014;11;11426.6;BT;1/01/2012;1;CNE
C00914;01/02/2014;<=10;0;0;<24, 48;94.1;0;0;7/02/2014;9;14548.1;BT;1/01/2013;1;CNE
C00915;01/02/2014;<=10;0;0;>48;143.39;0;0;5/02/2014;8;41738.4;BT;1/01/2012;1;CNE
C00916;01/02/2014;>10;0;0;>48;143.4;143.58;143.78;6/02/2014;13;2864.43;BT;1/01/2012;1;CNE
C00917;01/02/2014;<=10;0;0;>48;486.4;483.02;446.62;20/02/2014;12;7045.78;BT;1/01/2011;1;CNE
C00918;01/02/2014;<=10;0;0;>48;125.57;1015.13;161.81;18/02/2014;10;23367.7;BT;1/01/2012;1;CNE
C00919;01/02/2014;<=10;0;0;<24, 48;179.64;359.48;179.62;13/02/2014;14;1664.92;BT;1/01/2011;1;CNE
C00920;01/02/2014;<=10;0;0;<24, 48;197.98;201.76;204.02;3/02/2014;12;3303.5;BT;1/01/2011;1;CNE
C00921;01/02/2014;<=10;0;0;<24, 48;93.34;0;0;4/02/2014;8;1475.26;BT;1/01/2011;1;CNE
C00923;01/02/2014;<=10;0;0;<=24;192.84;0;0;6/02/2014;10;2536.28;BT;1/01/2013;1;CNE
C00924;01/02/2014;<=10;0;0;>48;220.49;47.3;0;11/02/2014;8;4300.64;BT;1/01/2013;1;CNE
C00925;01/02/2014;<=10;0;0;<24, 48;249.19;528.92;808.65;14/02/2014;7;4050.63;BT;1/01/2012;1;CNE
C00926;01/02/2014;<=10;0;0;>48;24.22;0;0;25/02/2014;9;12275.7;BT;1/01/2011;1;CNE
C00930;01/02/2014;<=10;>0;0;>48;1802.42;0;0;12/02/2014;17;7438.98;BT;1/01/2011;0;CNE
C00931;01/02/2014;<=10;0;0;<24, 48;391.4;224.12;464.46;3/02/2014;8;8690.35;BT;1/01/2012;1;CNE
C00932;01/02/2014;<=10;0;0;<24, 48;738.24;0;0;3/02/2014;14;11305;BT;1/01/2012;1;CNE
C00933;01/02/2014;<=10;0;0;>48;1550.34;0;0;19/02/2014;18;13021.5;BT;1/01/2012;0;CNE
C00934;01/02/2014;<=10;>0;1;>48;844.59;847.71;0;25/02/2014;12;843.7;BT;1/01/2013;0;CNE
C00935;01/02/2014;>10;>0;0;<24, 48;415.57;0;419.4;20/02/2014;13;5210.29;BT;1/01/2012;1;CNE
C00936;01/02/2014;>10;0;0;>48;1077.3;2162.75;0;19/02/2014;16;16098.3;BT;1/01/2011;1;CNE
C00937;01/02/2014;<=10;0;0;<24, 48;210.82;989.97;1138.96;10/02/2014;15;24838.2;BT;1/01/2012;1;CNE
C00938;01/02/2014;<=10;0;0;>48;300.2;0;0;12/02/2014;11;17499.7;BT;1/01/2012;1;CNE
C00940;01/02/2014;<=10;0;0;<24, 48;64.75;0;0;3/02/2014;15;25103.8;BT;1/01/2012;1;CNE
C00941;01/02/2014;<=10;0;0;<=24;170.76;8.06;8.06;25/02/2014;9;1977.26;BT;1/01/2013;1;COEF
C00942;01/02/2014;<=10;0;0;>48;450.74;446.9;426.47;24/02/2014;11;11884.3;BT;1/01/2013;1;CNE
C00943;01/02/2014;>10;0;0;<24, 48;382.38;783.25;361.17;26/02/2014;10;5546.16;BT;1/01/2012;1;CNE
C00944;01/02/2014;>10;>0;0;<24, 48;588.87;383.16;0;18/02/2014;11;22816.8;BT;1/01/2012;1;COEF
C00945;01/02/2014;<=10;0;0;<24, 48;596.25;627.69;757.29;13/02/2014;18;8890.74;BT;1/01/2013;0;COEF
C00946;01/02/2014;<=10;0;0;>48;1763.88;0;0;27/02/2014;9;25299.6;BT;1/01/2012;0;CNE
C00947;01/02/2014;<=10;0;0;<24, 48;22.18;378.14;0;14/02/2014;9;6549.4;BT;1/01/2011;1;CNE
C00948;01/02/2014;<=10;>0;0;<24, 48;1931.75;0;0;20/02/2014;17;19177.4;BT;1/01/2013;0;COEF
C00949;01/02/2014;<=10;>0;0;<24, 48;971.28;1145.22;1086.85;18/02/2014;7;21852.7;BT;1/01/2013;0;CNE
C00950;01/02/2014;<=10;0;0;<24, 48;59.71;0;0;6/02/2014;12;4303.04;BT;1/01/2013;1;CNE
C00951;01/02/2014;<=10;>0;1;<24, 48;642.3;146.08;789.36;20/02/2014;16;15724.1;BT;1/01/2013;1;COEF
C00952;01/02/2014;>10;0;0;>48;355.61;356.15;356.26;25/02/2014;17;5506.03;BT;1/01/2011;1;CNE
C00953;01/02/2014;<=10;0;0;>48;155.19;112.5;94.87;11/02/2014;10;12608.1;BT;1/01/2012;1;CNE
C00954;01/02/2014;<=10;0;0;>48;2042.37;1812.51;0;4/02/2014;17;55193.4;BT;1/01/2011;1;CNE
C00956;01/02/2014;<=10;0;0;>48;349.19;314.48;0;27/02/2014;16;24430.7;BT;1/01/2013;1;CNE
C00957;01/02/2014;<=10;0;0;>48;3162.86;0;0;11/02/2014;13;24171.9;BT;1/01/2012;0;CNE
C00958;01/02/2014;>10;0;0;<24, 48;414.53;1068.33;1487.49;5/02/2014;7;25303.5;BT;1/01/2012;1;CNE
C00959;01/02/2014;<=10;0;0;>48;779.98;780.6;1569.46;4/02/2014;13;18481.2;BT;1/01/2013;1;COEF
C00961;01/02/2014;<=10;0;0;<24, 48;179.94;27.9;0;6/02/2014;9;3226.36;BT;1/01/2013;1;COEF
C00962;01/02/2014;<=10;>0;0;<24, 48;684.14;736.88;1476.86;20/02/2014;16;8156.86;BT;1/01/2011;1;CNE
C00963;01/02/2014;<=10;0;0;>48;660.01;657.07;651.17;14/02/2014;10;19569.1;BT;1/01/2012;1;CNE
C00964;01/02/2014;<=10;>0;0;<=24;1555.33;0;0;10/02/2014;12;12478.5;BT;1/01/2013;0;CNE
C00966;01/02/2014;>10;0;0;>48;73.81;84.9;0;6/02/2014;14;857.04;BT;1/01/2010;1;CNE
C00968;01/02/2014;>10;>0;0;>48;210.78;0;0;7/02/2014;8;9829.43;BT;1/01/2012;1;COEF
C00970;01/02/2014;>10;>0;0;>48;185.47;277.77;171.75;20/02/2014;9;30431;BT;1/01/2013;1;CNE
C00971;01/02/2014;>10;0;0;<24, 48;911.38;0;0;13/02/2014;9;7418.83;BT;1/01/2012;0;CNE
C00973;01/02/2014;<=10;0;0;<24, 48;1132.39;0;0;12/02/2014;11;2493.1;BT;1/01/2011;0;CNE
C00974;01/02/2014;<=10;0;0;<24, 48;133.34;0;0;7/02/2014;9;8596.44;BT;1/01/2013;1;CNE
C00976;01/02/2014;>10;0;0;<24, 48;1154.62;950.04;567.96;19/02/2014;17;12594.1;BT;1/01/2012;0;CNE
C00977;01/02/2014;<=10;0;0;<24, 48;647.8;978.46;1313.13;14/02/2014;19;5059.36;BT;1/01/2012;0;CNE
C00978;01/02/2014;<=10;0;0;>48;872.63;0;360.34;6/02/2014;11;17353.3;BT;1/01/2013;0;CNE
C00980;01/02/2014;<=10;0;0;<24, 48;578.5;578.77;579.15;5/02/2014;11;3350.47;BT;1/01/2010;1;COEF
C00981;01/02/2014;<=10;0;0;<24, 48;1480.94;1483.25;0;3/02/2014;9;42353.6;BT;1/01/2013;1;CNE
C00982;01/02/2014;<=10;0;0;<24, 48;115.8;113.33;0;5/02/2014;8;972.66;BT;1/01/2011;1;CNE
C00983;01/02/2014;<=10;0;0;<24, 48;489.24;489.53;0;6/02/2014;12;9180.18;BT;1/01/2013;1;COEF
C00985;01/02/2014;>10;0;0;>48;447.68;362.8;453.32;12/02/2014;20;5380.08;BT;1/01/2011;1;CNE
C00986;01/02/2014;<=10;0;0;>48;118.71;191.3;0;12/02/2014;7;7580.84;BT;1/01/2013;1;COEF
C00987;01/02/2014;<=10;>0;0;<24, 48;1184.8;0;0;6/02/2014;14;12987.6;BT;1/01/2011;0;CNE
C00988;01/02/2014;<=10;>0;0;>48;667.25;0;0;3/02/2014;16;8416.43;BT;1/01/2012;0;COEF
C00989;01/02/2014;<=10;0;0;<24, 48;27.93;28.03;28.23;21/02/2014;9;18619.8;BT;1/01/2012;1;CNE
C00990;01/02/2014;>10;0;0;<24, 48;527.43;0;0;5/02/2014;8;5524.37;BT;1/01/2011;1;COEF
C00991;01/02/2014;>10;0;0;<24, 48;100.59;101.28;101.39;24/02/2014;9;1400.88;BT;1/01/2012;1;CNE
C00992;01/02/2014;<=10;0;0;>48;94.68;0;0;11/02/2014;18;41612.5;BT;1/01/2013;1;COEF
C00993;01/02/2014;>10;0;0;>48;844.79;886.5;0;13/02/2014;10;19512.1;BT;1/01/2012;1;CNE
C00994;01/02/2014;<=10;>0;0;>48;3720.94;0;0;6/02/2014;16;37749.9;BT;1/01/2011;0;COEF
C00996;01/02/2014;<=10;0;0;<24, 48;357.93;358.11;0;6/02/2014;12;5705.72;BT;1/01/2012;1;CNE
C00998;01/02/2014;<=10;0;0;>48;156.74;0;154.36;3/02/2014;16;3781.14;BT;1/01/2013;1;CNE
C01002;01/02/2014;<=10;0;0;>48;512.16;0;0;10/02/2014;10;17780.5;BT;1/01/2012;1;COEF
C01004;01/02/2014;<=10;>0;0;<=24;365;554.74;644.31;19/02/2014;14;779.79;BT;1/01/2012;0;CNE
C01006;01/02/2014;<=10;0;1;<24, 48;1538.23;0;0;19/02/2014;15;7725.44;BT;1/01/2010;1;CNE
C01008;01/02/2014;<=10;0;0;<24, 48;580.9;0;0;7/02/2014;7;14424.7;BT;1/01/2013;1;COEF
C01011;01/02/2014;<=10;>0;0;<24, 48;1002.59;2006.97;0;24/02/2014;12;24641;BT;1/01/2013;1;COEF
C01012;01/02/2014;<=10;0;0;>48;1321.45;0;1141.86;12/02/2014;7;7124.24;BT;1/01/2010;0;CNE
C01013;01/02/2014;>10;>0;1;<24, 48;340.71;0;342.38;18/02/2014;12;3756.58;BT;1/01/2010;1;COEF
C01016;01/02/2014;<=10;0;0;<24, 48;33.97;544.64;0;5/02/2014;11;10396.9;BT;1/01/2011;1;CNE
C01017;01/02/2014;<=10;0;0;<24, 48;906.15;0;0;7/02/2014;8;38606.5;BT;1/01/2012;1;COEF
C01019;01/02/2014;<=10;0;0;<24, 48;319.38;0;0;5/02/2014;14;5346.38;BT;1/01/2013;1;CNE
C01020;01/02/2014;<=10;0;0;<=24;67.79;51.94;35.94;25/02/2014;9;2254.74;BT;1/01/2013;1;CNE
C01021;01/02/2014;<=10;0;0;>48;139.42;335;176.49;13/02/2014;8;4996.41;BT;1/01/2013;1;CNE
C01022;01/02/2014;<=10;0;0;>48;522.74;0.09;0;5/02/2014;8;21128.5;BT;1/01/2013;1;CNE
C01023;01/02/2014;<=10;0;0;<24, 48;673.73;719.8;952.23;26/02/2014;7;29453.9;BT;1/01/2013;1;CNE
C01024;01/02/2014;<=10;0;0;<24, 48;1158.11;0;0;14/02/2014;7;4974.84;BT;1/01/2012;0;CNE
C01027;01/02/2014;<=10;0;0;>48;37.91;37.67;399.47;13/02/2014;14;7974.78;BT;1/01/2012;1;COEF
C01029;01/02/2014;<=10;>0;0;<24, 48;365.68;366.07;0;19/02/2014;9;4256.47;BT;1/01/2012;1;CNE
C01031;01/02/2014;<=10;0;0;>48;708.5;720.72;0;3/02/2014;8;26963.3;BT;1/01/2013;1;CNE
C01032;01/02/2014;<=10;>0;1;>48;2032.1;0;5.25;13/02/2014;8;65391.1;BT;1/01/2012;1;COEF
C01033;01/02/2014;<=10;0;0;<=24;346.47;346.47;0;10/02/2014;17;1109.49;BT;1/01/2012;1;COEF
C01034;01/02/2014;<=10;>0;0;>48;177.17;177.17;0;25/02/2014;16;7760.03;BT;1/01/2012;1;CNE
C01035;01/02/2014;>10;0;0;<24, 48;308.33;0;0;3/02/2014;11;3652.26;BT;1/01/2012;1;CNE
C01037;01/02/2014;<=10;0;0;<24, 48;1990.35;0;0;12/02/2014;11;18042.3;BT;1/01/2013;0;CNE
C01039;01/02/2014;<=10;>0;0;<24, 48;339.61;312.01;0;6/02/2014;13;3296.31;BT;1/01/2011;0;CNE
C01041;01/02/2014;<=10;0;0;<24, 48;296.18;0;260.08;12/02/2014;16;6631.9;BT;1/01/2013;1;CNE
C01042;01/02/2014;<=10;0;0;<24, 48;47.39;0;0;13/02/2014;10;11530.5;BT;1/01/2013;1;CNE
C01044;01/02/2014;<=10;0;0;<24, 48;382.86;0;0;13/02/2014;17;1511.98;BT;1/01/2011;1;CNE
C01046;01/02/2014;<=10;0;0;<24, 48;2487.94;0;0;4/02/2014;18;40973.7;BT;1/01/2012;0;CNE
C01047;01/02/2014;>10;0;0;<24, 48;183.29;0;391.75;3/02/2014;8;7872.36;BT;1/01/2011;1;COEF
C01048;01/02/2014;<=10;0;0;>48;237.63;0;0;11/02/2014;8;2524.68;BT;1/01/2011;1;COEF
C01049;01/02/2014;>10;0;0;<24, 48;447.53;256.38;445.29;3/02/2014;9;10570.7;BT;1/01/2012;1;COEF
C01050;01/02/2014;<=10;0;0;>48;489.87;491.84;0;18/02/2014;7;13197.7;BT;1/01/2012;1;COEF
C01051;01/02/2014;>10;0;0;<24, 48;231.45;231.75;0;18/02/2014;14;2980.88;BT;1/01/2012;1;CNE
C01052;01/02/2014;<=10;0;0;<24, 48;260.61;0;0;5/02/2014;17;3415.92;BT;1/01/2011;1;CNE
C01053;01/02/2014;<=10;0;0;<24, 48;167.45;168.96;0;19/02/2014;20;4876.02;BT;1/01/2013;1;COEF
C01054;01/02/2014;>10;0;0;>48;340.45;371.3;298.29;5/02/2014;8;33695.8;BT;1/01/2011;1;CNE
C01056;01/02/2014;<=10;0;0;<24, 48;857.6;0;0;3/02/2014;16;14464.9;BT;1/01/2012;1;COEF
C01057;01/02/2014;<=10;>0;0;>48;524.76;526.55;523.76;25/02/2014;19;20034.7;BT;1/01/2013;1;COEF
C01058;01/02/2014;<=10;0;0;>48;356.49;0;0;4/02/2014;14;6222.6;BT;1/01/2012;1;COEF
C01059;01/02/2014;>10;0;0;<24, 48;112.86;237.76;0;12/02/2014;9;3909.59;BT;1/01/2012;1;CNE
C01060;01/02/2014;<=10;0;0;>48;542.64;0;0;19/02/2014;18;15054.1;BT;1/01/2013;1;CNE
C01061;01/02/2014;>10;0;0;<24, 48;353.39;357.14;0;5/02/2014;9;4237.08;BT;1/01/2012;1;COEF
C01062;01/02/2014;<=10;0;0;<24, 48;761.16;1529.83;2306.47;24/02/2014;17;22056.9;BT;1/01/2013;1;CNE
C01065;01/02/2014;>10;0;0;>48;859.71;0;202.92;3/02/2014;8;21645;BT;1/01/2011;1;CNE
C01066;01/02/2014;<=10;>0;0;<24, 48;166.39;36.64;168.79;25/02/2014;14;8737.76;BT;1/01/2013;1;COEF
C01067;01/02/2014;<=10;0;1;<24, 48;111.33;0;0;14/02/2014;18;14725.4;BT;1/01/2012;1;COEF
C01068;01/02/2014;<=10;0;0;<24, 48;310.39;628.87;628.87;27/02/2014;17;3302.7;BT;1/01/2011;1;CNE
C01069;01/02/2014;<=10;0;0;>48;514.83;1189.26;677.46;14/02/2014;12;16950.5;BT;1/01/2012;1;CNE
C01070;01/02/2014;<=10;0;0;>48;82.52;0;0;21/02/2014;13;8802.09;BT;1/01/2013;1;COEF
C01071;01/02/2014;<=10;0;0;<24, 48;174.73;729.68;0;25/02/2014;13;9302.95;BT;1/01/2011;1;CNE
C01072;01/02/2014;<=10;>0;0;<=24;713.54;0;0;20/02/2014;16;711.79;BT;1/01/2012;0;COEF
C01073;01/02/2014;<=10;0;0;>48;689.19;0;0;11/02/2014;20;7433.1;BT;1/01/2013;1;CNE
C01076;01/02/2014;<=10;0;0;>48;577.56;0;0;13/02/2014;10;54684.3;BT;1/01/2011;1;COEF
C01077;01/02/2014;<=10;0;0;>48;43.22;1055.01;441.74;10/02/2014;14;34130.2;BT;1/01/2012;1;COEF
C01079;01/02/2014;<=10;0;0;<24, 48;1139.82;0;0;7/02/2014;8;10109.8;BT;1/01/2013;0;CNE
C01080;01/02/2014;<=10;0;0;<24, 48;355.94;356.72;351.34;17/02/2014;17;10661.5;BT;1/01/2013;1;CNE
C01081;01/02/2014;<=10;0;0;<24, 48;258.69;0;0;10/02/2014;8;2148.27;BT;1/01/2012;1;CNE
C01082;01/02/2014;<=10;>0;1;>48;260.24;0;0;3/02/2014;20;4642.59;BT;1/01/2011;1;CNE
C01083;01/02/2014;<=10;0;0;<24, 48;925.57;928.33;929;4/02/2014;18;28232.5;BT;1/01/2013;1;CNE
C01084;01/02/2014;<=10;0;0;<24, 48;151.28;302.97;455.69;19/02/2014;13;975.16;BT;1/01/2011;1;CNE
C01085;01/02/2014;<=10;0;0;<24, 48;34.25;0;76.98;19/02/2014;11;692.57;BT;1/01/2011;1;CNE
C01086;01/02/2014;<=10;0;0;<=24;813.47;817.48;840.68;12/02/2014;13;812.57;BT;1/01/2014;1;CNE
C01087;01/02/2014;>10;0;0;<24, 48;230.37;141.31;0;20/02/2014;9;3521.54;BT;1/01/2010;1;CNE
C01088;01/02/2014;>10;0;0;>48;1237.3;0;0;11/02/2014;16;23993.1;BT;1/01/2011;1;COEF
C01089;01/02/2014;<=10;0;0;<=24;298.4;0;304.57;10/02/2014;11;3940.65;BT;1/01/2013;1;COEF
C01090;01/02/2014;>10;0;0;<24, 48;441.58;0.81;0;4/02/2014;16;4701.74;BT;1/01/2011;1;CNE
C01091;01/02/2014;<=10;0;0;<24, 48;720.78;0;0;24/02/2014;12;6103.03;BT;1/01/2013;0;CNE
C01092;01/02/2014;<=10;0;0;<24, 48;461.96;0.39;0;3/02/2014;11;8991.34;BT;1/01/2013;1;COEF
C01094;01/02/2014;>10;>0;0;<24, 48;1228.78;1848.83;0;26/02/2014;19;2524.52;BT;1/01/2011;0;CNE
C01096;01/02/2014;<=10;0;0;>48;659.22;660.21;0;21/02/2014;10;17443.1;BT;1/01/2011;1;CNE
C01097;01/02/2014;<=10;0;0;>48;290.18;0;0;4/02/2014;7;5700.17;BT;1/01/2013;1;CNE
C01098;01/02/2014;<=10;0;0;<24, 48;202.64;0;0;19/02/2014;9;7411.45;BT;1/01/2012;1;CNE
C01099;01/02/2014;<=10;>0;1;<24, 48;375.73;372.82;750.86;28/02/2014;15;8617.33;BT;1/01/2013;1;CNE
C01101;01/02/2014;<=10;0;0;<24, 48;884.88;219.64;687.33;3/02/2014;9;15680;BT;1/01/2012;1;CNE
C01102;01/02/2014;<=10;>0;0;<24, 48;149.66;166.28;284.88;20/02/2014;13;880.56;BT;1/01/2011;0;CNE
C01103;01/02/2014;<=10;0;0;<24, 48;210.61;0;0;13/02/2014;8;4125.84;BT;1/01/2013;1;COEF
C01104;01/02/2014;<=10;>0;0;<=24;297.25;548.05;626.42;5/02/2014;13;1310.29;BT;1/01/2012;0;CNE
C01106;01/02/2014;<=10;>0;0;<24, 48;598;1693.94;0;17/02/2014;15;37669.2;BT;1/01/2013;0;COEF
C01107;01/02/2014;<=10;>0;0;<24, 48;227;0.85;233.12;28/02/2014;12;4926.25;BT;1/01/2013;1;CNE
C01110;01/02/2014;>10;0;0;<=24;508.95;0;359.79;5/02/2014;17;7755.69;BT;1/01/2011;1;COEF
C01112;01/02/2014;<=10;0;0;>48;412.51;441.83;201.4;4/02/2014;7;9612.26;BT;1/01/2012;1;COEF
C01113;01/02/2014;<=10;0;0;<24, 48;500.7;0;0;10/02/2014;12;3006.56;BT;1/01/2012;0;COEF
C01115;01/02/2014;<=10;0;0;>48;364.8;383.7;0;21/02/2014;12;1517.77;BT;1/01/2013;1;COEF
C01116;01/02/2014;<=10;>0;0;<24, 48;579.16;869.95;580.17;14/02/2014;13;6950.1;BT;1/01/2013;0;CNE
C01117;01/02/2014;<=10;>0;0;<24, 48;139.48;278.73;418.74;18/02/2014;11;1592.53;BT;1/01/2012;1;CNE
C01118;01/02/2014;>10;0;0;>48;357.75;355.97;0;10/02/2014;15;5806.85;BT;1/01/2011;1;CNE
C01119;01/02/2014;<=10;0;0;>48;344.32;711.72;0;18/02/2014;10;9638.41;BT;1/01/2013;1;CNE
C01120;01/02/2014;<=10;0;0;<24, 48;838.88;0;849.18;5/02/2014;8;16381.4;BT;1/01/2013;1;CNE
C01122;01/02/2014;<=10;0;0;>48;886.64;888.34;225.44;5/02/2014;12;19692.4;BT;1/01/2012;1;CNE
C01123;01/02/2014;<=10;0;0;>48;440.13;0;231.86;7/02/2014;12;12731;BT;1/01/2012;1;CNE
C01124;01/02/2014;<=10;0;0;<=24;369.07;382.66;0;27/02/2014;14;763.64;BT;1/01/2012;1;CNE
C01126;01/02/2014;<=10;0;0;>48;108.49;217.82;327.94;17/02/2014;14;3166.43;BT;1/01/2013;1;CNE
C01127;01/02/2014;<=10;>0;0;>48;754.79;1484.1;0;20/02/2014;11;55651.2;BT;1/01/2013;1;CNE
C01128;01/02/2014;<=10;0;0;<24, 48;186.97;187.01;0;5/02/2014;17;1256.56;BT;1/01/2011;1;CNE
C01129;01/02/2014;<=10;0;0;<24, 48;1622.64;0;0;7/02/2014;9;16013.4;BT;1/01/2012;0;CNE
C01131;01/02/2014;<=10;>0;0;>48;2096.71;0;0;20/02/2014;15;58189.1;BT;1/01/2013;1;CNE
C01132;01/02/2014;<=10;0;0;<24, 48;910.71;0;0;25/02/2014;20;7719.81;BT;1/01/2013;0;CNE
C01133;01/02/2014;<=10;0;0;<24, 48;382.72;44.04;470.95;13/02/2014;14;23844.3;BT;1/01/2013;1;CNE
C01134;01/02/2014;>10;0;0;>48;1023.81;0;43.25;3/02/2014;8;42568.8;BT;1/01/2012;1;COEF
C01135;01/02/2014;<=10;0;0;>48;258.74;0;0;24/02/2014;11;11139.6;BT;1/01/2013;1;CNE
C01136;01/02/2014;>10;0;0;>48;1704.85;3662.63;0;26/02/2014;20;33641.2;BT;1/01/2011;0;CNE
C01137;01/02/2014;<=10;>0;1;>48;4749.85;0;0;18/02/2014;13;57880.5;BT;1/01/2013;0;CNE
C01138;01/02/2014;<=10;>0;0;>48;216.75;216.2;324.53;26/02/2014;18;2317.4;BT;1/01/2012;0;CNE
C01139;01/02/2014;<=10;0;0;<24, 48;448.24;0;0;3/02/2014;11;4522.06;BT;1/01/2010;1;COEF
C01140;01/02/2014;<=10;0;0;>48;172.79;0;0;6/02/2014;18;9828.78;BT;1/01/2012;1;CNE
C01142;01/02/2014;<=10;0;0;<=24;927.18;1426.38;1932.77;6/02/2014;15;3978.65;BT;1/01/2012;0;CNE
C01143;01/02/2014;>10;0;0;<24, 48;136.51;0;0;12/02/2014;12;787.97;BT;1/01/2011;1;CNE
C01144;01/02/2014;<=10;>0;0;<24, 48;501.1;753.78;360.69;17/02/2014;13;2735.93;BT;1/01/2011;0;CNE
C01146;01/02/2014;<=10;0;0;<24, 48;121.85;0;0;7/02/2014;16;3189.04;BT;1/01/2012;1;COEF
C01148;01/02/2014;>10;>0;0;>48;301.65;0;0;4/02/2014;18;4176.88;BT;1/01/2011;1;COEF
C01149;01/02/2014;<=10;0;0;<24, 48;523.57;40.84;45.44;6/02/2014;19;14654.5;BT;1/01/2013;1;CNE
C01150;01/02/2014;<=10;>0;0;<=24;770.18;0;0;6/02/2014;9;1317.27;BT;1/01/2013;0;CNE
C01151;01/02/2014;>10;0;0;<24, 48;250.79;20.01;227.55;6/02/2014;16;2991.97;BT;1/01/2012;1;CNE
C01152;01/02/2014;>10;0;0;>48;922.31;0;920.75;11/02/2014;8;10935.8;BT;1/01/2011;1;COEF
C01153;01/02/2014;>10;>0;0;>48;460.02;0;0;12/02/2014;10;15000.3;BT;1/01/2012;1;CNE
C01154;01/02/2014;<=10;0;0;<=24;1056.53;1057.64;0;28/02/2014;17;1055.42;BT;1/01/2013;0;CNE
C01155;01/02/2014;>10;>0;0;<24, 48;823.75;165.91;113.9;24/02/2014;12;11990.9;BT;1/01/2012;1;CNE
C01156;01/02/2014;>10;0;0;<24, 48;227.22;0.23;227.08;7/02/2014;10;2020;BT;1/01/2011;1;CNE
C01157;01/02/2014;<=10;>0;0;>48;1938.3;2018.48;0;11/02/2014;13;24111.4;BT;1/01/2012;0;COEF
C01159;01/02/2014;<=10;0;0;<24, 48;872.09;1747.48;2631.85;10/02/2014;8;21091.4;BT;1/01/2013;1;COEF
C01160;01/02/2014;<=10;0;0;<24, 48;202.84;186.92;199.31;17/02/2014;10;3766.95;BT;1/01/2013;1;CNE
C01161;01/02/2014;<=10;0;0;<24, 48;232.14;0;0;5/02/2014;7;24353.7;BT;1/01/2013;1;COEF
C01162;01/02/2014;<=10;0;0;<24, 48;150.97;56.6;0;11/02/2014;7;19386.6;BT;1/01/2013;1;CNE
C01163;01/02/2014;<=10;0;0;>48;1118.46;1417.52;986.36;6/02/2014;16;39605.5;BT;1/01/2011;1;COEF
C01165;01/02/2014;<=10;0;0;<24, 48;648.9;649.4;0;25/02/2014;8;16500.5;BT;1/01/2013;1;COEF
C01167;01/02/2014;<=10;0;0;<=24;367.22;371.71;301.51;4/02/2014;10;4919.32;BT;1/01/2013;1;CNE
C01168;01/02/2014;>10;0;0;>48;2145.75;0;0;10/02/2014;11;22965.2;BT;1/01/2012;0;CNE
C01169;01/02/2014;<=10;0;0;<24, 48;654.42;1311.58;1976.69;5/02/2014;11;13898.8;BT;1/01/2012;1;CNE
C01170;01/02/2014;<=10;0;0;<24, 48;633.75;838.32;809.91;11/02/2014;13;19396.5;BT;1/01/2013;1;CNE
C01171;01/02/2014;<=10;0;0;>48;300.99;0;0;25/02/2014;10;13127.5;BT;1/01/2012;1;CNE
C01172;01/02/2014;<=10;0;0;>48;1133.97;0;0;10/02/2014;19;12062.8;BT;1/01/2013;0;CNE
C01173;01/02/2014;>10;0;0;<24, 48;447.93;159.35;618.76;21/02/2014;9;6941.75;BT;1/01/2012;1;CNE
C01174;01/02/2014;>10;0;0;>48;872.11;873.21;1748.8;6/02/2014;14;16042.9;BT;1/01/2011;1;CNE
C01177;01/02/2014;<=10;0;0;<24, 48;22.51;0;0;4/02/2014;20;8094.45;BT;1/01/2012;1;CNE
C01178;01/02/2014;<=10;0;0;<=24;224.94;547.47;873.3;7/02/2014;8;4292.61;BT;1/01/2013;1;COEF
C01180;01/02/2014;<=10;0;0;<24, 48;83.64;0;0;4/02/2014;10;5345.78;BT;1/01/2012;1;COEF
C01182;01/02/2014;<=10;0;0;<24, 48;174.33;0;0;25/02/2014;13;7416.13;BT;1/01/2013;1;CNE
C01183;01/02/2014;<=10;0;0;<24, 48;1033.17;0;0;10/02/2014;16;8968.05;BT;1/01/2013;0;CNE
C01184;01/02/2014;>10;0;0;<24, 48;248.01;0;0;4/02/2014;19;1233.45;BT;1/01/2011;1;CNE
C01185;01/02/2014;<=10;0;0;<24, 48;500.5;1003.41;0;13/02/2014;11;8347.5;BT;1/01/2012;1;CNE
C01186;01/02/2014;>10;0;0;>48;447.39;0;2.86;11/02/2014;7;6207.22;BT;1/01/2012;1;CNE
C01188;01/02/2014;<=10;0;0;<24, 48;29.41;0;0;7/02/2014;9;4106.37;BT;1/01/2013;1;CNE
C01189;01/02/2014;<=10;0;0;>48;1153.22;0;0;12/02/2014;16;57677.5;BT;1/01/2013;1;CNE
C01190;01/02/2014;<=10;0;0;<=24;677.49;0;0;21/02/2014;10;1838.05;BT;1/01/2013;0;CNE
C01191;01/02/2014;>10;0;0;>48;281.53;1969.42;1840.59;12/02/2014;10;62874.9;BT;1/01/2012;1;CNE
C01192;01/02/2014;>10;0;0;<24, 48;871.11;869.93;819.17;7/02/2014;11;16280.2;BT;1/01/2011;1;CNE
C01194;01/02/2014;<=10;>0;0;>48;1762.96;1765.78;1481.13;11/02/2014;11;46895.6;BT;1/01/2012;1;COEF
C01195;01/02/2014;<=10;0;0;<24, 48;187.75;0;0;4/02/2014;7;32078.8;BT;1/01/2013;1;COEF
C01196;01/02/2014;>10;0;0;<24, 48;780.57;781.77;760.21;6/02/2014;11;9491.6;BT;1/01/2011;1;COEF
C01197;01/02/2014;>10;0;0;<24, 48;553.43;555.53;0;12/02/2014;12;9303.07;BT;1/01/2011;1;COEF
C01198;01/02/2014;<=10;0;0;<=24;266.28;259.82;526.85;11/02/2014;12;1881.72;BT;1/01/2013;1;CNE
C01199;01/02/2014;<=10;0;0;<24, 48;731.24;0;0;4/02/2014;14;20597.7;BT;1/01/2013;1;COEF
C01200;01/02/2014;<=10;0;0;<=24;165.11;165.58;165.91;3/02/2014;16;1849.83;BT;1/01/2013;1;CNE
C01202;01/02/2014;<=10;0;0;>48;430.18;439.76;375.62;25/02/2014;11;3839.17;BT;1/01/2010;1;COEF
C01204;01/02/2014;>10;0;0;>48;955.15;0;0;5/02/2014;13;25380.1;BT;1/01/2011;1;CNE
C01205;01/02/2014;<=10;0;0;<=24;270.5;0.45;0;7/02/2014;7;1332.75;BT;1/01/2013;1;COEF
C01206;01/02/2014;>10;0;0;<24, 48;207.97;207.29;0;6/02/2014;8;3082.55;BT;1/01/2012;1;CNE
C01207;01/02/2014;<=10;0;0;<24, 48;1067.45;0;0;26/02/2014;13;8836.17;BT;1/01/2012;0;CNE
C01210;01/02/2014;<=10;0;0;<24, 48;1077.73;0;0;13/02/2014;19;14158.6;BT;1/01/2013;0;CNE
C01211;01/02/2014;<=10;0;0;<=24;250.65;251.44;0;4/02/2014;19;1460.81;BT;1/01/2013;1;COEF
C01217;01/02/2014;>10;0;0;<24, 48;279.53;0;0;3/02/2014;15;5545.27;BT;1/01/2012;1;CNE
C01218;01/02/2014;<=10;0;0;>48;682.96;0;0;14/02/2014;11;20368.1;BT;1/01/2012;1;CNE
C01220;01/02/2014;<=10;0;0;>48;152.56;344.56;297.08;10/02/2014;15;12494.2;BT;1/01/2012;1;CNE
C01221;01/02/2014;<=10;0;0;<24, 48;263.66;264.4;265.13;18/02/2014;9;5977.2;BT;1/01/2013;1;CNE
C01222;01/02/2014;>10;0;0;<24, 48;37.83;0;0;13/02/2014;13;7071.36;BT;1/01/2013;1;CNE
C01223;01/02/2014;<=10;0;0;<24, 48;42.29;41.05;0;5/02/2014;7;6009.45;BT;1/01/2013;1;COEF
C01224;01/02/2014;>10;>0;0;<24, 48;179.11;360.33;0;28/02/2014;9;1294.63;BT;1/01/2011;1;CNE
C01225;01/02/2014;<=10;0;0;>48;309.3;511;12.33;11/02/2014;7;19685.6;BT;1/01/2013;1;CNE
C01226;01/02/2014;<=10;0;0;<24, 48;545.41;0;0;3/02/2014;10;11282.8;BT;1/01/2012;1;COEF
C01227;01/02/2014;<=10;>0;0;<24, 48;363.38;546.56;429.88;13/02/2014;10;3845.83;BT;1/01/2013;0;CNE
C01228;01/02/2014;>10;>0;0;<=24;147.45;306.33;0;21/02/2014;11;894.9;BT;1/01/2012;1;COEF
C01229;01/02/2014;<=10;0;0;<=24;272.44;70.3;0;3/02/2014;11;1946.44;BT;1/01/2013;1;CNE
C01233;01/02/2014;>10;>0;0;<24, 48;949.25;0;0;28/02/2014;7;19392.2;BT;1/01/2012;0;CNE
C01234;01/02/2014;<=10;0;0;<24, 48;912.8;912.24;914.23;13/02/2014;12;25700.7;BT;1/01/2013;1;CNE
C01236;01/02/2014;<=10;0;0;<=24;320.19;323.54;0;11/02/2014;14;2311.92;BT;1/01/2013;1;CNE
C01237;01/02/2014;<=10;0;0;>48;380.82;0;0;6/02/2014;17;21017.1;BT;1/01/2013;1;COEF
C01238;01/02/2014;>10;0;0;<24, 48;253.13;516.88;266.39;7/02/2014;15;3750.9;BT;1/01/2012;1;CNE
C01239;01/02/2014;<=10;0;0;<24, 48;251.43;503.45;254.54;20/02/2014;11;5583.86;BT;1/01/2013;1;COEF
C01240;01/02/2014;<=10;0;0;>48;331.09;322.26;0;6/02/2014;9;6946.2;BT;1/01/2012;1;CNE
C01241;01/02/2014;<=10;0;0;<=24;522.66;785.98;785.98;6/02/2014;12;1941.51;BT;1/01/2013;0;COEF
C01243;01/02/2014;<=10;0;0;<24, 48;487.31;0;0;3/02/2014;16;9085.19;BT;1/01/2013;1;COEF
C01245;01/02/2014;<=10;0;0;>48;40.37;0;0;4/02/2014;9;5376.08;BT;1/01/2012;1;CNE
C01246;01/02/2014;<=10;0;0;>48;275.74;267.97;276.63;19/02/2014;8;7111.8;BT;1/01/2013;1;CNE
C01248;01/02/2014;>10;0;0;<24, 48;2176.84;0.95;0.38;19/02/2014;18;55342.2;BT;1/01/2012;1;COEF
C01250;01/02/2014;>10;0;0;>48;540.28;541.48;543.01;24/02/2014;14;10730;BT;1/01/2012;1;CNE
C01252;01/02/2014;<=10;0;0;>48;855.3;0;0;5/02/2014;13;31876.9;BT;1/01/2013;1;CNE
C01254;01/02/2014;<=10;0;0;>48;254.5;21.05;332.46;27/02/2014;12;2939.2;BT;1/01/2010;1;CNE
C01255;01/02/2014;<=10;0;0;<24, 48;259.51;0;0;21/02/2014;15;3538.1;BT;1/01/2012;1;CNE
C01256;01/02/2014;<=10;0;0;<24, 48;617.7;0;0;7/02/2014;14;2993.23;BT;1/01/2013;0;CNE
C01258;01/02/2014;<=10;0;0;<24, 48;345.37;0;558.13;6/02/2014;17;22720.2;BT;1/01/2013;1;COEF
C01260;01/02/2014;<=10;>0;0;<24, 48;520.49;1043.37;0;28/02/2014;17;7392.38;BT;1/01/2011;1;CNE
C01261;01/02/2014;<=10;>0;0;<=24;700.46;0;0;26/02/2014;19;3799.22;BT;1/01/2013;0;CNE
C01263;01/02/2014;<=10;0;0;>48;371.28;0;0;3/02/2014;10;15494.7;BT;1/01/2012;1;CNE
C01264;01/02/2014;<=10;0;0;<24, 48;278.72;0;274.8;6/02/2014;10;7856.42;BT;1/01/2013;1;COEF
C01265;01/02/2014;>10;0;0;<=24;807.89;0;0;11/02/2014;8;1452.97;BT;1/01/2012;0;CNE
C01267;01/02/2014;<=10;0;0;<=24;191.36;0;0;14/02/2014;13;2247.08;BT;1/01/2013;1;CNE
C01268;01/02/2014;<=10;>0;0;<24, 48;2370.73;0;0;26/02/2014;15;23991.4;BT;1/01/2013;0;CNE
C01269;01/02/2014;>10;0;0;<24, 48;289.46;0;0;10/02/2014;11;9279.67;BT;1/01/2011;1;COEF
C01270;01/02/2014;>10;0;0;<24, 48;108.19;0;0;17/02/2014;15;3157.59;BT;1/01/2012;1;CNE
C01271;01/02/2014;<=10;>0;0;<24, 48;227.8;226.16;455.42;7/02/2014;8;1309.14;BT;1/01/2011;0;CNE
C01272;01/02/2014;<=10;0;0;>48;397.5;0;0;3/02/2014;16;11016.2;BT;1/01/2013;1;COEF
C01274;01/02/2014;<=10;0;0;>48;361.41;357.26;101.91;14/02/2014;10;9478.9;BT;1/01/2013;1;CNE
C01275;01/02/2014;<=10;0;0;>48;287.22;0;0;14/02/2014;8;23369.8;BT;1/01/2013;1;CNE
C01276;01/02/2014;<=10;0;0;>48;3042.19;0;0;7/02/2014;14;7749.97;BT;1/01/2010;0;CNE
C01279;01/02/2014;<=10;0;0;>48;84.24;283.55;284.03;5/02/2014;14;9643.06;BT;1/01/2012;1;COEF
C01280;01/02/2014;<=10;0;0;>48;892.6;248.53;0;5/02/2014;10;29594.3;BT;1/01/2013;1;CNE
C01282;01/02/2014;<=10;0;0;>48;1069.44;0;1144.14;4/02/2014;17;31570.8;BT;1/01/2013;1;CNE
C01283;01/02/2014;<=10;>0;0;>48;2520.74;0;0;3/02/2014;20;26908.4;BT;1/01/2013;0;CNE
C01285;01/02/2014;>10;0;0;<24, 48;169.68;0.11;169.69;3/02/2014;13;1729.59;BT;1/01/2011;1;CNE
C01287;01/02/2014;<=10;0;0;<24, 48;449.89;449.72;0;17/02/2014;14;3486.65;BT;1/01/2011;1;CNE
C01288;01/02/2014;<=10;0;0;>48;1155.2;0;0;11/02/2014;20;34536.1;BT;1/01/2013;1;CNE
C01289;01/02/2014;<=10;>0;1;>48;212.31;0;422.78;19/02/2014;9;830.67;BT;1/01/2010;0;CNE
C01290;01/02/2014;<=10;0;0;<24, 48;42.33;0;0;3/02/2014;13;990.89;BT;1/01/2011;1;CNE
C01291;01/02/2014;<=10;0;0;<24, 48;554.91;741.91;741.91;12/02/2014;15;4054.76;BT;1/01/2013;0;CNE
C01292;01/02/2014;>10;0;0;>48;2017.93;0;0;3/02/2014;10;44276.8;BT;1/01/2012;1;COEF
C01293;01/02/2014;<=10;0;0;<=24;601.48;0;0;6/02/2014;12;600.84;BT;1/01/2013;0;CNE
C01294;01/02/2014;<=10;0;0;<24, 48;63.43;0;0;3/02/2014;16;8322.44;BT;1/01/2013;1;CNE
C01297;01/02/2014;<=10;0;0;<24, 48;572.24;573.03;0;5/02/2014;7;18457.3;BT;1/01/2013;1;COEF
C01298;01/02/2014;<=10;0;0;<24, 48;705.29;8.51;0;12/02/2014;7;22671.2;BT;1/01/2013;1;CNE
C01299;01/02/2014;<=10;0;0;>48;216.65;0;103.5;6/02/2014;17;6621.36;BT;1/01/2013;1;COEF
C01300;01/02/2014;<=10;0;0;<=24;249.37;0;0;5/02/2014;15;4256.34;BT;1/01/2013;1;CNE
C01301;01/02/2014;<=10;0;0;>48;656.28;654.18;576.12;20/02/2014;16;18902.4;BT;1/01/2013;1;CNE
C01302;01/02/2014;<=10;0;0;<24, 48;68.55;0;0;6/02/2014;20;3030.86;BT;1/01/2012;1;CNE
C01303;01/02/2014;<=10;0;0;<24, 48;233.56;180.09;18.13;6/02/2014;15;9557.22;BT;1/01/2013;1;CNE
C01305;01/02/2014;<=10;0;0;>48;539;538.95;0;4/02/2014;13;18406.1;BT;1/01/2013;1;CNE
C01306;01/02/2014;<=10;0;0;>48;1387.33;0;0;24/02/2014;12;14863.4;BT;1/01/2013;0;CNE
C01307;01/02/2014;<=10;0;0;>48;649.81;0;0;3/02/2014;16;20225.2;BT;1/01/2012;1;COEF
C01308;01/02/2014;>10;0;0;<24, 48;324.14;0;0;4/02/2014;11;3745.87;BT;1/01/2012;1;CNE
C01309;01/02/2014;<=10;>0;1;<24, 48;446.91;895.46;0;19/02/2014;15;13573;BT;1/01/2013;1;CNE
C01310;01/02/2014;>10;>0;0;<24, 48;177.1;177.07;177.17;24/02/2014;16;1969.06;BT;1/01/2012;1;COEF
C01312;01/02/2014;<=10;>0;0;<=24;142.71;0;249.16;28/02/2014;9;2406.35;BT;1/01/2012;1;CNE
C01313;01/02/2014;>10;0;0;<24, 48;109.21;0;0;10/02/2014;13;9495.27;BT;1/01/2012;0;COEF
C01314;01/02/2014;<=10;>0;0;<24, 48;2422.49;0;0;26/02/2014;9;19569.6;BT;1/01/2012;0;CNE
C01317;01/02/2014;>10;0;0;>48;581.35;0;0;3/02/2014;16;11071.4;BT;1/01/2011;1;CNE
C01318;01/02/2014;<=10;0;0;<=24;134.22;134.19;0;3/02/2014;14;1926.04;BT;1/01/2013;1;COEF
C01319;01/02/2014;<=10;>0;0;>48;4794.6;0;0;4/02/2014;19;59062.2;BT;1/01/2012;0;COEF
C01320;01/02/2014;>10;0;0;<24, 48;845.96;0;0;6/02/2014;18;3091.05;BT;1/01/2011;0;CNE
C01321;01/02/2014;<=10;0;0;>48;253.59;420.89;842.13;14/02/2014;8;9250.77;BT;1/01/2012;1;CNE
C01322;01/02/2014;<=10;0;0;>48;772.65;0;0;3/02/2014;16;24538.4;BT;1/01/2013;1;CNE
C01323;01/02/2014;<=10;>0;0;<24, 48;1316.31;0;0;10/02/2014;11;7024.03;BT;1/01/2012;0;CNE
C01324;01/02/2014;<=10;>0;0;>48;1423.14;0;0;12/02/2014;14;31059.8;BT;1/01/2012;0;COEF
C01325;01/02/2014;<=10;0;0;<24, 48;275.75;551.5;827.25;20/02/2014;7;5894.17;BT;1/01/2013;1;CNE
C01326;01/02/2014;<=10;0;0;<24, 48;394.26;0;420.84;11/02/2014;7;4824.68;BT;1/01/2011;1;CNE
C01327;01/02/2014;<=10;>0;0;<24, 48;230.29;362.35;595.01;5/02/2014;16;5192.68;BT;1/01/2013;0;CNE
C01328;01/02/2014;>10;0;0;>48;908.81;0;0;14/02/2014;7;13138.4;BT;1/01/2011;1;CNE
C01329;01/02/2014;<=10;0;0;<24, 48;467.98;0;0;11/02/2014;20;33210.7;BT;1/01/2012;1;CNE
C01334;01/02/2014;<=10;0;0;<24, 48;1397.45;0;0;6/02/2014;14;4699.39;BT;1/01/2011;0;CNE
C01335;01/02/2014;<=10;0;0;<24, 48;252.85;0.05;0;3/02/2014;11;3235.92;BT;1/01/2012;1;COEF
C01336;01/02/2014;<=10;0;0;<24, 48;244.99;0;248.72;13/02/2014;12;5356.98;BT;1/01/2013;1;CNE
C01338;01/02/2014;>10;0;0;<24, 48;444.69;0.32;444.71;17/02/2014;10;6351.63;BT;1/01/2011;1;CNE
C01339;01/02/2014;<=10;0;0;>48;773.69;0;0;6/02/2014;19;5990.44;BT;1/01/2012;0;CNE
C01340;01/02/2014;>10;0;0;<24, 48;1792.14;0;0;3/02/2014;15;39112;BT;1/01/2012;1;CNE
C01342;01/02/2014;<=10;0;0;>48;1318.35;0;530.85;6/02/2014;15;37882.9;BT;1/01/2013;1;CNE
C01343;01/02/2014;<=10;0;0;<24, 48;1162.26;0;0;27/02/2014;15;6156.83;BT;1/01/2012;0;CNE
C01344;01/02/2014;<=10;>0;0;<=24;993.53;0;0;14/02/2014;19;6820.84;BT;1/01/2013;0;COEF
C01346;01/02/2014;>10;0;0;>48;223.87;0;0;14/02/2014;14;3015.08;BT;1/01/2012;1;CNE
C01347;01/02/2014;<=10;>0;0;<24, 48;1983.6;1071.32;2602.14;20/02/2014;8;36003.5;BT;1/01/2013;1;CNE
C01348;01/02/2014;<=10;0;0;<=24;485.16;0;0;18/02/2014;15;4438.74;BT;1/01/2013;1;CNE
C01350;01/02/2014;<=10;>0;1;<24, 48;1007.49;610.21;103.4;13/02/2014;12;22434.3;BT;1/01/2013;1;CNE
C01352;01/02/2014;>10;0;0;<24, 48;129.39;210.08;9.15;21/02/2014;8;2184.71;BT;1/01/2010;1;CNE
C01353;01/02/2014;<=10;0;0;>48;776.78;784.85;781.57;7/02/2014;7;22130.3;BT;1/01/2013;1;CNE
C01355;01/02/2014;>10;0;0;>48;736.5;1474.25;0;28/02/2014;17;8184.87;BT;1/01/2010;1;CNE
C01356;01/02/2014;<=10;>0;0;<24, 48;286.08;280.72;281.11;17/02/2014;8;1846.27;BT;1/01/2011;0;COEF
C01357;01/02/2014;<=10;>0;0;<24, 48;288.38;124.44;79.87;10/02/2014;20;5024.95;BT;1/01/2012;1;CNE
C01358;01/02/2014;<=10;0;0;<24, 48;249.09;295.83;0;12/02/2014;15;6871.82;BT;1/01/2013;1;CNE
C01359;01/02/2014;<=10;0;0;<24, 48;92.97;0;114.09;13/02/2014;14;1997.49;BT;1/01/2012;1;COEF
C01360;01/02/2014;<=10;>0;0;>48;892.78;0;0;13/02/2014;15;27156;BT;1/01/2013;1;CNE
C01362;01/02/2014;<=10;0;0;>48;479.59;0;0;4/02/2014;17;11719.4;BT;1/01/2012;1;CNE
C01363;01/02/2014;>10;0;0;>48;506.92;506.1;507.91;11/02/2014;11;8753.22;BT;1/01/2011;1;CNE
C01365;01/02/2014;<=10;0;0;>48;178.88;0;0;28/02/2014;7;4439.83;BT;1/01/2012;1;CNE
C01366;01/02/2014;<=10;0;0;<24, 48;981.6;0;982.02;14/02/2014;10;18862;BT;1/01/2013;1;COEF
C01367;01/02/2014;>10;0;0;>48;265.2;96.56;284.84;20/02/2014;11;1939.86;BT;1/01/2010;1;CNE
C01368;01/02/2014;<=10;0;0;<24, 48;613.48;0;0;11/02/2014;18;4903.19;BT;1/01/2013;0;CNE
C01369;01/02/2014;<=10;0;0;<24, 48;312.27;668.73;1029.05;27/02/2014;11;5163.16;BT;1/01/2012;1;CNE
C01370;01/02/2014;>10;0;0;<24, 48;185.17;184.44;165.33;14/02/2014;10;3357.78;BT;1/01/2011;1;COEF
C01371;01/02/2014;<=10;0;0;<24, 48;61.06;264.1;164.1;25/02/2014;13;5130.78;BT;1/01/2013;1;CNE
C01372;01/02/2014;>10;0;0;<24, 48;433.31;433.31;420.67;10/02/2014;11;5523.24;BT;1/01/2012;1;COEF
C01373;01/02/2014;<=10;0;0;<24, 48;508.38;509.2;509.2;21/02/2014;16;6585.11;BT;1/01/2012;1;CNE
C01374;01/02/2014;<=10;0;0;<24, 48;430.39;0;485;7/02/2014;13;8933.57;BT;1/01/2013;1;CNE
C01375;01/02/2014;<=10;0;0;<24, 48;285.88;10.43;287.31;3/02/2014;15;5354.74;BT;1/01/2013;1;CNE
C01377;01/02/2014;>10;0;0;>48;3423.22;0;0;11/02/2014;12;26284.9;BT;1/01/2011;0;CNE
C01378;01/02/2014;<=10;>0;0;<24, 48;2625.29;0;0;18/02/2014;16;23878.9;BT;1/01/2012;0;CNE
C01379;01/02/2014;<=10;0;0;<24, 48;1209.57;0;1823.84;26/02/2014;19;13140.6;BT;1/01/2013;0;CNE
C01380;01/02/2014;>10;>0;0;>48;387.37;0;0;25/02/2014;12;5246.68;BT;1/01/2011;1;CNE
C01381;01/02/2014;<=10;0;0;<=24;299.6;604.24;914.16;6/02/2014;16;1197.88;BT;1/01/2012;1;COEF
C01382;01/02/2014;<=10;0;0;>48;771.7;0;0;19/02/2014;17;7960.81;BT;1/01/2013;0;CNE
C01384;01/02/2014;>10;>0;0;<24, 48;327.77;326.71;142.73;18/02/2014;8;761;BT;1/01/2011;1;CNE
C01385;01/02/2014;>10;0;0;<24, 48;488.76;488.84;489.73;10/02/2014;10;10348.4;BT;1/01/2012;1;CNE
C01386;01/02/2014;<=10;0;0;<24, 48;842.04;0;0;6/02/2014;13;25820.8;BT;1/01/2013;1;CNE
C01387;01/02/2014;<=10;0;0;>48;379.33;0;611.02;3/02/2014;16;14372.2;BT;1/01/2012;1;COEF
C01388;01/02/2014;<=10;0;0;>48;446.45;446.59;447.39;7/02/2014;15;11053.5;BT;1/01/2013;1;COEF
C01389;01/02/2014;<=10;0;0;<24, 48;1494.82;0;0;24/02/2014;18;15207.4;BT;1/01/2011;0;CNE
C01391;01/02/2014;>10;0;0;>48;390.38;396.03;0;5/02/2014;10;4704.41;BT;1/01/2011;1;CNE
C01392;01/02/2014;<=10;0;0;<24, 48;217.35;0;0;3/02/2014;15;12129.5;BT;1/01/2012;1;COEF
C01393;01/02/2014;>10;>0;0;>48;192.86;193.03;386.4;14/02/2014;8;755.13;BT;1/01/2010;1;CNE
C01394;01/02/2014;<=10;0;0;<24, 48;414.81;830.38;0;27/02/2014;13;7831.8;BT;1/01/2012;1;CNE
C01395;01/02/2014;<=10;0;0;<24, 48;553.37;0;0;12/02/2014;12;15712;BT;1/01/2012;1;CNE
C01396;01/02/2014;<=10;>0;0;>48;971.92;0;0;18/02/2014;12;10073.3;BT;1/01/2012;0;COEF
C01399;01/02/2014;<=10;0;0;<24, 48;81.1;235.36;390.8;7/02/2014;7;3028.44;BT;1/01/2013;1;CNE
C01400;01/02/2014;<=10;0;0;>48;1663.27;0;0;4/02/2014;17;59787.4;BT;1/01/2013;1;CNE
C01401;01/02/2014;<=10;0;0;<24, 48;289.68;669.62;1351.21;10/02/2014;9;17341.1;BT;1/01/2013;1;CNE
C01402;01/02/2014;<=10;0;0;>48;136.81;139.05;139.05;20/02/2014;20;2555.68;BT;1/01/2011;1;CNE
C01403;01/02/2014;>10;0;0;<24, 48;748.77;744.14;594.6;18/02/2014;13;16923.2;BT;1/01/2012;1;CNE
C01405;01/02/2014;<=10;>0;0;<=24;564.38;850.29;1139.86;26/02/2014;18;3271.5;BT;1/01/2012;0;COEF
C01406;01/02/2014;<=10;>0;0;<24, 48;3335.79;0;0;21/02/2014;12;20696.3;BT;1/01/2012;0;CNE
C01408;01/02/2014;<=10;0;0;<24, 48;386.21;0;0;10/02/2014;10;5885.03;BT;1/01/2012;1;CNE
C01409;01/02/2014;<=10;>0;0;>48;704.86;1413.22;629.04;18/02/2014;13;22918.9;BT;1/01/2013;1;CNE
C01412;01/02/2014;<=10;>0;0;>48;1554.94;531.59;0;10/02/2014;18;14936.1;BT;1/01/2012;0;COEF
C01413;01/02/2014;<=10;0;0;>48;660.19;0;0;5/02/2014;17;18607.2;BT;1/01/2013;1;CNE
C01414;01/02/2014;<=10;>0;0;<24, 48;2254.38;0;0;24/02/2014;20;18595.6;BT;1/01/2012;0;CNE
C01415;01/02/2014;<=10;>0;0;>48;563.79;564.04;1.93;25/02/2014;15;13767.5;BT;1/01/2012;1;COEF
C01416;01/02/2014;<=10;0;0;<24, 48;337.93;0;0;6/02/2014;16;23457.3;BT;1/01/2012;1;CNE
C01417;01/02/2014;<=10;0;0;<24, 48;599.51;599.51;0;25/02/2014;18;3738.09;BT;1/01/2013;0;CNE
C01418;01/02/2014;<=10;0;0;<24, 48;243.61;0;0;3/02/2014;15;14225.4;BT;1/01/2013;1;CNE
C01419;01/02/2014;<=10;>0;0;>48;2084.63;0;0;18/02/2014;16;13180.9;BT;1/01/2011;0;COEF
C01420;01/02/2014;<=10;>0;0;<24, 48;834.69;0;0;6/02/2014;7;5310.89;BT;1/01/2013;0;CNE
C01421;01/02/2014;>10;0;0;<24, 48;411.93;418.34;416.59;14/02/2014;12;9667.12;BT;1/01/2012;1;COEF
C01422;01/02/2014;>10;0;0;>48;233.66;0;0;7/02/2014;8;4439;BT;1/01/2012;1;CNE
C01423;01/02/2014;<=10;0;0;<24, 48;1025.67;1025.35;0;12/02/2014;13;27272.2;BT;1/01/2013;1;CNE
C01424;01/02/2014;<=10;>0;0;<24, 48;2769.6;0;0;6/02/2014;17;11847.3;BT;1/01/2011;0;CNE
C01425;01/02/2014;<=10;>0;0;<24, 48;1004.76;0;0;21/02/2014;12;7563.88;BT;1/01/2010;1;CNE
C01426;01/02/2014;<=10;>0;0;<24, 48;791.13;0;0;13/02/2014;13;6328.2;BT;1/01/2013;0;CNE
C01428;01/02/2014;<=10;0;0;>48;869.22;0;0;12/02/2014;15;7771.21;BT;1/01/2013;0;CNE
C01430;01/02/2014;<=10;0;0;<24, 48;513.42;1027.45;0;25/02/2014;10;10517.7;BT;1/01/2013;1;CNE
C01432;01/02/2014;<=10;>0;1;>48;666.78;667.13;0;13/02/2014;11;27303.6;BT;1/01/2012;1;COEF
C01433;01/02/2014;>10;0;0;<24, 48;286.27;288.06;0;7/02/2014;8;2526.98;BT;1/01/2011;1;CNE
C01434;01/02/2014;>10;0;0;<24, 48;209.52;209.59;209.97;5/02/2014;9;1568.28;BT;1/01/2011;1;CNE
C01436;01/02/2014;<=10;0;0;>48;380.47;405.76;260.04;24/02/2014;11;10598.9;BT;1/01/2012;1;CNE
C01438;01/02/2014;<=10;>0;0;<24, 48;324.37;941.81;729.8;18/02/2014;11;22665.4;BT;1/01/2013;1;COEF
C01439;01/02/2014;<=10;0;0;>48;2569.54;0;0;14/02/2014;7;19931.6;BT;1/01/2012;0;COEF
C01440;01/02/2014;<=10;0;0;<24, 48;433.42;2.37;414.17;4/02/2014;16;8339.24;BT;1/01/2011;1;CNE
C01441;01/02/2014;<=10;>0;0;>48;173.36;0;0;19/02/2014;10;3685.81;BT;1/01/2012;1;COEF
C01442;01/02/2014;<=10;>0;0;>48;976.94;0;0;10/02/2014;12;7075.38;BT;1/01/2013;0;COEF
C01443;01/02/2014;<=10;0;0;<24, 48;208.43;0;0;7/02/2014;15;9073.99;BT;1/01/2013;1;CNE
C01444;01/02/2014;<=10;>0;0;<24, 48;312.38;39.15;204.41;6/02/2014;7;4381.3;BT;1/01/2013;0;CNE
C01445;01/02/2014;<=10;0;0;>48;480.71;614.49;0;7/02/2014;9;11241.5;BT;1/01/2011;1;COEF
C01446;01/02/2014;<=10;0;0;<24, 48;622.99;1426.86;1350.35;21/02/2014;10;44007.4;BT;1/01/2013;1;CNE
C01447;01/02/2014;<=10;0;0;<24, 48;597.14;576.43;1188.22;18/02/2014;9;13410.7;BT;1/01/2012;1;CNE
C01448;01/02/2014;<=10;0;0;<=24;271.16;906.02;0;24/02/2014;15;4013.97;BT;1/01/2013;1;CNE
C01449;01/02/2014;<=10;0;0;<24, 48;969.96;0;0;5/02/2014;12;28471.7;BT;1/01/2012;1;CNE
C01451;01/02/2014;<=10;0;0;<=24;879.53;0;0;4/02/2014;16;19360.6;BT;1/01/2013;1;CNE
C01452;01/02/2014;<=10;0;0;<24, 48;341.89;341.77;336.09;12/02/2014;16;6232.86;BT;1/01/2013;1;CNE
C01453;01/02/2014;<=10;0;0;<24, 48;450.27;437.37;450.85;19/02/2014;12;3026.6;BT;1/01/2011;1;COEF
C01454;01/02/2014;<=10;0;0;<24, 48;28.15;4.08;860.77;7/02/2014;12;18721.1;BT;1/01/2012;1;CNE
C01455;01/02/2014;<=10;0;0;<24, 48;348.52;347.1;346.09;3/02/2014;11;4830.15;BT;1/01/2012;1;COEF
C01456;01/02/2014;<=10;0;0;<24, 48;372.01;373.44;0;18/02/2014;9;9049.6;BT;1/01/2013;1;CNE
C01457;01/02/2014;>10;0;0;>48;386.64;0;0;3/02/2014;16;12257.3;BT;1/01/2012;1;COEF
C01458;01/02/2014;<=10;0;0;>48;30.34;0;0;7/02/2014;10;6883.6;BT;1/01/2012;1;CNE
C01459;01/02/2014;<=10;0;0;<24, 48;859.07;0;0;26/02/2014;9;33379.4;BT;1/01/2013;1;COEF
C01460;01/02/2014;<=10;>0;0;<24, 48;1647.52;0;0;18/02/2014;12;13599;BT;1/01/2011;0;COEF
C01461;01/02/2014;<=10;0;0;<=24;353.25;354.88;347.1;4/02/2014;9;2887.3;BT;1/01/2013;1;CNE
C01462;01/02/2014;>10;0;0;<24, 48;776.56;0;0;3/02/2014;7;11699.7;BT;1/01/2011;1;COEF
C01463;01/02/2014;<=10;0;0;>48;136.09;549.26;0;26/02/2014;19;11183.1;BT;1/01/2013;1;CNE
C01464;01/02/2014;>10;0;0;<24, 48;358.61;0;0;11/02/2014;10;2436.9;BT;1/01/2011;1;CNE
C01466;01/02/2014;<=10;>0;0;<=24;279.05;31.64;459.35;17/02/2014;7;1661.43;BT;1/01/2013;1;CNE
C01467;01/02/2014;<=10;0;0;<24, 48;130.01;0;360.78;3/02/2014;13;7023.79;BT;1/01/2012;1;COEF
C01469;01/02/2014;<=10;0;0;<24, 48;325.59;325.47;183.18;3/02/2014;19;5191.16;BT;1/01/2012;1;CNE
C01470;01/02/2014;>10;0;0;>48;46.15;117.18;0;6/02/2014;16;6624.97;BT;1/01/2011;1;CNE
C01471;01/02/2014;>10;0;0;<24, 48;342.89;0;0;3/02/2014;19;2789.08;BT;1/01/2011;1;CNE
C01472;01/02/2014;<=10;0;0;<24, 48;1039.02;0;0;6/02/2014;13;7060.62;BT;1/01/2013;0;CNE
C01474;01/02/2014;<=10;0;0;<24, 48;269.92;0;592.1;20/02/2014;7;16180.8;BT;1/01/2013;1;COEF
C01475;01/02/2014;<=10;0;0;<24, 48;187.29;0;0;5/02/2014;10;11324;BT;1/01/2013;1;CNE
C01476;01/02/2014;<=10;0;0;<24, 48;403.54;0.7;0;13/02/2014;18;9121.26;BT;1/01/2013;1;CNE
C01477;01/02/2014;>10;0;0;>48;470.53;0;0;26/02/2014;10;7752.33;BT;1/01/2011;1;CNE
C01479;01/02/2014;<=10;0;0;<24, 48;418.89;518.89;471.98;19/02/2014;8;26029.9;BT;1/01/2013;1;COEF
C01480;01/02/2014;<=10;0;0;<24, 48;189.87;0;0;11/02/2014;17;4122.44;BT;1/01/2013;1;CNE
C01482;01/02/2014;<=10;0;0;<24, 48;131.35;131.4;131.7;6/02/2014;12;4136.33;BT;1/01/2013;1;CNE
C01483;01/02/2014;<=10;0;0;<24, 48;323.51;7.25;323.9;4/02/2014;16;7123.42;BT;1/01/2013;1;CNE
C01485;01/02/2014;>10;0;0;<24, 48;206.58;212;271.9;4/02/2014;11;662.2;BT;1/01/2011;1;CNE
C01486;01/02/2014;<=10;0;0;<=24;290.27;635.32;660.66;10/02/2014;7;894.69;BT;1/01/2013;1;COEF
C01487;01/02/2014;<=10;>0;0;<24, 48;1604.54;0;0;21/02/2014;17;7908.67;BT;1/01/2012;0;CNE
C01488;01/02/2014;<=10;0;0;>48;77.81;0;255.88;25/02/2014;14;14749.8;BT;1/01/2012;1;CNE
C01489;01/02/2014;<=10;0;0;<24, 48;319.52;0;0;6/02/2014;11;7765.34;BT;1/01/2013;1;CNE
C01490;01/02/2014;<=10;0;0;<24, 48;683.05;1422.07;0;13/02/2014;11;13944.1;BT;1/01/2011;1;COEF
C01491;01/02/2014;<=10;0;0;<=24;233.99;0;0;4/02/2014;10;1983.66;BT;1/01/2013;1;COEF
C01492;01/02/2014;<=10;0;0;<24, 48;482.33;0;0;5/02/2014;9;2305.95;BT;1/01/2011;1;CNE
C01494;01/02/2014;<=10;>0;0;<24, 48;1350.28;0;0;20/02/2014;20;16518.8;BT;1/01/2013;0;CNE
C01495;01/02/2014;<=10;0;0;<24, 48;356.64;0;0;3/02/2014;10;7191.73;BT;1/01/2013;1;CNE
C01496;01/02/2014;<=10;>0;0;>48;1376.2;1282.95;0;25/02/2014;7;37076.2;BT;1/01/2012;1;COEF
C01497;01/02/2014;>10;0;0;>48;357.83;0;0;19/02/2014;8;7091.86;BT;1/01/2012;1;COEF
C01498;01/02/2014;<=10;0;0;<24, 48;409.74;0;0;28/02/2014;17;3471.66;BT;1/01/2013;0;CNE
C01499;01/02/2014;>10;>0;1;<24, 48;403.05;0;220.4;26/02/2014;19;2785.45;BT;1/01/2011;0;CNE
C01502;01/02/2014;<=10;>0;0;<24, 48;1919.19;0;1930;10/02/2014;7;50227.3;BT;1/01/2012;1;CNE
C01505;01/02/2014;<=10;0;0;>48;1073.53;1073.53;0;6/02/2014;15;4819.71;BT;1/01/2010;1;CNE
C01507;01/02/2014;<=10;>0;0;<24, 48;305.51;0;0;24/02/2014;9;9421.93;BT;1/01/2013;1;CNE
C01508;01/02/2014;<=10;0;0;>48;2136.43;0;0;21/02/2014;19;13187.3;BT;1/01/2012;0;CNE
C01509;01/02/2014;<=10;0;0;<24, 48;748.66;0;0;6/02/2014;19;7594.46;BT;1/01/2013;0;CNE
C01510;01/02/2014;<=10;0;0;<24, 48;293;392.34;0;10/02/2014;12;8539.27;BT;1/01/2012;1;COEF
C01511;01/02/2014;<=10;0;0;<24, 48;463.54;0;0;3/02/2014;16;4394.79;BT;1/01/2011;1;COEF
C01512;01/02/2014;<=10;0;0;<24, 48;361.38;0;0;4/02/2014;16;5338.31;BT;1/01/2012;1;CNE
C01513;01/02/2014;>10;0;0;<24, 48;386.02;595.63;0;10/02/2014;13;6869.56;BT;1/01/2012;1;CNE
C01514;01/02/2014;<=10;0;0;>48;495.67;0;0;14/02/2014;14;28112.2;BT;1/01/2013;1;COEF
C01515;01/02/2014;<=10;0;0;>48;81.2;0;0;12/02/2014;8;4144.33;BT;1/01/2013;1;CNE
C01516;01/02/2014;>10;0;0;<24, 48;648.59;0;0;28/02/2014;14;8855.54;BT;1/01/2012;1;CNE
C01519;01/02/2014;>10;0;0;>48;285.34;0;285.14;6/02/2014;20;6188.34;BT;1/01/2012;1;CNE
C01520;01/02/2014;<=10;0;0;<=24;225.82;680.58;0;4/02/2014;13;3916.94;BT;1/01/2013;1;CNE
C01521;01/02/2014;<=10;>0;0;>48;229.16;230.87;224.48;25/02/2014;14;4763.86;BT;1/01/2012;1;CNE
C01522;01/02/2014;>10;>0;0;>48;656.98;653.49;307.41;13/02/2014;9;7370.38;BT;1/01/2010;1;CNE
C01523;01/02/2014;<=10;0;0;<24, 48;816.58;0;0;19/02/2014;19;19005.8;BT;1/01/2013;0;CNE
C01524;01/02/2014;>10;0;0;<24, 48;217.01;215.56;215.33;19/02/2014;7;2263.12;BT;1/01/2012;1;COEF
C01525;01/02/2014;<=10;>0;1;>48;513.33;0;0;7/02/2014;20;55619.6;BT;1/01/2013;1;CNE
C01526;01/02/2014;<=10;0;0;<24, 48;152.16;0;0;12/02/2014;9;4820.02;BT;1/01/2013;1;CNE
C01527;01/02/2014;>10;0;0;<24, 48;938.76;0;0;5/02/2014;8;20734.3;BT;1/01/2012;1;COEF
C01528;01/02/2014;<=10;0;0;>48;478.98;479.56;0;11/02/2014;11;13512.7;BT;1/01/2012;1;CNE
C01530;01/02/2014;<=10;0;0;>48;828.4;0;250.68;3/02/2014;12;25622.6;BT;1/01/2013;1;CNE
C01531;01/02/2014;<=10;0;0;<24, 48;335.57;335.64;273.19;3/02/2014;11;3288.76;BT;1/01/2011;1;CNE
C01533;01/02/2014;<=10;0;0;>48;204.69;0;0;7/02/2014;15;7458.54;BT;1/01/2013;1;COEF
C01535;01/02/2014;>10;0;0;<24, 48;207.45;415.12;624.66;12/02/2014;12;2818.7;BT;1/01/2012;1;CNE
C01536;01/02/2014;<=10;>0;0;<24, 48;1743.31;0;0;27/02/2014;19;19214.8;BT;1/01/2013;0;CNE
C01537;01/02/2014;<=10;0;0;<24, 48;317.09;321.23;319.82;12/02/2014;17;6348.4;BT;1/01/2013;1;CNE
C01538;01/02/2014;>10;>0;0;<24, 48;155.8;213.8;0;25/02/2014;7;2319.71;BT;1/01/2011;1;CNE
C01539;01/02/2014;<=10;>0;0;<24, 48;489.98;0;0;10/02/2014;17;9929.15;BT;1/01/2013;0;CNE
C01541;01/02/2014;<=10;0;0;<=24;143.63;0;0;3/02/2014;12;4567.02;BT;1/01/2013;1;CNE
C01542;01/02/2014;>10;0;0;<=24;208.34;208.39;0;21/02/2014;9;4291.74;BT;1/01/2012;1;COEF
C01544;01/02/2014;<=10;0;0;<24, 48;375.49;0.9;0;17/02/2014;12;7733.56;BT;1/01/2012;1;CNE
C01546;01/02/2014;<=10;0;0;<=24;512.12;510.94;0;14/02/2014;16;3352.86;BT;1/01/2013;0;CNE
C01547;01/02/2014;<=10;>0;1;<24, 48;701.96;690.16;0;14/02/2014;15;22236;BT;1/01/2013;1;CNE
C01548;01/02/2014;<=10;0;0;<24, 48;2210.95;0;0;25/02/2014;12;23453.3;BT;1/01/2013;0;CNE
C01549;01/02/2014;<=10;0;0;<24, 48;285.89;359.23;0;3/02/2014;11;9171.8;BT;1/01/2013;1;COEF
C01550;01/02/2014;<=10;0;0;<24, 48;250.67;0;87.52;6/02/2014;10;5749.42;BT;1/01/2013;1;CNE
C01551;01/02/2014;<=10;>0;0;<24, 48;408.78;420.32;417.95;24/02/2014;14;9921.96;BT;1/01/2013;1;CNE
C01552;01/02/2014;<=10;0;0;<24, 48;514.69;774.55;774.55;13/02/2014;17;4567.22;BT;1/01/2012;0;CNE
C01554;01/02/2014;<=10;0;0;>48;1044.57;0;0;14/02/2014;13;9239.27;BT;1/01/2012;0;CNE
C01556;01/02/2014;<=10;0;0;>48;480.09;0;0;5/02/2014;13;4235.26;BT;1/01/2013;0;CNE
C01558;01/02/2014;>10;0;0;<24, 48;149.69;0;0;6/02/2014;11;1695.48;BT;1/01/2012;1;CNE
C01559;01/02/2014;<=10;0;0;<24, 48;332.39;551;551;12/02/2014;10;5807.85;BT;1/01/2012;0;CNE
C01560;01/02/2014;>10;0;0;<24, 48;415.8;0;0;3/02/2014;14;1983.29;BT;1/01/2011;1;COEF
C01561;01/02/2014;<=10;0;0;>48;338.49;237;0;25/02/2014;11;17547;BT;1/01/2013;1;COEF
C01562;01/02/2014;<=10;0;0;>48;333.67;669.18;1006.74;18/02/2014;9;7933.09;BT;1/01/2013;1;CNE
C01563;01/02/2014;<=10;0;0;<24, 48;917.79;918.1;923.91;5/02/2014;7;21774.4;BT;1/01/2013;1;CNE
C01565;01/02/2014;>10;0;0;>48;105.72;169.8;592.64;5/02/2014;15;10246.4;BT;1/01/2012;1;CNE
C01567;01/02/2014;<=10;0;0;>48;1430.78;0;0;4/02/2014;13;12311.9;BT;1/01/2013;0;COEF
C01568;01/02/2014;<=10;0;0;<24, 48;262.64;262.15;262.15;20/02/2014;7;5192.25;BT;1/01/2013;1;CNE
C01569;01/02/2014;<=10;0;0;<=24;816.32;0;0;6/02/2014;14;817.21;BT;1/01/2013;1;COEF
C01570;01/02/2014;<=10;0;0;>48;1194.48;1200.42;1197.94;21/02/2014;10;36469.5;BT;1/01/2013;1;CNE
C01574;01/02/2014;<=10;0;0;<=24;325.5;0;0;21/02/2014;20;4448.45;BT;1/01/2013;1;CNE
C01575;01/02/2014;<=10;0;0;<24, 48;219.52;219.67;218.53;3/02/2014;14;2785.13;BT;1/01/2012;1;CNE
C01576;01/02/2014;<=10;0;0;>48;309.96;0;0;5/02/2014;8;4188.6;BT;1/01/2012;1;CNE
C01578;01/02/2014;<=10;0;0;<24, 48;111.89;0;0;6/02/2014;15;9160.99;BT;1/01/2013;1;CNE
C01580;01/02/2014;>10;0;0;>48;431.37;0;1299.37;13/02/2014;10;5850.15;BT;1/01/2011;1;CNE
C01581;01/02/2014;<=10;0;0;>48;1659.49;0;0;12/02/2014;7;15739.7;BT;1/01/2013;0;CNE
C01583;01/02/2014;>10;0;0;>48;142.56;0;0;12/02/2014;11;3483.16;BT;1/01/2010;1;COEF
C01584;01/02/2014;<=10;0;0;<24, 48;200.47;194.84;0;11/02/2014;10;954.37;BT;1/01/2011;1;CNE
C01586;01/02/2014;>10;0;0;<24, 48;343.62;0;356.94;4/02/2014;14;5522.64;BT;1/01/2011;1;CNE
C01587;01/02/2014;<=10;0;0;>48;280.79;512.34;495.83;21/02/2014;15;6342.77;BT;1/01/2012;1;COEF
C01588;01/02/2014;<=10;>0;0;>48;653.85;653.85;0;25/02/2014;7;4088.17;BT;1/01/2013;0;CNE
C01589;01/02/2014;<=10;0;1;<24, 48;602.86;0;0;11/02/2014;8;14026.2;BT;1/01/2013;1;COEF
C01590;01/02/2014;<=10;0;0;<24, 48;192.77;0;0;7/02/2014;15;4389.66;BT;1/01/2012;1;CNE
C01592;01/02/2014;<=10;>0;0;>48;418.97;638.05;638.05;11/02/2014;10;4865.09;BT;1/01/2013;1;CNE
C01593;01/02/2014;<=10;0;0;>48;635.09;655.11;36.51;6/02/2014;16;19359.1;BT;1/01/2013;1;CNE
C01594;01/02/2014;<=10;0;0;<=24;86.44;86.98;86.99;13/02/2014;7;837.1;BT;1/01/2013;1;CNE
C01595;01/02/2014;<=10;0;0;>48;354.6;709.27;0;20/02/2014;18;6741.68;BT;1/01/2012;1;CNE
C01596;01/02/2014;<=10;>0;0;<=24;760.82;0;0;7/02/2014;10;761.22;BT;1/01/2013;0;CNE
C01597;01/02/2014;>10;0;0;>48;1590.68;1512.01;0;3/02/2014;10;53752.5;BT;1/01/2012;1;COEF
C01598;01/02/2014;<=10;0;0;<24, 48;59.95;0;0;3/02/2014;8;13248.9;BT;1/01/2013;1;CNE
C01601;01/02/2014;<=10;0;0;<24, 48;365.76;734.19;370.87;18/02/2014;13;11909.1;BT;1/01/2012;1;CNE
C01602;01/02/2014;<=10;0;0;<24, 48;924;0;936.37;21/02/2014;10;17812.9;BT;1/01/2013;1;CNE
C01606;01/02/2014;<=10;0;0;<24, 48;229.22;459.62;691.63;24/02/2014;15;3850.56;BT;1/01/2012;1;CNE
C01607;01/02/2014;>10;0;0;<24, 48;1071.61;1615.7;0;10/02/2014;15;11532.6;BT;1/01/2012;1;CNE
C01608;01/02/2014;<=10;>0;0;>48;4905.99;0;0;13/02/2014;12;35849;BT;1/01/2012;0;COEF
C01609;01/02/2014;<=10;0;0;<24, 48;259.41;259.52;0.18;5/02/2014;8;4556.4;BT;1/01/2013;1;COEF
C01611;01/02/2014;<=10;0;0;<24, 48;1302.2;1316.01;1310.97;18/02/2014;16;30061;BT;1/01/2013;1;CNE
C01612;01/02/2014;>10;>0;0;<24, 48;928.39;0;0;5/02/2014;20;9001.3;BT;1/01/2011;0;COEF
C01613;01/02/2014;>10;0;0;<24, 48;367.66;279.87;174.18;6/02/2014;12;7044.79;BT;1/01/2012;1;COEF
C01614;01/02/2014;<=10;>0;0;<24, 48;336.4;504.06;505.62;20/02/2014;10;3783.49;BT;1/01/2013;0;CNE
C01616;01/02/2014;<=10;0;0;<24, 48;354.27;0;367.5;10/02/2014;9;6238.6;BT;1/01/2012;1;COEF
C01618;01/02/2014;<=10;0;0;<24, 48;423.02;268.21;421.05;24/02/2014;8;7192.2;BT;1/01/2012;1;CNE
C01619;01/02/2014;>10;0;0;<24, 48;113.37;395.12;403.45;10/02/2014;8;2062.31;BT;1/01/2010;1;CNE
C01621;01/02/2014;<=10;0;0;<24, 48;277.85;0;0;10/02/2014;10;5267.88;BT;1/01/2013;1;CNE
C01622;01/02/2014;<=10;0;0;>48;224.8;0;0;14/02/2014;11;6332.94;BT;1/01/2012;1;CNE
C01623;01/02/2014;<=10;0;0;>48;85.56;501.92;0;12/02/2014;9;13820.9;BT;1/01/2013;1;COEF
C01626;01/02/2014;<=10;0;0;<24, 48;257.93;0;0;10/02/2014;12;5163.13;BT;1/01/2013;1;CNE
C01627;01/02/2014;>10;0;0;<24, 48;424.07;637.21;851.47;13/02/2014;13;2323.52;BT;1/01/2011;0;CNE
C01629;01/02/2014;<=10;0;0;<24, 48;90.87;0;0;25/02/2014;14;4326.1;BT;1/01/2013;1;CNE
C01630;01/02/2014;<=10;0;0;>48;419.42;0;1268.25;4/02/2014;7;4987.48;BT;1/01/2013;1;COEF
C01631;01/02/2014;>10;0;0;<24, 48;588.37;890.02;890.02;5/02/2014;14;3992.98;BT;1/01/2012;0;CNE
C01632;01/02/2014;>10;0;0;<=24;32.54;10.17;443.24;12/02/2014;9;807.72;BT;1/01/2012;1;COEF
C01634;01/02/2014;<=10;>0;0;<24, 48;646.43;758.79;666.48;7/02/2014;7;23099.9;BT;1/01/2013;1;COEF
C01635;01/02/2014;>10;0;0;>48;100.57;0;0;12/02/2014;12;13961;BT;1/01/2011;1;CNE
C01638;01/02/2014;<=10;>0;0;>48;558.11;0;1719.16;17/02/2014;20;6272.55;BT;1/01/2012;1;CNE
C01639;01/02/2014;>10;0;0;>48;59.27;0;0;4/02/2014;7;9632.01;BT;1/01/2011;1;CNE
C01640;01/02/2014;<=10;0;0;<24, 48;222.9;0;0;6/02/2014;14;4142.68;BT;1/01/2013;1;COEF
C01641;01/02/2014;>10;0;0;<24, 48;363.88;0;0;5/02/2014;16;2982.33;BT;1/01/2011;1;CNE
C01644;01/02/2014;<=10;0;0;<24, 48;315.59;0;0;7/02/2014;14;7969.88;BT;1/01/2012;1;CNE
C01646;01/02/2014;>10;>0;0;>48;4188.03;4195.14;2795.14;10/02/2014;7;27214.2;BT;1/01/2010;0;CNE
C01648;01/02/2014;<=10;0;1;<24, 48;246.97;528.32;534.36;11/02/2014;9;1261.29;BT;1/01/2011;1;COEF
C01649;01/02/2014;<=10;0;0;>48;1795.7;0;0;6/02/2014;16;18481.3;BT;1/01/2013;0;CNE
C01650;01/02/2014;<=10;0;0;<=24;338.21;0;0;12/02/2014;15;7038.97;BT;1/01/2013;1;COEF
C01652;01/02/2014;>10;0;0;>48;20.15;0;0;6/02/2014;13;3518.88;BT;1/01/2011;1;CNE
C01654;01/02/2014;<=10;0;0;<24, 48;214.37;0;217.74;3/02/2014;13;16749.6;BT;1/01/2012;1;COEF
C01655;01/02/2014;<=10;0;0;<24, 48;142.38;90.56;0;18/02/2014;9;10562.9;BT;1/01/2012;1;CNE
C01656;01/02/2014;<=10;0;0;<=24;742.14;0;0;28/02/2014;10;742.55;BT;1/01/2014;1;CNE
C01657;01/02/2014;>10;0;0;<24, 48;371.04;166.56;0;3/02/2014;9;1450.52;BT;1/01/2011;1;COEF
C01658;01/02/2014;<=10;0;0;<=24;327.58;0;1033.22;20/02/2014;11;3725.39;BT;1/01/2013;1;CNE
C01659;01/02/2014;<=10;0;0;>48;26.08;0;0;7/02/2014;15;5084.37;BT;1/01/2011;1;CNE
C01660;01/02/2014;<=10;>0;0;<24, 48;771.69;774.72;775.8;19/02/2014;16;5715.99;BT;1/01/2012;0;CNE
C01661;01/02/2014;<=10;>0;0;>48;259.43;255.61;242.08;19/02/2014;14;5902.37;BT;1/01/2011;1;CNE
C01662;01/02/2014;>10;0;0;<24, 48;459.82;0;0;3/02/2014;14;7300.75;BT;1/01/2011;1;COEF
C01668;01/02/2014;>10;0;0;>48;305.48;307.16;307.31;10/02/2014;16;6099.74;BT;1/01/2011;1;COEF
C01669;01/02/2014;>10;0;0;>48;1683.12;833.93;0;5/02/2014;13;35970;BT;1/01/2011;1;CNE
C01670;01/02/2014;<=10;0;0;>48;171.71;221.54;0;12/02/2014;18;6924.61;BT;1/01/2012;1;CNE
C01671;01/02/2014;<=10;0;0;>48;1097.04;1099.13;2199.88;10/02/2014;13;38265.3;BT;1/01/2012;1;CNE
C01672;01/02/2014;<=10;0;0;<24, 48;380.18;131.8;380.95;26/02/2014;10;5585.43;BT;1/01/2011;1;CNE
C01673;01/02/2014;>10;0;0;<24, 48;526.99;793.63;1061.81;7/02/2014;12;2602.59;BT;1/01/2011;0;CNE
C01674;01/02/2014;>10;0;0;>48;705.24;1434.47;0;5/02/2014;7;50845.1;BT;1/01/2012;1;CNE
C01676;01/02/2014;<=10;0;0;<24, 48;535.18;535.18;805.23;20/02/2014;13;5706.87;BT;1/01/2013;0;CNE
C01678;01/02/2014;>10;0;0;<24, 48;365.29;428.62;0;24/02/2014;9;6985.6;BT;1/01/2012;1;CNE
C01679;01/02/2014;<=10;0;0;<24, 48;1132.2;0;0;18/02/2014;16;7271.49;BT;1/01/2012;0;CNE
C01680;01/02/2014;<=10;0;0;<24, 48;318.23;0;0;3/02/2014;7;10536.1;BT;1/01/2013;1;CNE
C01681;01/02/2014;<=10;0;0;<24, 48;401.91;811.09;0;28/02/2014;9;9029.83;BT;1/01/2012;1;CNE
C01682;01/02/2014;<=10;0;0;<24, 48;1460.17;0;305.04;26/02/2014;14;11364.1;BT;1/01/2012;0;CNE
C01683;01/02/2014;<=10;0;0;<24, 48;264.8;0;513.22;13/02/2014;11;29307.2;BT;1/01/2012;1;CNE
C01684;01/02/2014;<=10;>0;0;>48;775.48;1165.5;0;26/02/2014;9;8018.49;BT;1/01/2011;0;CNE
C01686;01/02/2014;<=10;0;0;<24, 48;240.71;241.06;241.45;10/02/2014;12;4641.01;BT;1/01/2013;1;CNE
C01687;01/02/2014;>10;0;0;>48;727.1;0;0;3/02/2014;12;13323.2;BT;1/01/2011;1;CNE
C01688;01/02/2014;<=10;0;0;>48;357.55;356.4;0;12/02/2014;16;8607.17;BT;1/01/2012;1;CNE
C01689;01/02/2014;<=10;>0;0;<=24;632.98;635.33;0;6/02/2014;12;632.31;BT;1/01/2013;0;COEF
C01692;01/02/2014;<=10;>0;0;>48;53.47;7.07;24.92;25/02/2014;9;6483.39;BT;1/01/2013;1;COEF
C01693;01/02/2014;>10;0;0;>48;2047.02;2045.86;2015.61;19/02/2014;7;63408.6;BT;1/01/2012;1;COEF
C01694;01/02/2014;<=10;0;0;<24, 48;725.35;1450.99;0;28/02/2014;14;20006.4;BT;1/01/2014;1;CNE
C01695;01/02/2014;<=10;>0;0;<=24;453.44;0;0;5/02/2014;13;2270.55;BT;1/01/2013;0;CNE
C01697;01/02/2014;<=10;>0;0;<24, 48;1209.31;0;0;24/02/2014;13;10022.5;BT;1/01/2012;0;CNE
C01699;01/02/2014;<=10;>0;0;<24, 48;458.5;459.9;461.02;10/02/2014;12;3283.89;BT;1/01/2012;0;COEF
C01700;01/02/2014;>10;0;0;<24, 48;563.28;0;0;6/02/2014;7;10076.2;BT;1/01/2012;1;COEF
C01701;01/02/2014;<=10;>0;0;<24, 48;2225.07;0;0;25/02/2014;16;21199.6;BT;1/01/2013;0;CNE
C01702;01/02/2014;<=10;0;0;>48;322.13;0;0;13/02/2014;12;9995.7;BT;1/01/2013;1;CNE
C01703;01/02/2014;<=10;>0;0;<24, 48;1238.02;0;0;19/02/2014;16;13448.7;BT;1/01/2012;0;CNE
C01704;01/02/2014;<=10;0;0;>48;301.12;663.49;0;12/02/2014;7;9228.98;BT;1/01/2012;1;CNE
C01705;01/02/2014;>10;0;0;>48;94.05;0;192.44;20/02/2014;13;11812.4;BT;1/01/2011;1;CNE
C01706;01/02/2014;>10;>0;0;<24, 48;240.39;237.47;0;27/02/2014;14;3342.32;BT;1/01/2012;1;CNE
C01707;01/02/2014;<=10;0;0;>48;947.07;0;0;11/02/2014;9;42201.7;BT;1/01/2013;1;CNE
C01710;01/02/2014;<=10;>0;0;<24, 48;677.93;639.49;639.49;26/02/2014;10;5280.49;BT;1/01/2012;0;CNE
C01711;01/02/2014;<=10;0;0;<24, 48;1135.12;1712.08;0;11/02/2014;13;11884.7;BT;1/01/2013;1;CNE
C01713;01/02/2014;>10;0;0;<24, 48;81.81;163.86;0;7/02/2014;12;1049.7;BT;1/01/2012;1;CNE
C01714;01/02/2014;<=10;0;0;<24, 48;898.04;1351.01;1349.38;12/02/2014;14;10678;BT;1/01/2012;0;CNE
C01715;01/02/2014;<=10;0;0;>48;293.79;0;886;24/02/2014;12;4662.22;BT;1/01/2012;1;CNE
C01716;01/02/2014;<=10;0;0;>48;580.27;499.96;0;18/02/2014;8;10258.4;BT;1/01/2011;1;CNE
C01717;01/02/2014;>10;0;0;>48;631.15;176.21;0;18/02/2014;9;22878.7;BT;1/01/2012;1;CNE
C01718;01/02/2014;>10;0;0;<24, 48;305.53;299.44;0;13/02/2014;9;3826.37;BT;1/01/2012;1;CNE
C01719;01/02/2014;<=10;0;0;<24, 48;798.03;798.07;800.23;13/02/2014;11;18730.7;BT;1/01/2012;1;CNE
C01720;01/02/2014;<=10;0;0;>48;2348.89;0;0;14/02/2014;10;12660.9;BT;1/01/2013;0;CNE
C01721;01/02/2014;<=10;0;0;>48;1371.94;0;0;18/02/2014;16;11049.2;BT;1/01/2012;0;COEF
C01722;01/02/2014;>10;0;0;<24, 48;55.44;0;0;11/02/2014;15;3401.77;BT;1/01/2012;1;CNE
C01723;01/02/2014;<=10;0;0;<24, 48;815.91;816.97;0;3/02/2014;12;14660.5;BT;1/01/2013;1;COEF
C01724;01/02/2014;<=10;0;0;<24, 48;1045.04;0;0;4/02/2014;18;11698.5;BT;1/01/2011;0;CNE
C01725;01/02/2014;<=10;0;1;<24, 48;622.45;0;0;5/02/2014;18;4975.89;BT;1/01/2013;0;CNE
C01726;01/02/2014;<=10;0;0;<24, 48;139.74;0;0;17/02/2014;14;3651.21;BT;1/01/2013;1;CNE
C01727;01/02/2014;<=10;0;0;>48;314.88;0;186.37;5/02/2014;8;7609.18;BT;1/01/2012;1;CNE
C01728;01/02/2014;<=10;0;0;<=24;279.79;281.84;0;13/02/2014;10;2871.78;BT;1/01/2012;1;CNE
C01730;01/02/2014;<=10;>0;0;>48;1028.78;0;0;5/02/2014;17;9796.28;BT;1/01/2013;0;CNE
C01731;01/02/2014;<=10;0;0;<24, 48;227.24;189.47;0;20/02/2014;8;4473.95;BT;1/01/2013;1;CNE
C01732;01/02/2014;<=10;0;0;<24, 48;107.72;0;0;12/02/2014;13;6085.71;BT;1/01/2011;1;CNE
C01733;01/02/2014;>10;0;0;<24, 48;134.38;233.44;0;7/02/2014;9;2315.92;BT;1/01/2011;1;CNE
C01734;01/02/2014;<=10;0;0;>48;298.16;295.19;298.75;18/02/2014;11;5755.4;BT;1/01/2012;1;CNE
C01735;01/02/2014;<=10;>0;0;<24, 48;1863.85;0;0;27/02/2014;19;20309.9;BT;1/01/2013;0;CNE
C01736;01/02/2014;<=10;>0;0;>48;2121.61;0;0;3/02/2014;19;22606.8;BT;1/01/2012;0;CNE
C01738;01/02/2014;<=10;0;0;<24, 48;65.86;184.34;69.69;3/02/2014;16;8818.8;BT;1/01/2013;1;CNE
C01739;01/02/2014;<=10;0;0;<24, 48;745.78;0;0;12/02/2014;10;5244.49;BT;1/01/2013;0;CNE
C01740;01/02/2014;>10;>0;0;>48;691.92;695.81;698.69;18/02/2014;15;11233.5;BT;1/01/2011;1;CNE
C01742;01/02/2014;<=10;0;0;<=24;159.79;159.91;320.51;3/02/2014;16;2248.8;BT;1/01/2013;1;COEF
C01743;01/02/2014;<=10;0;0;<24, 48;255.08;255.41;0;4/02/2014;11;4988.16;BT;1/01/2013;1;COEF
C01744;01/02/2014;<=10;0;0;<=24;214.94;215.36;0;6/02/2014;8;821.16;BT;1/01/2012;1;COEF
C01745;01/02/2014;<=10;0;0;<24, 48;732.38;837.25;1576.96;26/02/2014;14;20580;BT;1/01/2013;1;CNE
C01746;01/02/2014;<=10;0;0;<24, 48;219.93;0;0;11/02/2014;11;3495.59;BT;1/01/2012;1;CNE
C01747;01/02/2014;<=10;0;0;>48;467.74;936.52;1409.85;17/02/2014;7;9014.84;BT;1/01/2012;1;COEF
C01748;01/02/2014;<=10;0;0;<24, 48;322.83;645.05;969.87;28/02/2014;7;5842.16;BT;1/01/2013;1;CNE
C01749;01/02/2014;<=10;>0;0;>48;269.7;0;813.75;26/02/2014;9;6247.87;BT;1/01/2013;1;CNE
C01750;01/02/2014;<=10;>0;0;<24, 48;1200.46;0;0;7/02/2014;7;1201.46;BT;1/01/2013;0;COEF
C01751;01/02/2014;<=10;0;0;<24, 48;558.95;553.6;552.85;26/02/2014;7;6303.38;BT;1/01/2013;0;CNE
C01753;01/02/2014;<=10;0;0;<24, 48;436.35;0;99.3;3/02/2014;17;4706.42;BT;1/01/2012;0;CNE
C01754;01/02/2014;<=10;0;0;<=24;144.03;144.56;144.05;10/02/2014;7;1039.26;BT;1/01/2013;1;CNE
C01756;01/02/2014;<=10;0;0;<24, 48;279.06;0;0;5/02/2014;9;5721.67;BT;1/01/2013;1;COEF
C01757;01/02/2014;<=10;0;0;>48;231.68;232.09;0;10/02/2014;11;6082.87;BT;1/01/2013;1;CNE
C01758;01/02/2014;>10;0;0;<24, 48;359.76;359.35;358.67;7/02/2014;14;5517.12;BT;1/01/2011;1;CNE
C01759;01/02/2014;<=10;0;0;>48;157.17;808.85;2535.7;4/02/2014;10;21006.7;BT;1/01/2013;1;CNE
C01760;01/02/2014;<=10;0;0;<24, 48;273.91;0;251.37;13/02/2014;8;4841.96;BT;1/01/2013;1;COEF
C01763;01/02/2014;<=10;0;0;>48;823.37;245.51;0;6/02/2014;9;22825.2;BT;1/01/2013;1;COEF
C01764;01/02/2014;<=10;0;0;<24, 48;315.59;0;315.92;3/02/2014;11;6644.86;BT;1/01/2013;1;COEF
C01766;01/02/2014;<=10;0;0;>48;641.38;641.38;0;27/02/2014;10;16654.2;BT;1/01/2013;1;CNE
C01767;01/02/2014;<=10;0;0;<24, 48;231.56;231.61;0;11/02/2014;10;5256.09;BT;1/01/2013;1;CNE
C01768;01/02/2014;>10;0;0;<24, 48;1129.38;0;0;25/02/2014;15;6998.59;BT;1/01/2011;0;CNE
C01769;01/02/2014;<=10;0;0;>48;544.83;696.72;698.6;17/02/2014;16;20406.2;BT;1/01/2013;1;COEF
C01770;01/02/2014;<=10;>0;0;<24, 48;751.57;0;0;4/02/2014;10;5002.61;BT;1/01/2013;0;CNE
C01771;01/02/2014;>10;0;0;<24, 48;614.16;621.9;622.51;11/02/2014;13;11423.2;BT;1/01/2011;1;CNE
C01773;01/02/2014;<=10;0;0;<24, 48;477.25;46.99;92.91;7/02/2014;9;17598;BT;1/01/2013;1;COEF
C01774;01/02/2014;>10;>0;1;<24, 48;136.16;441.1;0;14/02/2014;15;7003.43;BT;1/01/2011;1;COEF
C01775;01/02/2014;<=10;0;0;<24, 48;351.59;704.17;0;11/02/2014;17;7296.08;BT;1/01/2013;1;COEF
C01777;01/02/2014;>10;0;0;<24, 48;280.93;0;0;20/02/2014;17;3025.04;BT;1/01/2012;1;COEF
C01778;01/02/2014;<=10;0;0;<24, 48;1664.97;0;0;4/02/2014;17;9893.94;BT;1/01/2012;0;CNE
C01780;01/02/2014;<=10;0;0;<=24;201.85;0;0;4/02/2014;12;2578.67;BT;1/01/2013;1;CNE
C01781;01/02/2014;>10;0;0;<24, 48;336.75;349.2;102.65;3/02/2014;9;4934.52;BT;1/01/2012;1;COEF
C01782;01/02/2014;>10;>0;0;<24, 48;255.33;0.52;255.7;18/02/2014;11;2770.96;BT;1/01/2012;1;CNE
C01785;01/02/2014;<=10;0;0;<=24;127.25;0;0;13/02/2014;9;1538.75;BT;1/01/2012;1;CNE
C01786;01/02/2014;>10;0;0;<24, 48;73.74;75.42;81.87;26/02/2014;9;1255.68;BT;1/01/2013;1;CNE
C01787;01/02/2014;>10;0;0;>48;93.2;348.3;0;6/02/2014;15;8644.79;BT;1/01/2011;1;COEF
C01788;01/02/2014;<=10;>0;1;<24, 48;1454.92;0;2399.6;11/02/2014;11;23453.4;BT;1/01/2012;0;COEF
C01789;01/02/2014;<=10;0;0;<24, 48;795.02;0;750.87;3/02/2014;8;13156.6;BT;1/01/2012;1;CNE
C01790;01/02/2014;<=10;0;0;>48;257.43;257.43;0;20/02/2014;14;8166.44;BT;1/01/2013;1;CNE
C01791;01/02/2014;<=10;>0;0;>48;414.51;414.74;830.9;10/02/2014;9;8535.24;BT;1/01/2012;1;COEF
C01792;01/02/2014;<=10;0;0;<24, 48;289.47;0;11.52;12/02/2014;9;5150.92;BT;1/01/2013;1;COEF
C01793;01/02/2014;<=10;0;0;>48;107.95;0;0;7/02/2014;10;2923.76;BT;1/01/2013;1;CNE
C01796;01/02/2014;>10;0;0;>48;2150.75;0;0;3/02/2014;16;69550.2;BT;1/01/2012;1;COEF
C01797;01/02/2014;<=10;>0;0;>48;192.5;174.16;112.99;24/02/2014;9;7366.1;BT;1/01/2011;1;CNE
C01798;01/02/2014;<=10;0;0;>48;208.89;0;0;5/02/2014;12;5383.81;BT;1/01/2013;1;CNE
C01799;01/02/2014;>10;0;0;>48;26.23;39.38;0;6/02/2014;9;8933.18;BT;1/01/2011;1;CNE
C01800;01/02/2014;>10;0;0;>48;226.4;0.4;0;3/02/2014;15;2922.08;BT;1/01/2012;1;CNE
C01803;01/02/2014;<=10;>0;0;>48;388.94;778.56;391.73;26/02/2014;10;9959.22;BT;1/01/2013;1;CNE
C01804;01/02/2014;<=10;0;0;<24, 48;1685.71;0;0;12/02/2014;13;6835.9;BT;1/01/2011;0;COEF
C01805;01/02/2014;>10;0;0;<24, 48;280.95;561.91;844.71;12/02/2014;13;1143.09;BT;1/01/2011;0;CNE
C01807;01/02/2014;<=10;>0;0;<=24;785.69;0;0;25/02/2014;17;2472.38;BT;1/01/2013;0;CNE
C01809;01/02/2014;<=10;0;0;>48;298.04;600.27;904.37;6/02/2014;12;6663.85;BT;1/01/2013;1;CNE
C01810;01/02/2014;<=10;>0;0;<=24;1550.37;0;0;19/02/2014;18;9626.47;BT;1/01/2013;0;CNE
C01811;01/02/2014;>10;0;0;<24, 48;238.05;238.38;238.58;11/02/2014;8;2815.51;BT;1/01/2012;1;COEF
C01812;01/02/2014;<=10;0;0;<=24;783.79;0;0;5/02/2014;7;2598.72;BT;1/01/2013;1;COEF
C01813;01/02/2014;<=10;0;0;<24, 48;509.29;510.68;0;19/02/2014;14;8943.32;BT;1/01/2011;1;CNE
C01814;01/02/2014;<=10;0;0;<24, 48;716.05;1077.37;1440.82;28/02/2014;8;5834.37;BT;1/01/2011;0;CNE
C01815;01/02/2014;<=10;0;0;<=24;111.29;135.1;0;12/02/2014;11;592.41;BT;1/01/2012;1;CNE
C01816;01/02/2014;<=10;0;0;<24, 48;774;0;0;13/02/2014;19;5154.18;BT;1/01/2013;0;CNE
C01817;01/02/2014;<=10;0;0;<24, 48;109.24;0;0;4/02/2014;12;1446.9;BT;1/01/2012;1;COEF
C01818;01/02/2014;<=10;>0;0;>48;685.67;0;924.49;19/02/2014;13;9226.99;BT;1/01/2012;1;COEF
C01819;01/02/2014;<=10;>0;1;<24, 48;3102.23;0;0;3/02/2014;20;24969.1;BT;1/01/2012;0;CNE
C01820;01/02/2014;<=10;>0;0;>48;355.97;719.41;1085.72;26/02/2014;15;9184.48;BT;1/01/2013;1;CNE
C01821;01/02/2014;<=10;0;0;<=24;295.02;302.3;298.38;10/02/2014;18;1161.92;BT;1/01/2013;1;CNE
C01822;01/02/2014;>10;>0;1;<24, 48;26.38;126.71;247.25;20/02/2014;10;2381.27;BT;1/01/2011;1;COEF
C01823;01/02/2014;<=10;>0;0;<24, 48;185.35;171.05;157.41;17/02/2014;14;3131.35;BT;1/01/2013;1;CNE
C01824;01/02/2014;>10;0;0;<24, 48;516.65;777.38;1040.63;10/02/2014;11;3486.69;BT;1/01/2012;0;CNE
C01825;01/02/2014;<=10;>0;0;>48;685.47;367.39;0;21/02/2014;10;684.52;BT;1/01/2010;0;COEF
C01827;01/02/2014;<=10;0;0;<24, 48;309.96;0;0;4/02/2014;11;3369.48;BT;1/01/2012;1;COEF
C01829;01/02/2014;<=10;0;0;<24, 48;1018.15;0;0;7/02/2014;15;5933.44;BT;1/01/2013;0;COEF
C01830;01/02/2014;<=10;0;0;<=24;250.24;0;0;4/02/2014;18;5794.71;BT;1/01/2013;1;COEF
C01831;01/02/2014;<=10;0;0;<24, 48;860.86;0;0;12/02/2014;10;23708;BT;1/01/2012;1;COEF
C01833;01/02/2014;<=10;0;0;<24, 48;314.95;0;0;17/02/2014;18;3140;BT;1/01/2013;1;CNE
C01834;01/02/2014;<=10;0;0;>48;21.18;0;556.23;5/02/2014;8;10568.6;BT;1/01/2011;1;CNE
C01835;01/02/2014;<=10;0;0;<24, 48;208.5;0;0;7/02/2014;9;3685.97;BT;1/01/2013;1;COEF
C01836;01/02/2014;<=10;0;0;>48;414.22;0.21;0.47;4/02/2014;8;8533.99;BT;1/01/2012;1;COEF
C01837;01/02/2014;>10;0;0;<24, 48;213.48;212.99;0;20/02/2014;20;2012.95;BT;1/01/2011;1;CNE
C01838;01/02/2014;<=10;0;0;<24, 48;529.67;0.46;0.73;4/02/2014;14;13743.6;BT;1/01/2013;1;COEF
C01839;01/02/2014;<=10;0;0;<24, 48;665.66;1336.3;1313.35;26/02/2014;10;21318.1;BT;1/01/2012;1;CNE
C01840;01/02/2014;>10;0;0;>48;195.86;803.41;605.09;5/02/2014;15;8801.54;BT;1/01/2011;1;CNE
C01841;01/02/2014;<=10;0;0;>48;564.31;562.46;0;3/02/2014;9;21453.5;BT;1/01/2013;1;COEF
C01842;01/02/2014;<=10;0;0;>48;524.62;0;523.52;13/02/2014;15;13936.7;BT;1/01/2013;1;CNE
C01843;01/02/2014;<=10;0;0;<=24;244.98;0;0;4/02/2014;9;4134.46;BT;1/01/2013;1;CNE
C01844;01/02/2014;<=10;0;0;<=24;290.12;274.68;302.32;6/02/2014;15;4087.31;BT;1/01/2013;1;COEF
C01845;01/02/2014;<=10;>0;0;<24, 48;668.31;442.83;132.28;14/02/2014;7;20500.7;BT;1/01/2013;1;CNE
C01846;01/02/2014;<=10;0;0;>48;1196.47;0;0;6/02/2014;13;20870.4;BT;1/01/2013;0;CNE
C01848;01/02/2014;<=10;0;0;>48;58.35;113.55;112.44;4/02/2014;19;2440.15;BT;1/01/2013;1;CNE
C01849;01/02/2014;<=10;0;0;<24, 48;258.44;258.44;0;3/02/2014;11;1221.88;BT;1/01/2012;1;COEF
C01850;01/02/2014;<=10;0;0;>48;37.56;0;0;3/02/2014;15;9588.19;BT;1/01/2013;1;CNE
C01851;01/02/2014;<=10;>0;0;>48;426.28;854.03;0;28/02/2014;13;5731.62;BT;1/01/2012;1;CNE
C01852;01/02/2014;<=10;0;0;<24, 48;90.42;0;0;19/02/2014;11;8320.76;BT;1/01/2013;1;CNE
C01853;01/02/2014;>10;0;0;>48;178.93;0;0;19/02/2014;11;2976.52;BT;1/01/2010;1;COEF
C01855;01/02/2014;<=10;0;0;<=24;216.39;0;217.4;19/02/2014;12;1399.89;BT;1/01/2013;1;COEF
C01856;01/02/2014;<=10;0;0;>48;407.55;407.83;0.43;5/02/2014;7;7939.39;BT;1/01/2013;1;COEF
C01857;01/02/2014;>10;>0;0;<24, 48;234.07;233.85;234.14;28/02/2014;9;1288.02;BT;1/01/2011;1;CNE
C01858;01/02/2014;<=10;>0;0;<24, 48;1709.04;0;0;19/02/2014;16;9630.36;BT;1/01/2012;0;CNE
C01860;01/02/2014;<=10;>0;0;<24, 48;723.52;540.18;540.18;20/02/2014;18;7631.27;BT;1/01/2012;0;COEF
C01861;01/02/2014;<=10;0;0;<24, 48;278.19;0;0;3/02/2014;15;14232.5;BT;1/01/2013;1;CNE
C01863;01/02/2014;<=10;>0;0;>48;75.63;267.94;0;17/02/2014;15;5746.64;BT;1/01/2011;1;COEF
C01865;01/02/2014;>10;0;0;<=24;562.33;0;0;4/02/2014;19;1135.67;BT;1/01/2012;1;CNE
C01866;01/02/2014;<=10;0;0;>48;694.16;1043.22;0;17/02/2014;15;7579.82;BT;1/01/2013;0;CNE
C01867;01/02/2014;<=10;0;0;>48;735.6;1471.42;0;26/02/2014;13;22031.6;BT;1/01/2013;1;CNE
C01869;01/02/2014;<=10;0;0;<24, 48;256.65;0;0;5/02/2014;20;4370.79;BT;1/01/2013;1;CNE
C01871;01/02/2014;<=10;0;0;>48;54.2;0;0;5/02/2014;9;10003.5;BT;1/01/2013;1;CNE
C01872;01/02/2014;<=10;0;0;<=24;300.17;297.89;230.08;11/02/2014;7;2673.71;BT;1/01/2013;1;CNE
C01873;01/02/2014;>10;0;0;<24, 48;160.31;0;0;20/02/2014;8;2450.71;BT;1/01/2011;1;CNE
C01875;01/02/2014;<=10;0;0;<24, 48;158.06;158.58;0;7/02/2014;12;6038.81;BT;1/01/2013;1;CNE
C01876;01/02/2014;<=10;0;0;>48;211.91;228.71;219.6;11/02/2014;20;5823.99;BT;1/01/2013;1;COEF
C01877;01/02/2014;<=10;0;0;<=24;627.85;1260.52;37.35;13/02/2014;10;11267.5;BT;1/01/2013;1;CNE
C01878;01/02/2014;<=10;0;0;>48;187.68;0;721.47;3/02/2014;16;22363.8;BT;1/01/2013;1;CNE
C01879;01/02/2014;>10;0;0;<24, 48;879.05;437.16;0;12/02/2014;10;6450.56;BT;1/01/2012;0;CNE
C01881;01/02/2014;>10;0;0;>48;224.48;224.59;224.85;10/02/2014;7;1848.48;BT;1/01/2011;1;COEF
C01882;01/02/2014;<=10;>0;0;<24, 48;1167.15;0;0;6/02/2014;15;3814.1;BT;1/01/2012;0;CNE
C01883;01/02/2014;>10;0;0;>48;113.7;244.24;59.57;21/02/2014;7;2042.03;BT;1/01/2010;1;CNE
C01884;01/02/2014;<=10;0;0;<24, 48;289.58;0;297.58;5/02/2014;10;6512.6;BT;1/01/2012;1;COEF
C01885;01/02/2014;<=10;0;0;<24, 48;1112.36;0;0;5/02/2014;14;4015.67;BT;1/01/2012;0;CNE
C01886;01/02/2014;<=10;>0;0;>48;1396.72;0;0;5/02/2014;16;10544.1;BT;1/01/2013;0;CNE
C01887;01/02/2014;<=10;0;0;<24, 48;138.63;133.13;142.9;4/02/2014;9;968.94;BT;1/01/2011;1;CNE
C01889;01/02/2014;<=10;0;0;<24, 48;683.67;680.32;665.88;12/02/2014;12;16757.6;BT;1/01/2012;1;COEF
C01890;01/02/2014;<=10;0;0;<=24;635.78;637.46;0;19/02/2014;18;635.11;BT;1/01/2013;0;CNE
C01892;01/02/2014;<=10;0;0;>48;202.46;0;0;12/02/2014;9;2382.5;BT;1/01/2012;1;CNE
C01893;01/02/2014;>10;0;0;<24, 48;44.57;0;0;21/02/2014;8;1731.05;BT;1/01/2011;1;COEF
C01894;01/02/2014;<=10;0;0;<24, 48;36.48;251.23;308.77;3/02/2014;16;12723.7;BT;1/01/2013;1;CNE
C01896;01/02/2014;>10;>0;0;<24, 48;725.79;0;0;5/02/2014;12;3099.23;BT;1/01/2012;0;CNE
C01897;01/02/2014;<=10;0;0;<24, 48;776.6;785.89;1050.63;7/02/2014;11;5212.02;BT;1/01/2013;0;CNE
C01898;01/02/2014;>10;>0;0;<24, 48;326.65;0;0;21/02/2014;15;1357.68;BT;1/01/2011;1;CNE
C01900;01/02/2014;<=10;0;0;<24, 48;455.71;0;0;5/02/2014;11;8043.44;BT;1/01/2012;1;CNE
C01901;01/02/2014;<=10;0;0;>48;684.82;0;0;10/02/2014;13;21898.7;BT;1/01/2013;1;CNE
C01904;01/02/2014;<=10;0;0;<=24;341.91;0;341.67;25/02/2014;13;5511.33;BT;1/01/2013;1;CNE
C01906;01/02/2014;<=10;0;0;>48;466.22;302.03;471.11;6/02/2014;10;13489.2;BT;1/01/2013;1;CNE
C01907;01/02/2014;>10;0;0;<24, 48;336.53;336.6;0;21/02/2014;7;4540.3;BT;1/01/2012;1;COEF
C01909;01/02/2014;<=10;0;0;>48;468.14;0;0;3/02/2014;11;12716.3;BT;1/01/2013;1;CNE
C01910;01/02/2014;<=10;0;0;<24, 48;300.54;394.94;0;3/02/2014;9;14007.8;BT;1/01/2011;1;CNE
C01911;01/02/2014;<=10;0;0;<=24;368.97;827.12;0;27/02/2014;15;1700.54;BT;1/01/2012;1;COEF
C01912;01/02/2014;>10;0;0;<24, 48;65.33;81.8;11.49;6/02/2014;15;1051.6;BT;1/01/2011;1;CNE
C01913;01/02/2014;<=10;0;0;<24, 48;228.05;499.26;0;24/02/2014;9;19146;BT;1/01/2013;1;CNE
C01914;01/02/2014;>10;0;0;<24, 48;290.61;286.47;0;17/02/2014;13;4864.59;BT;1/01/2012;1;COEF
C01915;01/02/2014;<=10;0;0;>48;256.57;0;609.09;18/02/2014;13;556.11;BT;1/01/2012;1;CNE
C01917;01/02/2014;<=10;>0;0;<=24;649.45;651.01;1328.74;21/02/2014;18;4512.14;BT;1/01/2013;1;COEF
C01918;01/02/2014;<=10;0;0;<24, 48;956.24;1057.15;925.98;11/02/2014;7;29963.6;BT;1/01/2013;1;COEF
C01921;01/02/2014;<=10;0;0;>48;284.66;0;955.4;21/02/2014;15;1168.24;BT;1/01/2011;1;CNE
C01922;01/02/2014;<=10;0;0;>48;519.25;529.85;0;19/02/2014;7;4575.77;BT;1/01/2011;0;CNE
C01924;01/02/2014;<=10;0;0;>48;171.62;507.63;0;5/02/2014;20;8468.82;BT;1/01/2013;0;CNE
C01925;01/02/2014;>10;>0;0;>48;1514.24;0;0;18/02/2014;14;11162;BT;1/01/2012;0;CNE
C01926;01/02/2014;>10;0;0;>48;381.13;380.49;379.03;24/02/2014;16;4560.06;BT;1/01/2011;1;COEF
C01927;01/02/2014;<=10;0;0;<=24;623.58;632.94;0;24/02/2014;8;622.91;BT;1/01/2013;0;CNE
C01929;01/02/2014;<=10;0;0;<=24;246.83;0;270.86;4/02/2014;9;3126.17;BT;1/01/2013;1;COEF
C01930;01/02/2014;>10;>0;0;>48;618.22;1221.22;215.05;28/02/2014;7;10425.5;BT;1/01/2011;1;COEF
C01931;01/02/2014;>10;0;0;<=24;219.91;220.43;0;3/02/2014;13;658.35;BT;1/01/2012;1;COEF
C01932;01/02/2014;<=10;>0;0;<=24;748.77;0;0;5/02/2014;7;4337.14;BT;1/01/2013;0;COEF
C01933;01/02/2014;<=10;0;0;<24, 48;418.58;0;0;19/02/2014;18;8512.7;BT;1/01/2012;1;COEF
C01934;01/02/2014;<=10;>0;0;<24, 48;2184.21;0;0;26/02/2014;16;21899.2;BT;1/01/2013;0;CNE
C01935;01/02/2014;>10;0;0;>48;225.19;0;0;3/02/2014;11;2769.15;BT;1/01/2012;1;COEF
C01937;01/02/2014;<=10;0;0;>48;319.81;205.24;0;13/02/2014;14;13141.9;BT;1/01/2012;1;CNE
C01938;01/02/2014;<=10;0;0;>48;819.77;845.2;0;26/02/2014;14;21800.5;BT;1/01/2012;1;COEF
C01939;01/02/2014;<=10;>0;0;<24, 48;1451.25;0;732.68;3/02/2014;9;21040.6;BT;1/01/2013;0;COEF
C01940;01/02/2014;<=10;0;0;>48;940.85;0;0;4/02/2014;13;56172.7;BT;1/01/2013;1;COEF
C01941;01/02/2014;<=10;0;0;<24, 48;40;360.97;373.71;3/02/2014;13;5731.27;BT;1/01/2011;1;COEF
C01943;01/02/2014;<=10;0;0;<24, 48;26;32.76;33;25/02/2014;7;13656.6;BT;1/01/2013;1;CNE
C01946;01/02/2014;<=10;>0;0;<=24;459.78;0;0;26/02/2014;14;3091.65;BT;1/01/2013;0;CNE
C01947;01/02/2014;<=10;0;0;<24, 48;380.52;0;0;3/02/2014;9;10071.4;BT;1/01/2012;1;CNE
C01951;01/02/2014;<=10;0;0;<24, 48;265.62;0;0;14/02/2014;14;5390.46;BT;1/01/2013;1;CNE
C01956;01/02/2014;<=10;>0;0;<=24;303.26;334.11;334.11;12/02/2014;15;2546.17;BT;1/01/2013;0;CNE
C01957;01/02/2014;<=10;0;0;<24, 48;666.41;689.48;1.25;10/02/2014;17;18180.1;BT;1/01/2012;1;CNE
C01958;01/02/2014;<=10;0;0;<24, 48;115.26;115.35;129.17;4/02/2014;7;2492.8;BT;1/01/2013;1;CNE
C01960;01/02/2014;<=10;>0;0;<=24;1121.7;0;0;24/02/2014;15;6691.75;BT;1/01/2013;0;CNE
C01962;01/02/2014;<=10;>0;0;<=24;397.55;790.47;790.47;18/02/2014;8;5348.76;BT;1/01/2013;0;CNE
C01964;01/02/2014;<=10;0;0;<24, 48;550.56;138.74;47.04;21/02/2014;10;12932.5;BT;1/01/2012;1;COEF
C01965;01/02/2014;<=10;0;0;<24, 48;330.6;0;0;7/02/2014;7;7283.68;BT;1/01/2013;1;COEF
C01966;01/02/2014;<=10;0;0;>48;30.47;0;0;10/02/2014;14;36390.7;BT;1/01/2012;1;CNE
C01967;01/02/2014;<=10;>0;1;<24, 48;3010.78;4024.28;0;19/02/2014;14;31064.5;BT;1/01/2013;0;CNE
C01968;01/02/2014;<=10;0;0;<24, 48;628.86;0;0;18/02/2014;9;17726.7;BT;1/01/2013;1;CNE
C01969;01/02/2014;<=10;0;0;>48;657.45;0;0;6/02/2014;8;25060.5;BT;1/01/2013;1;COEF
C01970;01/02/2014;<=10;0;0;<24, 48;293.95;298.83;277.92;7/02/2014;10;3727.16;BT;1/01/2012;1;CNE
C01971;01/02/2014;<=10;0;0;<=24;126.32;0;35.33;14/02/2014;14;2143.31;BT;1/01/2013;1;CNE
C01973;01/02/2014;<=10;0;0;<24, 48;606.4;608.62;0;4/02/2014;13;12728.3;BT;1/01/2013;1;CNE
C01975;01/02/2014;<=10;0;0;<24, 48;1340.36;0;0;4/02/2014;9;11573.3;BT;1/01/2012;0;COEF
C01976;01/02/2014;>10;0;0;<24, 48;244.38;244.5;244.65;24/02/2014;12;3091.12;BT;1/01/2012;1;CNE
C01977;01/02/2014;<=10;0;0;<24, 48;448.21;0;0;17/02/2014;8;2775.07;BT;1/01/2012;0;CNE
C01978;01/02/2014;<=10;0;0;<24, 48;590.47;596.57;545.33;25/02/2014;16;17072.4;BT;1/01/2013;1;CNE
C01979;01/02/2014;<=10;0;0;>48;456.65;0;66.45;4/02/2014;8;11276.3;BT;1/01/2013;1;CNE
C01980;01/02/2014;>10;>0;0;>48;117.63;236.72;119.33;20/02/2014;9;2137.1;BT;1/01/2012;1;CNE
C01981;01/02/2014;<=10;0;0;<24, 48;873.5;0;0;28/02/2014;10;10901.1;BT;1/01/2012;0;CNE
C01984;01/02/2014;<=10;>0;0;>48;1598.81;0;0;21/02/2014;11;18801.3;BT;1/01/2012;0;COEF
C01985;01/02/2014;<=10;0;0;<24, 48;715.13;0;0;20/02/2014;11;4458.61;BT;1/01/2012;0;CNE
C01986;01/02/2014;<=10;0;0;<24, 48;374.95;750.7;1127.68;10/02/2014;13;8796.94;BT;1/01/2013;1;CNE
C01987;01/02/2014;>10;>0;0;<24, 48;711.58;0.9;0.34;7/02/2014;14;8212.19;BT;1/01/2011;0;CNE
C01988;01/02/2014;>10;>0;0;<24, 48;347.97;348.62;697.98;14/02/2014;11;1902.73;BT;1/01/2011;1;CNE
C01989;01/02/2014;<=10;0;0;<24, 48;278.96;559.84;843.05;3/02/2014;15;5245.11;BT;1/01/2013;1;CNE
C01990;01/02/2014;<=10;0;0;>48;578.78;580.61;1225.73;3/02/2014;10;1753.16;BT;1/01/2013;1;COEF
C01992;01/02/2014;>10;0;0;<24, 48;240.41;237.34;240.52;13/02/2014;12;2160.67;BT;1/01/2011;1;CNE
C01993;01/02/2014;<=10;0;0;<24, 48;137.66;0;137.7;20/02/2014;7;3954.22;BT;1/01/2013;1;COEF
C01994;01/02/2014;<=10;0;0;>48;197.5;0;290.54;7/02/2014;9;7608.6;BT;1/01/2013;1;CNE
C01995;01/02/2014;<=10;0;0;<24, 48;179.07;0;0;14/02/2014;9;3780.38;BT;1/01/2013;1;CNE
C01996;01/02/2014;<=10;0;0;<24, 48;450.1;0;0;6/02/2014;10;12130.9;BT;1/01/2013;1;CNE
C01998;01/02/2014;<=10;0;0;<24, 48;363.64;83.85;0;4/02/2014;16;8807.29;BT;1/01/2013;1;COEF
C01999;01/02/2014;<=10;0;0;>48;1423.62;2144.99;0;26/02/2014;14;16982.9;BT;1/01/2012;0;CNE
C02001;01/02/2014;<=10;>0;0;<24, 48;570.02;0;910.66;20/02/2014;12;5490.05;BT;1/01/2013;0;CNE
C02003;01/02/2014;<=10;0;0;<24, 48;201.93;0;0;13/02/2014;10;16006.2;BT;1/01/2013;1;CNE
C02004;01/02/2014;>10;0;0;>48;598.97;599.04;0;10/02/2014;15;38683.6;BT;1/01/2011;1;CNE
C02005;01/02/2014;<=10;0;0;>48;581.07;0.61;0;4/02/2014;14;16259.5;BT;1/01/2013;1;CNE
C02008;01/02/2014;<=10;0;0;<24, 48;156.61;242.99;0;13/02/2014;8;4464.67;BT;1/01/2013;1;CNE
C02009;01/02/2014;<=10;0;0;<=24;313.31;311.96;311.84;28/02/2014;17;3054.68;BT;1/01/2013;1;CNE
C02010;01/02/2014;>10;0;0;<24, 48;527.48;859.91;1194.38;5/02/2014;14;2627.96;BT;1/01/2011;0;CNE
C02011;01/02/2014;<=10;0;0;>48;577.6;577.82;579.56;28/02/2014;20;7567.24;BT;1/01/2011;1;CNE
C02013;01/02/2014;<=10;0;0;<=24;361.25;0;0;4/02/2014;15;5583.84;BT;1/01/2013;1;COEF
C02014;01/02/2014;<=10;0;0;<=24;183.69;0;0;26/02/2014;8;2627.52;BT;1/01/2013;1;CNE
C02015;01/02/2014;<=10;0;0;>48;171.22;171.31;0;3/02/2014;11;3061.31;BT;1/01/2013;1;CNE
C02016;01/02/2014;<=10;0;0;<24, 48;310.01;0;313.1;6/02/2014;15;6833.32;BT;1/01/2013;1;CNE
C02017;01/02/2014;<=10;0;0;<24, 48;327.44;23.44;537;18/02/2014;14;10983.1;BT;1/01/2012;1;CNE
C02018;01/02/2014;<=10;0;0;>48;4059.9;0;0;18/02/2014;7;73187.8;BT;1/01/2012;0;CNE
C02019;01/02/2014;>10;0;0;<24, 48;393.53;413.43;0;4/02/2014;11;14325.8;BT;1/01/2012;1;CNE
C02020;01/02/2014;<=10;0;0;>48;807.28;0;0;10/02/2014;11;9288.14;BT;1/01/2013;0;CNE
C02021;01/02/2014;<=10;0;0;<24, 48;85.59;54.16;0;6/02/2014;7;5366.41;BT;1/01/2013;1;CNE
C02023;01/02/2014;>10;0;0;>48;159.85;0;0;6/02/2014;17;16025.2;BT;1/01/2012;1;CNE
C02025;01/02/2014;<=10;0;0;<24, 48;180.66;362.04;0;3/02/2014;11;3427.19;BT;1/01/2013;1;COEF
C02026;01/02/2014;<=10;0;0;<24, 48;44;0;0;4/02/2014;10;12597.2;BT;1/01/2013;1;COEF
C02027;01/02/2014;<=10;0;0;>48;256.63;253.05;256.54;6/02/2014;7;2630.3;BT;1/01/2013;1;CNE
C02028;01/02/2014;<=10;0;0;>48;1110.66;305.23;793.17;6/02/2014;16;34930.1;BT;1/01/2013;1;COEF
C02030;01/02/2014;<=10;0;0;<=24;189.52;0;0;25/02/2014;11;2041.37;BT;1/01/2013;1;CNE
C02034;01/02/2014;>10;0;0;<24, 48;288.81;0;879.07;6/02/2014;14;5290.25;BT;1/01/2012;1;COEF
C02035;01/02/2014;<=10;0;0;>48;980.71;1076.54;0;20/02/2014;16;8310.97;BT;1/01/2011;0;CNE
C02036;01/02/2014;<=10;>0;0;<24, 48;268.82;526.03;784;10/02/2014;13;4331.09;BT;1/01/2012;0;COEF
C02037;01/02/2014;<=10;0;0;<24, 48;453.08;0;0;11/02/2014;14;12939.3;BT;1/01/2013;1;CNE
C02040;01/02/2014;>10;0;0;<24, 48;187.82;0;0;7/02/2014;8;6416.76;BT;1/01/2012;1;CNE
C02042;01/02/2014;<=10;0;0;>48;662.49;103.55;0;3/02/2014;18;17585.2;BT;1/01/2013;1;CNE
C02043;01/02/2014;<=10;0;0;<24, 48;340.19;0;344.86;3/02/2014;13;6898.57;BT;1/01/2013;1;CNE
C02044;01/02/2014;<=10;0;0;<24, 48;298.54;600.23;903.51;4/02/2014;7;7639.88;BT;1/01/2013;1;CNE
C02045;01/02/2014;>10;>0;0;>48;1542.42;2320.76;0;10/02/2014;19;19769.7;BT;1/01/2012;0;COEF
C02046;01/02/2014;<=10;0;0;>48;993.95;1062.31;1063.47;10/02/2014;15;26606.3;BT;1/01/2013;1;CNE
C02047;01/02/2014;<=10;>0;0;>48;2605.52;0;0;6/02/2014;17;27915.7;BT;1/01/2013;0;CNE
C02048;01/02/2014;<=10;0;0;<24, 48;167.62;171.87;9.79;4/02/2014;11;3413.81;BT;1/01/2013;1;CNE
C02049;01/02/2014;<=10;0;0;<24, 48;329.57;667.16;0;26/02/2014;10;7107.49;BT;1/01/2012;1;CNE
C02050;01/02/2014;<=10;0;0;>48;388.21;0;0;4/02/2014;16;6640.24;BT;1/01/2011;1;CNE
C02051;01/02/2014;<=10;0;0;<24, 48;459.12;0.7;458.53;6/02/2014;19;11369.6;BT;1/01/2013;1;CNE
C02052;01/02/2014;<=10;0;0;<24, 48;1170.35;0;0;28/02/2014;18;8655.7;BT;1/01/2012;0;CNE
C02053;01/02/2014;<=10;0;0;>48;380.89;0;0;5/02/2014;8;7748.99;BT;1/01/2011;1;COEF
C02054;01/02/2014;<=10;0;0;<24, 48;608.71;0;135.96;3/02/2014;12;20449.3;BT;1/01/2013;1;CNE
C02055;01/02/2014;<=10;0;0;<24, 48;666.5;663.14;0;6/02/2014;12;9880.13;BT;1/01/2013;1;COEF
C02056;01/02/2014;<=10;0;0;>48;441.13;464.07;456.28;10/02/2014;11;13219.2;BT;1/01/2013;1;COEF
C02057;01/02/2014;<=10;0;0;>48;422.65;0;0;5/02/2014;8;9088.4;BT;1/01/2012;1;COEF
C02058;01/02/2014;>10;0;0;<24, 48;33.91;0;0;19/02/2014;9;2128.86;BT;1/01/2012;1;COEF
C02059;01/02/2014;>10;>0;0;<24, 48;205.85;205.81;0;18/02/2014;10;2718.59;BT;1/01/2012;1;COEF
C02060;01/02/2014;<=10;0;0;<24, 48;267.42;0;0;7/02/2014;10;5740.02;BT;1/01/2013;1;COEF
C02061;01/02/2014;<=10;0;0;<24, 48;267.66;0;0;5/02/2014;15;8756.84;BT;1/01/2013;1;COEF
C02062;01/02/2014;<=10;0;0;<=24;166.83;167.17;167.4;27/02/2014;11;2214.68;BT;1/01/2013;1;CNE
C02063;01/02/2014;>10;>0;0;<=24;160.51;0.49;160.89;5/02/2014;16;739.23;BT;1/01/2012;1;CNE
C02064;01/02/2014;<=10;0;0;<24, 48;321.91;681.41;370.32;21/02/2014;14;6735.76;BT;1/01/2013;1;CNE
C02065;01/02/2014;<=10;0;0;<=24;33.93;0;0;6/02/2014;8;8204.23;BT;1/01/2013;1;CNE
C02066;01/02/2014;<=10;0;0;<24, 48;148.29;142.33;141.09;11/02/2014;8;2163.47;BT;1/01/2012;1;CNE
C02067;01/02/2014;<=10;0;0;<24, 48;324.91;324.89;324.89;5/02/2014;12;9743.25;BT;1/01/2013;1;CNE
C02068;01/02/2014;<=10;0;0;<24, 48;136.77;0;0;6/02/2014;10;12945;BT;1/01/2013;1;CNE
C02069;01/02/2014;<=10;>0;0;>48;228.74;343.35;343.35;18/02/2014;8;2518.62;BT;1/01/2013;0;COEF
C02070;01/02/2014;<=10;0;0;>48;1209.37;0;0;24/02/2014;15;29711.3;BT;1/01/2013;0;CNE
C02072;01/02/2014;>10;0;0;>48;96.4;0;349.34;12/02/2014;12;1207.25;BT;1/01/2011;1;CNE
C02074;01/02/2014;>10;0;0;<24, 48;251.87;0;253.73;17/02/2014;19;3585.74;BT;1/01/2012;1;CNE
C02075;01/02/2014;<=10;0;0;<24, 48;609.49;0;0;3/02/2014;8;21739.3;BT;1/01/2013;1;COEF
C02076;01/02/2014;<=10;0;0;<24, 48;278.23;0;0;6/02/2014;20;4935.52;BT;1/01/2013;1;COEF
C02078;01/02/2014;<=10;0;0;<=24;285.65;285.85;573.4;11/02/2014;20;3845.65;BT;1/01/2013;0;CNE
C02079;01/02/2014;<=10;0;0;<24, 48;378.77;429.44;194.2;6/02/2014;19;10260.7;BT;1/01/2013;1;COEF
C02080;01/02/2014;<=10;0;0;>48;413.68;412.98;0;19/02/2014;8;11442.2;BT;1/01/2013;1;CNE
C02081;01/02/2014;<=10;>0;0;<24, 48;1350.22;0;0;25/02/2014;12;24561.4;BT;1/01/2013;0;COEF
C02083;01/02/2014;>10;0;0;<24, 48;147.16;147.29;294.89;11/02/2014;9;1549.44;BT;1/01/2012;1;CNE
C02084;01/02/2014;<=10;>0;0;<24, 48;253.85;1104.13;0;10/02/2014;7;20305.6;BT;1/01/2013;1;COEF
C02085;01/02/2014;<=10;>0;0;>48;343.47;362.5;362.26;26/02/2014;10;4065.95;BT;1/01/2013;1;CNE
C02086;01/02/2014;<=10;>0;1;<24, 48;164.19;497.74;0;5/02/2014;20;2298.68;BT;1/01/2012;1;CNE
C02088;01/02/2014;>10;>0;0;>48;646.07;682.64;1303.98;20/02/2014;11;13341.5;BT;1/01/2012;0;CNE
C02089;01/02/2014;>10;0;0;<24, 48;48.04;0;58.6;14/02/2014;14;2007.79;BT;1/01/2012;0;CNE
C02090;01/02/2014;<=10;>0;0;<24, 48;225.26;650.92;1081.12;13/02/2014;14;7406.09;BT;1/01/2013;1;COEF
C02091;01/02/2014;<=10;0;0;<=24;199.84;198.96;198.71;11/02/2014;10;1970.63;BT;1/01/2013;1;CNE
C02094;01/02/2014;<=10;0;0;<=24;144.05;176.44;174.35;10/02/2014;7;2470.23;BT;1/01/2013;1;CNE
C02095;01/02/2014;<=10;0;0;<24, 48;489.55;588.15;1177.11;25/02/2014;14;13521.4;BT;1/01/2013;1;CNE
C02096;01/02/2014;>10;0;0;<24, 48;463.25;0;0;21/02/2014;8;6828.71;BT;1/01/2012;1;CNE
C02097;01/02/2014;<=10;0;0;<=24;135.15;270.87;408.03;27/02/2014;13;1751.15;BT;1/01/2013;1;CNE
C02099;01/02/2014;<=10;>0;0;>48;588.9;6.61;0;21/02/2014;9;10217.3;BT;1/01/2011;1;COEF
C02100;01/02/2014;<=10;0;0;<24, 48;146.51;0;0;14/02/2014;9;5125.62;BT;1/01/2013;1;CNE
C02101;01/02/2014;<=10;0;0;<24, 48;305.1;0;0;11/02/2014;15;4695.9;BT;1/01/2012;1;CNE
C02103;01/02/2014;<=10;0;0;<24, 48;237.48;476.23;717.68;18/02/2014;12;2751.51;BT;1/01/2012;1;CNE
C02105;01/02/2014;>10;0;0;<24, 48;377.84;377.85;378.82;4/02/2014;11;8173.55;BT;1/01/2012;1;CNE
C02106;01/02/2014;>10;0;0;>48;153.91;32.16;0;10/02/2014;10;9167.57;BT;1/01/2012;1;COEF
C02107;01/02/2014;<=10;0;0;>48;585.91;593.31;593.77;13/02/2014;11;17290.7;BT;1/01/2013;1;CNE
C02108;01/02/2014;<=10;>0;0;<24, 48;924.18;1850.64;0;28/02/2014;8;23615.3;BT;1/01/2012;1;CNE
C02110;01/02/2014;<=10;0;0;>48;227;0.16;0.1;4/02/2014;19;1770.16;BT;1/01/2011;1;CNE
C02112;01/02/2014;>10;0;0;>48;773.05;1170.31;1570.05;20/02/2014;8;5101.39;BT;1/01/2011;0;CNE
C02114;01/02/2014;<=10;>0;0;>48;535.9;0;0;11/02/2014;17;9622.22;BT;1/01/2013;0;CNE
C02115;01/02/2014;<=10;0;0;<24, 48;113.4;217.61;0;21/02/2014;8;7315.63;BT;1/01/2011;1;CNE
C02116;01/02/2014;>10;0;0;>48;383.61;384.59;204.87;20/02/2014;16;6789.68;BT;1/01/2011;1;CNE
C02117;01/02/2014;<=10;0;0;<24, 48;470.05;952.64;486.28;28/02/2014;10;10845.7;BT;1/01/2012;1;CNE
C02118;01/02/2014;<=10;0;0;<24, 48;455.14;0;455.06;3/02/2014;19;8597.76;BT;1/01/2012;1;CNE
C02119;01/02/2014;<=10;>0;0;<24, 48;347.12;372.93;372.93;28/02/2014;17;5238.52;BT;1/01/2013;0;CNE
C02120;01/02/2014;>10;0;0;<24, 48;230.03;0;0;4/02/2014;7;4752.65;BT;1/01/2011;1;CNE
C02124;01/02/2014;<=10;0;0;<24, 48;354.07;0;0;10/02/2014;15;6218.9;BT;1/01/2012;1;CNE
C02128;01/02/2014;>10;0;0;<24, 48;287.32;287.32;287.8;25/02/2014;8;1403.96;BT;1/01/2011;1;CNE
C02131;01/02/2014;>10;>0;1;>48;108.33;338.53;338.53;6/02/2014;20;2215.52;BT;1/01/2012;1;CNE
C02132;01/02/2014;>10;0;0;>48;1332.47;2002.98;0;11/02/2014;9;16348.3;BT;1/01/2012;0;CNE
C02133;01/02/2014;>10;0;0;<24, 48;738.32;740.5;741.47;11/02/2014;14;13615.5;BT;1/01/2012;1;COEF
C02134;01/02/2014;<=10;0;0;<24, 48;257.76;250.76;0;14/02/2014;8;4585.32;BT;1/01/2013;1;CNE
C02135;01/02/2014;<=10;0;0;>48;160.14;0;0;11/02/2014;10;15264.5;BT;1/01/2012;1;CNE
C02139;01/02/2014;<=10;0;0;>48;104.72;0;0;26/02/2014;9;2840.73;BT;1/01/2012;1;CNE
C02140;01/02/2014;>10;>0;1;<24, 48;219.37;0;0;18/02/2014;8;1942.83;BT;1/01/2011;1;COEF
C02142;01/02/2014;<=10;0;0;<24, 48;327.67;326.42;655.29;24/02/2014;15;7521.2;BT;1/01/2013;1;CNE
C02143;01/02/2014;>10;0;0;<=24;293.15;5.33;474.2;6/02/2014;11;1026.03;BT;1/01/2012;1;COEF
C02144;01/02/2014;>10;0;0;<=24;311.75;0;163.04;5/02/2014;12;935.24;BT;1/01/2012;0;CNE
C02145;01/02/2014;<=10;>0;0;>48;1799.99;0;0;21/02/2014;18;18034.1;BT;1/01/2013;0;CNE
C02146;01/02/2014;<=10;>0;0;<24, 48;2078.19;0;0;17/02/2014;8;21519.8;BT;1/01/2012;0;CNE
C02147;01/02/2014;<=10;>0;1;<=24;766;0;0;17/02/2014;11;1913.32;BT;1/01/2012;0;COEF
C02148;01/02/2014;<=10;>0;0;>48;447.08;923.67;0;17/02/2014;12;16422.2;BT;1/01/2013;1;CNE
C02149;01/02/2014;>10;0;0;<24, 48;854.73;1283.73;0;28/02/2014;11;6880.05;BT;1/01/2011;0;CNE
C02151;01/02/2014;<=10;0;0;<24, 48;431.35;434.58;435.1;10/02/2014;11;12677.3;BT;1/01/2013;1;CNE
C02152;01/02/2014;<=10;0;0;<24, 48;170.68;125.36;132.07;11/02/2014;17;616.89;BT;1/01/2012;0;CNE
C02153;01/02/2014;<=10;0;0;<24, 48;1376.08;0;0;12/02/2014;13;10129;BT;1/01/2013;0;CNE
C02154;01/02/2014;>10;0;0;<24, 48;606.19;0;0;13/02/2014;8;8673.88;BT;1/01/2011;1;CNE
C02155;01/02/2014;<=10;0;0;<24, 48;1617.97;0;0;13/02/2014;8;7384.77;BT;1/01/2012;0;CNE
C02156;01/02/2014;>10;0;0;<24, 48;302.59;303.33;304.93;4/02/2014;15;4091.79;BT;1/01/2012;1;COEF
C02157;01/02/2014;>10;0;0;>48;245.53;240.21;233.41;11/02/2014;10;1612.59;BT;1/01/2010;1;CNE
C02158;01/02/2014;>10;0;0;>48;661.46;660.06;660.02;4/02/2014;14;20514;BT;1/01/2011;1;CNE
C02160;01/02/2014;>10;0;0;<=24;294.66;0;0;5/02/2014;16;593.87;BT;1/01/2012;1;CNE
C02161;01/02/2014;<=10;0;0;<=24;269.09;0;0;5/02/2014;16;2700.39;BT;1/01/2012;1;COEF
C02163;01/02/2014;<=10;0;0;<=24;100.01;106.33;102.76;28/02/2014;8;1505.96;BT;1/01/2013;1;COEF
C02164;01/02/2014;<=10;0;0;<24, 48;319.01;638.04;0;20/02/2014;9;7675.46;BT;1/01/2013;1;CNE
C02166;01/02/2014;<=10;0;0;>48;854.52;0;0;20/02/2014;10;24298.4;BT;1/01/2013;1;CNE
C02167;01/02/2014;<=10;0;0;<=24;347.42;0;0;3/02/2014;7;5000.64;BT;1/01/2013;1;COEF
C02168;01/02/2014;>10;>0;0;<24, 48;205.57;205.52;0;20/02/2014;13;2200.79;BT;1/01/2012;1;COEF
C02170;01/02/2014;<=10;0;0;>48;342.2;0;0;4/02/2014;14;17903.3;BT;1/01/2013;1;CNE
C02171;01/02/2014;<=10;0;0;<24, 48;426.37;0;339.84;6/02/2014;15;11158.8;BT;1/01/2013;1;CNE
C02172;01/02/2014;<=10;0;0;<24, 48;326.38;324.84;326.51;14/02/2014;13;10189;BT;1/01/2013;1;CNE
C02173;01/02/2014;<=10;0;0;<24, 48;237.83;214.9;0;25/02/2014;11;4016.89;BT;1/01/2012;1;CNE
C02174;01/02/2014;<=10;0;0;<=24;147.72;0;151.83;3/02/2014;14;2147.93;BT;1/01/2013;1;CNE
C02175;01/02/2014;<=10;0;0;<=24;411.41;0;0;6/02/2014;15;5058.29;BT;1/01/2013;1;COEF
C02176;01/02/2014;<=10;0;0;<24, 48;256.08;33.7;67.54;6/02/2014;7;10759.1;BT;1/01/2013;1;CNE
C02177;01/02/2014;<=10;0;0;<24, 48;225.21;160.9;0;14/02/2014;14;8803.54;BT;1/01/2011;1;CNE
C02181;01/02/2014;<=10;>0;0;>48;402.07;805.59;0;13/02/2014;11;11658.9;BT;1/01/2013;1;CNE
C02182;01/02/2014;<=10;0;0;<=24;177.79;496.75;819.05;14/02/2014;14;3740.92;BT;1/01/2013;1;CNE
C02184;01/02/2014;<=10;0;0;<=24;36.98;37.99;9.02;6/02/2014;9;2754.32;BT;1/01/2013;1;CNE
C02185;01/02/2014;<=10;>0;0;<24, 48;2374.57;0;0;13/02/2014;13;22595.8;BT;1/01/2012;0;CNE
C02186;01/02/2014;<=10;0;0;<=24;908.12;0;0;11/02/2014;9;18175.3;BT;1/01/2013;1;COEF
C02187;01/02/2014;<=10;0;0;>48;338.04;0;10.13;4/02/2014;16;6436.44;BT;1/01/2012;1;COEF
C02189;01/02/2014;<=10;>0;1;<=24;47.04;0;198.71;11/02/2014;7;2264.19;BT;1/01/2013;1;COEF
C02190;01/02/2014;<=10;0;0;<24, 48;175.86;0;0;4/02/2014;8;3091.09;BT;1/01/2013;1;COEF
C02192;01/02/2014;>10;0;0;>48;358.22;358.5;359.36;28/02/2014;9;7709.7;BT;1/01/2012;1;CNE
C02193;01/02/2014;<=10;0;0;>48;481.46;0;482.41;5/02/2014;10;19321.3;BT;1/01/2013;1;COEF
C02194;01/02/2014;<=10;>0;0;>48;620.25;0;768.1;28/02/2014;13;24082.3;BT;1/01/2013;1;COEF
C02196;01/02/2014;<=10;>0;1;>48;252.45;254.47;0;20/02/2014;8;4670.56;BT;1/01/2012;1;COEF
C02197;01/02/2014;>10;0;0;<=24;353.82;353.45;0;3/02/2014;15;1683.22;BT;1/01/2012;1;CNE
C02198;01/02/2014;<=10;>0;0;<24, 48;222.08;0;0;5/02/2014;13;2720.87;BT;1/01/2013;0;COEF
C02199;01/02/2014;<=10;>0;0;<24, 48;927.12;938.15;0;17/02/2014;15;12616.2;BT;1/01/2012;1;COEF
C02200;01/02/2014;<=10;0;0;>48;61.66;0;68.56;19/02/2014;9;8835.51;BT;1/01/2013;1;COEF
C02202;01/02/2014;<=10;0;0;>48;337.99;686.69;340.54;5/02/2014;9;7010.22;BT;1/01/2013;1;CNE
C02203;01/02/2014;<=10;>0;0;>48;436.14;884.63;452.66;12/02/2014;10;6455.4;BT;1/01/2012;0;CNE
C02204;01/02/2014;<=10;>0;0;<24, 48;1581.22;0;0;28/02/2014;17;9016.69;BT;1/01/2011;0;CNE
C02206;01/02/2014;>10;0;0;<24, 48;921.25;0;0;11/02/2014;7;1950.14;BT;1/01/2011;0;CNE
C02208;01/02/2014;<=10;0;0;>48;560;0;0;5/02/2014;9;12586.1;BT;1/01/2013;1;CNE
C02209;01/02/2014;>10;0;0;<24, 48;254.89;124.91;46.22;25/02/2014;18;2033.14;BT;1/01/2011;1;CNE
C02210;01/02/2014;<=10;0;0;<24, 48;304.96;0;919.11;26/02/2014;10;5509.39;BT;1/01/2013;1;CNE
C02212;01/02/2014;<=10;0;0;<24, 48;1128.65;0;1125.03;20/02/2014;7;18903.8;BT;1/01/2012;1;COEF
C02213;01/02/2014;<=10;0;0;<24, 48;281.98;365.54;0;12/02/2014;10;3003.95;BT;1/01/2011;1;CNE
C02214;01/02/2014;<=10;>0;0;<24, 48;174.37;641.37;63.21;17/02/2014;14;9482.97;BT;1/01/2012;1;CNE
C02217;01/02/2014;<=10;0;0;<24, 48;238.64;253.02;251.33;26/02/2014;10;4487.91;BT;1/01/2013;1;CNE
C02218;01/02/2014;>10;0;0;>48;231.06;0.83;230.93;5/02/2014;14;1124.19;BT;1/01/2011;0;CNE
C02219;01/02/2014;<=10;>0;0;<24, 48;1157.1;0;0;18/02/2014;18;3577.77;BT;1/01/2012;0;CNE
C02220;01/02/2014;<=10;0;0;>48;1153.98;1159.06;0;6/02/2014;10;32076.2;BT;1/01/2013;1;CNE
C02221;01/02/2014;<=10;0;0;<=24;316.73;4.07;0;11/02/2014;12;3816.3;BT;1/01/2013;1;CNE
C02222;01/02/2014;>10;>0;0;>48;1660.88;0;0;26/02/2014;9;12792.9;BT;1/01/2012;0;CNE
C02223;01/02/2014;<=10;0;0;<24, 48;239.91;482.71;727.31;25/02/2014;9;4844.32;BT;1/01/2013;1;CNE
C02225;01/02/2014;<=10;0;0;<=24;168.58;0.87;168.77;12/02/2014;12;635.31;BT;1/01/2013;1;CNE
C02226;01/02/2014;<=10;0;0;<24, 48;460.6;851.23;851.23;12/02/2014;10;15795.1;BT;1/01/2012;1;CNE
C02229;01/02/2014;<=10;0;0;<=24;269.37;546.49;825.88;25/02/2014;10;3775.02;BT;1/01/2013;1;CNE
C02230;01/02/2014;<=10;0;0;<24, 48;354.52;0;0;13/02/2014;14;7515.01;BT;1/01/2012;1;CNE
C02231;01/02/2014;<=10;>0;0;<24, 48;1153.1;0;394.38;5/02/2014;13;11739.1;BT;1/01/2012;0;CNE
C02232;01/02/2014;<=10;0;0;<24, 48;233.24;0;33.22;12/02/2014;11;3151.26;BT;1/01/2012;1;COEF
C02233;01/02/2014;<=10;0;0;<24, 48;276.67;0.76;0;10/02/2014;14;8179.08;BT;1/01/2013;1;CNE
C02235;01/02/2014;<=10;>0;0;<24, 48;1136.49;0;0;4/02/2014;16;9974.62;BT;1/01/2013;0;CNE
C02238;01/02/2014;<=10;0;0;<24, 48;508.92;849.98;1195.08;25/02/2014;14;6633.57;BT;1/01/2013;0;COEF
C02239;01/02/2014;<=10;0;0;<24, 48;93.28;143.65;0;21/02/2014;7;2667.78;BT;1/01/2012;1;COEF
C02240;01/02/2014;<=10;0;0;<=24;299.8;0;0;21/02/2014;15;1959.13;BT;1/01/2013;1;CNE
C02241;01/02/2014;<=10;0;0;<24, 48;434.08;431.9;431.9;27/02/2014;9;6788.77;BT;1/01/2011;1;COEF
C02243;01/02/2014;<=10;>0;1;<24, 48;1781.64;0;0;19/02/2014;10;17234.4;BT;1/01/2012;0;CNE
C02244;01/02/2014;>10;0;0;<24, 48;484.23;0;0;10/02/2014;11;21043.5;BT;1/01/2012;1;CNE
C02245;01/02/2014;>10;0;0;<24, 48;431.66;427.52;430.3;17/02/2014;16;7528.24;BT;1/01/2012;1;COEF
C02246;01/02/2014;<=10;0;0;<24, 48;293.19;277.75;298.98;3/02/2014;20;5045.74;BT;1/01/2013;1;CNE
C02247;01/02/2014;<=10;0;0;<24, 48;226.78;453.46;127.6;24/02/2014;10;5117.41;BT;1/01/2013;1;CNE
C02248;01/02/2014;<=10;>0;0;<=24;1152.11;153.95;1029.08;25/02/2014;15;20908.8;BT;1/01/2013;1;CNE
C02250;01/02/2014;<=10;0;0;>48;2110.75;0;0;20/02/2014;17;25496;BT;1/01/2013;0;CNE
C02251;01/02/2014;<=10;>0;0;>48;386.95;386.86;386.96;17/02/2014;16;9366.6;BT;1/01/2013;1;CNE
C02252;01/02/2014;<=10;0;0;<24, 48;40.55;0;0;13/02/2014;7;2911.5;BT;1/01/2011;1;COEF
C02253;01/02/2014;<=10;0;0;<=24;323.45;329.04;0;10/02/2014;18;4819.16;BT;1/01/2013;1;CNE
C02254;01/02/2014;<=10;0;0;>48;1419.84;0;0;11/02/2014;12;22491;BT;1/01/2013;0;CNE
C02255;01/02/2014;<=10;>0;0;<24, 48;303.13;302.9;301.49;7/02/2014;13;10598.2;BT;1/01/2013;1;CNE
C02256;01/02/2014;<=10;0;0;>48;335.27;597.85;199.28;14/02/2014;7;13789.6;BT;1/01/2012;1;CNE
C02257;01/02/2014;<=10;0;0;<24, 48;216.33;435.53;0;25/02/2014;17;3200.44;BT;1/01/2012;1;CNE
C02258;01/02/2014;>10;>0;0;<=24;294.67;498.14;0;28/02/2014;18;735.83;BT;1/01/2012;0;CNE
C02259;01/02/2014;<=10;0;0;>48;135.78;0;0;19/02/2014;11;14740.6;BT;1/01/2013;1;CNE
C02261;01/02/2014;<=10;0;0;<24, 48;251.91;254.53;255.13;10/02/2014;11;4220.36;BT;1/01/2012;1;CNE
C02262;01/02/2014;<=10;0;0;<24, 48;305.1;593.32;314.09;7/02/2014;7;7548.53;BT;1/01/2013;1;CNE
C02263;01/02/2014;<=10;>0;0;<=24;623.62;627.27;0;13/02/2014;17;622.96;BT;1/01/2013;0;CNE
C02264;01/02/2014;<=10;0;0;<24, 48;44.38;323.86;90.39;20/02/2014;9;6622.64;BT;1/01/2013;1;CNE
C02265;01/02/2014;<=10;0;0;<24, 48;457.1;0;0;17/02/2014;9;11320.4;BT;1/01/2013;1;CNE
C02266;01/02/2014;<=10;0;0;<=24;1169.12;0;0;7/02/2014;8;6637.15;BT;1/01/2013;0;CNE
C02267;01/02/2014;>10;0;0;<24, 48;482;0;482.56;6/02/2014;9;9774.2;BT;1/01/2012;1;CNE
C02268;01/02/2014;<=10;0;0;<24, 48;778.61;0;0;18/02/2014;9;15526.9;BT;1/01/2013;1;CNE
C02269;01/02/2014;<=10;0;0;>48;962.25;692.48;0;3/02/2014;10;26855.7;BT;1/01/2013;1;COEF
C02271;01/02/2014;<=10;0;0;<24, 48;405.28;0;0;17/02/2014;12;3317.9;BT;1/01/2013;0;CNE
C02272;01/02/2014;<=10;>0;0;>48;293.72;266.16;16.16;7/02/2014;8;4034.15;BT;1/01/2012;0;CNE
C02273;01/02/2014;<=10;0;0;<24, 48;111.13;111.07;111.35;24/02/2014;10;1930.3;BT;1/01/2013;1;CNE
C02274;01/02/2014;>10;0;0;<24, 48;180.99;181.16;181.13;4/02/2014;12;1371.47;BT;1/01/2011;1;CNE
C02276;01/02/2014;<=10;>0;1;<=24;309.23;0;311.3;13/02/2014;18;2580.83;BT;1/01/2013;1;COEF
C02278;01/02/2014;<=10;0;0;<24, 48;150.31;0.04;150.61;24/02/2014;16;2718.45;BT;1/01/2013;1;CNE
C02279;01/02/2014;<=10;0;0;<24, 48;82.66;0;0;3/02/2014;11;4792.9;BT;1/01/2013;1;CNE
C02280;01/02/2014;<=10;>0;0;<24, 48;387.5;383.59;0;20/02/2014;7;3136.07;BT;1/01/2013;0;CNE
C02282;01/02/2014;<=10;0;0;<24, 48;90.16;0;395.04;6/02/2014;15;10288.4;BT;1/01/2013;1;CNE
C02283;01/02/2014;>10;0;0;<=24;134.48;0;0;25/02/2014;9;883.54;BT;1/01/2012;1;COEF
C02285;01/02/2014;>10;0;0;<24, 48;252.3;499.77;353;7/02/2014;11;7909.25;BT;1/01/2011;1;COEF
C02286;01/02/2014;<=10;0;0;<24, 48;561.62;0;208.97;19/02/2014;12;13814.1;BT;1/01/2013;1;CNE
C02287;01/02/2014;<=10;>0;0;>48;207.26;0;0;11/02/2014;10;2299.7;BT;1/01/2013;1;CNE
C02288;01/02/2014;<=10;0;0;>48;776.33;1585.57;1585.57;10/02/2014;14;24919.2;BT;1/01/2013;1;CNE
C02289;01/02/2014;>10;>0;0;<24, 48;769.81;0;0;20/02/2014;15;5672.11;BT;1/01/2012;0;COEF
C02293;01/02/2014;>10;0;0;>48;346.32;0;346.28;4/02/2014;7;5931.44;BT;1/01/2011;1;CNE
C02294;01/02/2014;<=10;0;0;<=24;408.06;0;0;7/02/2014;10;2172.12;BT;1/01/2012;1;COEF
C02295;01/02/2014;<=10;0;0;<24, 48;206.7;206.71;0;10/02/2014;18;4139.06;BT;1/01/2013;1;COEF
C02297;01/02/2014;<=10;0;0;<24, 48;1276.35;0;0;21/02/2014;17;13524.4;BT;1/01/2012;0;CNE
C02298;01/02/2014;<=10;0;0;<24, 48;980.98;203.28;0;5/02/2014;13;24859.3;BT;1/01/2013;1;COEF
C02299;01/02/2014;<=10;>0;1;<24, 48;1162.99;0;0;6/02/2014;15;7884.72;BT;1/01/2013;0;COEF
C02300;01/02/2014;<=10;0;0;<24, 48;83.6;0;0;3/02/2014;19;4512.84;BT;1/01/2013;1;CNE
C02301;01/02/2014;>10;0;0;<=24;706.05;707.05;0;3/02/2014;9;3402.82;BT;1/01/2012;1;COEF
C02302;01/02/2014;<=10;0;0;>48;233.31;0;0;10/02/2014;7;661.4;BT;1/01/2013;1;CNE
C02304;01/02/2014;<=10;0;0;<24, 48;121.63;0;0;12/02/2014;9;1511.18;BT;1/01/2012;1;CNE
C02305;01/02/2014;>10;0;0;<24, 48;294.64;296.22;0;25/02/2014;10;2533.5;BT;1/01/2011;1;COEF
C02306;01/02/2014;<=10;0;0;<24, 48;140.94;0;143.21;6/02/2014;7;3565.15;BT;1/01/2013;1;CNE
C02307;01/02/2014;<=10;0;0;<24, 48;498.8;512.57;462.82;7/02/2014;15;14162.7;BT;1/01/2012;1;CNE
C02308;01/02/2014;>10;0;0;<24, 48;41.94;175.21;351.24;3/02/2014;10;2780.49;BT;1/01/2012;1;COEF
C02310;01/02/2014;<=10;0;0;<24, 48;236.81;482.84;731.49;6/02/2014;7;4005.4;BT;1/01/2012;1;CNE
C02311;01/02/2014;<=10;0;0;<24, 48;52.16;81.89;0;10/02/2014;9;3951.33;BT;1/01/2012;0;CNE
C02312;01/02/2014;<=10;0;0;<=24;570.58;0;0;3/02/2014;10;8181.44;BT;1/01/2013;1;CNE
C02313;01/02/2014;<=10;0;0;<24, 48;48.4;67.54;0;3/02/2014;15;18612.8;BT;1/01/2013;1;COEF
C02315;01/02/2014;<=10;>0;0;<24, 48;1253.27;0;0;26/02/2014;15;15353;BT;1/01/2013;0;COEF
C02318;01/02/2014;<=10;0;0;<=24;247.49;372.68;499.68;18/02/2014;12;1980.91;BT;1/01/2013;0;CNE
C02319;01/02/2014;<=10;>0;0;<24, 48;556.46;556.73;558.08;28/02/2014;9;12694.9;BT;1/01/2013;1;COEF
C02320;01/02/2014;<=10;0;0;<24, 48;529.16;936.71;936.71;11/02/2014;10;4486.3;BT;1/01/2012;1;CNE
C02322;01/02/2014;<=10;0;0;<24, 48;277.08;0;0;5/02/2014;9;6156.21;BT;1/01/2013;1;CNE
C02323;01/02/2014;<=10;0;0;<24, 48;283;0.1;283.09;6/02/2014;15;5294.54;BT;1/01/2013;1;CNE
C02324;01/02/2014;<=10;0;0;>48;506.84;0;0;4/02/2014;12;15236.4;BT;1/01/2013;1;CNE
C02325;01/02/2014;<=10;>0;0;>48;919.26;0;0;11/02/2014;16;9606.32;BT;1/01/2012;0;CNE
C02326;01/02/2014;<=10;>0;0;<24, 48;3262.77;0;0;3/02/2014;18;31197.1;BT;1/01/2013;0;CNE
C02327;01/02/2014;<=10;0;0;>48;368.3;0;1127.48;11/02/2014;11;3955.51;BT;1/01/2013;1;CNE
C02328;01/02/2014;<=10;0;0;<24, 48;214.97;217.22;217.35;5/02/2014;7;4194.62;BT;1/01/2013;1;CNE
C02329;01/02/2014;<=10;0;0;>48;2274.26;0;0;13/02/2014;7;20301.3;BT;1/01/2013;0;CNE
C02330;01/02/2014;<=10;0;0;<=24;182.1;0;184.16;14/02/2014;10;2561.51;BT;1/01/2013;1;CNE
C02331;01/02/2014;<=10;0;0;<24, 48;27.75;0;547.88;26/02/2014;10;7346.97;BT;1/01/2012;1;CNE
C02332;01/02/2014;<=10;0;0;>48;626.41;0;0;6/02/2014;18;4618.22;BT;1/01/2013;0;CNE
C02334;01/02/2014;<=10;0;0;<24, 48;216.31;434.47;0;27/02/2014;15;4780.32;BT;1/01/2013;1;CNE
C02335;01/02/2014;<=10;0;0;<=24;180.58;180.43;0;7/02/2014;15;1105.83;BT;1/01/2013;1;CNE
C02336;01/02/2014;<=10;>0;1;>48;1254.04;1709.8;0;10/02/2014;19;12065.9;BT;1/01/2013;0;CNE
C02337;01/02/2014;>10;0;0;>48;472.18;466.65;470.07;10/02/2014;9;11134.4;BT;1/01/2012;1;CNE
C02338;01/02/2014;>10;0;0;<24, 48;178.73;11.91;356.21;10/02/2014;10;7203.89;BT;1/01/2012;1;CNE
C02339;01/02/2014;<=10;0;0;<24, 48;719.23;0;0;28/02/2014;12;4299.86;BT;1/01/2012;0;CNE
C02343;01/02/2014;<=10;0;0;<24, 48;264.12;0.87;262.25;5/02/2014;16;4897.11;BT;1/01/2012;1;CNE
C02345;01/02/2014;>10;0;0;<24, 48;132.57;300.7;282.23;13/02/2014;12;764.06;BT;1/01/2011;1;CNE
C02346;01/02/2014;<=10;0;0;>48;95.85;0;154.91;3/02/2014;15;6187.65;BT;1/01/2011;1;CNE
C02349;01/02/2014;<=10;0;0;>48;462.87;936.14;1412.38;27/02/2014;12;11204.3;BT;1/01/2013;1;CNE
C02351;01/02/2014;<=10;0;0;>48;566.81;1146.83;0;13/02/2014;11;18131.2;BT;1/01/2013;1;CNE
C02352;01/02/2014;<=10;0;0;<24, 48;24.89;0;0;11/02/2014;10;6525.09;BT;1/01/2013;1;CNE
C02353;01/02/2014;<=10;0;0;<=24;1943.65;0;0;19/02/2014;19;6701.29;BT;1/01/2013;0;CNE
C02355;01/02/2014;>10;0;0;<24, 48;170.28;0;170.15;21/02/2014;10;1893.98;BT;1/01/2012;1;CNE
C02359;01/02/2014;<=10;0;0;>48;246.92;245.77;245.48;7/02/2014;10;5019.1;BT;1/01/2013;1;CNE
C02360;01/02/2014;<=10;>0;0;<=24;585.12;0;0;19/02/2014;16;3089.76;BT;1/01/2013;0;CNE
C02362;01/02/2014;<=10;0;0;<24, 48;365.68;0;0;6/02/2014;19;9051.27;BT;1/01/2012;1;CNE
C02363;01/02/2014;<=10;0;0;<24, 48;253.31;253.12;0;4/02/2014;19;2376.08;BT;1/01/2011;1;CNE
C02364;01/02/2014;<=10;0;0;<=24;66.63;0;0;6/02/2014;12;4676.02;BT;1/01/2013;1;CNE
C02366;01/02/2014;<=10;0;0;<=24;321.7;321.7;321.96;3/02/2014;19;5350.06;BT;1/01/2013;1;CNE
C02367;01/02/2014;<=10;0;0;<24, 48;141.64;295.27;0;6/02/2014;12;1845.32;BT;1/01/2013;1;CNE
C02368;01/02/2014;<=10;0;0;>48;536.33;500.51;870.84;4/02/2014;13;15670.6;BT;1/01/2013;1;CNE
C02370;01/02/2014;<=10;>0;0;<24, 48;384.26;0;0;27/02/2014;12;2725.16;BT;1/01/2013;0;CNE
C02371;01/02/2014;<=10;>0;0;>48;227.67;458.87;692.94;21/02/2014;12;2873.58;BT;1/01/2012;1;CNE
C02372;01/02/2014;<=10;0;0;<24, 48;88.78;26.63;0;4/02/2014;8;1827.33;BT;1/01/2011;1;CNE
C02373;01/02/2014;<=10;0;0;<24, 48;522.17;1061.84;541.79;17/02/2014;14;14472.7;BT;1/01/2013;1;CNE
C02375;01/02/2014;<=10;0;0;<=24;132.97;268.85;405.99;14/02/2014;8;1940.11;BT;1/01/2013;1;CNE
C02376;01/02/2014;<=10;0;0;>48;237.33;0;587.19;28/02/2014;16;5329.83;BT;1/01/2012;1;CNE
C02377;01/02/2014;<=10;0;0;<24, 48;340.73;363.45;364.23;3/02/2014;14;4578.39;BT;1/01/2012;1;COEF
C02378;01/02/2014;<=10;0;0;<24, 48;461.98;932.41;1407.42;7/02/2014;9;10708.6;BT;1/01/2012;1;CNE
C02379;01/02/2014;<=10;0;0;<24, 48;265.32;530.45;797.93;28/02/2014;7;5851.34;BT;1/01/2013;1;CNE
C02380;01/02/2014;<=10;0;0;>48;210.67;0;0;12/02/2014;7;14726.6;BT;1/01/2013;1;CNE
C02382;01/02/2014;<=10;0;0;<24, 48;350.19;409.8;1185.3;19/02/2014;11;21552.5;BT;1/01/2013;1;COEF
C02383;01/02/2014;<=10;0;0;<24, 48;49.32;0;114.82;11/02/2014;8;5897.12;BT;1/01/2013;1;CNE
C02385;01/02/2014;<=10;0;0;<=24;190.86;388.5;587.72;20/02/2014;12;3093.5;BT;1/01/2013;1;CNE
C02386;01/02/2014;<=10;0;0;<24, 48;457.63;64.52;76.12;28/02/2014;17;9291.14;BT;1/01/2012;1;CNE
C02387;01/02/2014;<=10;0;0;<=24;691.96;0;0;10/02/2014;7;1429.19;BT;1/01/2013;1;CNE
C02388;01/02/2014;<=10;>0;0;<24, 48;169.05;0;0;20/02/2014;9;4743.23;BT;1/01/2013;1;COEF
C02389;01/02/2014;<=10;0;0;>48;159.59;0;0;6/02/2014;9;6355.72;BT;1/01/2012;1;COEF
C02392;01/02/2014;<=10;>0;0;<=24;470.74;478.44;484.68;5/02/2014;11;944.26;BT;1/01/2012;0;COEF
C02394;01/02/2014;<=10;0;0;>48;148;0;0;3/02/2014;15;8040.9;BT;1/01/2012;1;COEF
C02395;01/02/2014;>10;>0;1;>48;418.4;0.74;416.88;18/02/2014;12;5333.37;BT;1/01/2011;1;CNE
C02396;01/02/2014;<=10;>0;0;>48;616.15;1233.7;0;27/02/2014;16;19209.6;BT;1/01/2013;1;CNE
C02398;01/02/2014;<=10;>0;1;>48;520.49;520.72;0;12/02/2014;14;13040.1;BT;1/01/2013;1;CNE
C02399;01/02/2014;<=10;0;0;<24, 48;112.43;104.94;0;10/02/2014;11;5054.72;BT;1/01/2013;1;COEF
C02400;01/02/2014;>10;0;0;>48;347.35;0;342.66;3/02/2014;10;5994.78;BT;1/01/2011;1;COEF
C02401;01/02/2014;<=10;0;0;<24, 48;510.19;510.18;510.32;3/02/2014;8;10182.9;BT;1/01/2012;1;COEF
C02402;01/02/2014;<=10;0;0;<24, 48;159.55;0;0;11/02/2014;13;6948.07;BT;1/01/2013;1;CNE
C02404;01/02/2014;<=10;0;0;>48;438.83;436.71;437.37;11/02/2014;10;10390;BT;1/01/2012;1;CNE
C02405;01/02/2014;<=10;>0;0;<24, 48;99.41;269.71;67.06;17/02/2014;9;5380.8;BT;1/01/2013;1;COEF
C02407;01/02/2014;<=10;>0;0;<=24;847.7;0;0;7/02/2014;16;848.6;BT;1/01/2013;0;CNE
C02408;01/02/2014;>10;>0;0;>48;1339.05;0;0;12/02/2014;14;7268.04;BT;1/01/2012;0;CNE
C02409;01/02/2014;<=10;>0;0;>48;1793.81;0;0;4/02/2014;17;11707.5;BT;1/01/2011;0;CNE
C02411;01/02/2014;>10;0;0;<24, 48;341.86;0;474.05;4/02/2014;15;5550.66;BT;1/01/2012;1;CNE
C02413;01/02/2014;<=10;0;0;<=24;617.97;622.67;0;14/02/2014;7;617.3;BT;1/01/2013;1;CNE
C02415;01/02/2014;<=10;0;0;>48;162.81;0;0;13/02/2014;14;11550.3;BT;1/01/2013;1;CNE
C02417;01/02/2014;>10;0;0;>48;383.62;0;383.57;4/02/2014;9;5394.91;BT;1/01/2011;1;CNE
C02420;01/02/2014;<=10;0;0;<24, 48;1186.56;0;0;17/02/2014;14;12660.4;BT;1/01/2013;0;CNE
C02421;01/02/2014;<=10;>0;0;<24, 48;2161.69;0;0;19/02/2014;8;13508.1;BT;1/01/2012;0;CNE
C02422;01/02/2014;<=10;0;0;<24, 48;268.65;0;0;6/02/2014;15;3890.04;BT;1/01/2012;1;COEF
C02423;01/02/2014;<=10;>0;0;<24, 48;301.23;203.24;299.11;28/02/2014;9;8636.16;BT;1/01/2013;1;COEF
C02424;01/02/2014;<=10;>0;0;>48;1489.58;0;0;21/02/2014;10;12431.1;BT;1/01/2013;0;CNE
C02425;01/02/2014;<=10;0;0;<=24;455.65;454.93;453.54;11/02/2014;7;2199.64;BT;1/01/2013;1;CNE
C02426;01/02/2014;<=10;>0;0;>48;1562.9;0;0;19/02/2014;17;15579.4;BT;1/01/2013;0;CNE
C02428;01/02/2014;<=10;>0;0;<24, 48;632.37;0;0;6/02/2014;13;4920.82;BT;1/01/2013;0;CNE
C02429;01/02/2014;<=10;0;0;<24, 48;115.46;0;0;4/02/2014;13;5902.43;BT;1/01/2011;1;CNE
C02430;01/02/2014;<=10;0;0;>48;362.18;0;0;5/02/2014;7;8639.27;BT;1/01/2013;1;COEF
C02431;01/02/2014;<=10;>0;1;<24, 48;728.34;933.01;0;20/02/2014;12;5615.33;BT;1/01/2012;0;COEF
C02432;01/02/2014;<=10;0;0;<24, 48;560.65;560.75;822.68;7/02/2014;11;16809.7;BT;1/01/2013;1;COEF
C02433;01/02/2014;<=10;0;0;<24, 48;998.39;998.39;0;26/02/2014;11;6600.45;BT;1/01/2013;0;CNE
C02439;01/02/2014;<=10;0;0;>48;560.17;448.92;555.23;4/02/2014;11;22244.6;BT;1/01/2013;1;CNE
C02440;01/02/2014;<=10;0;0;<24, 48;189.01;0;0;10/02/2014;14;6913.45;BT;1/01/2013;1;CNE
C02441;01/02/2014;>10;0;0;<24, 48;213.7;0;645.43;13/02/2014;13;2081.69;BT;1/01/2011;1;CNE
C02443;01/02/2014;<=10;>0;0;<24, 48;368.79;208.83;118.99;26/02/2014;9;4181.68;BT;1/01/2012;0;COEF
C02444;01/02/2014;<=10;0;0;<24, 48;230;0.29;229.87;3/02/2014;15;3418.11;BT;1/01/2012;1;CNE
C02446;01/02/2014;<=10;0;0;<=24;360.16;312.18;361.39;7/02/2014;11;2116.15;BT;1/01/2013;1;COEF
C02447;01/02/2014;<=10;>0;0;<=24;1193.07;1574.34;1574.34;7/02/2014;7;5536.67;BT;1/01/2013;0;CNE
C02452;01/02/2014;<=10;>0;1;>48;708.62;0;0;11/02/2014;19;17059.2;BT;1/01/2013;1;CNE
C02453;01/02/2014;>10;0;0;<=24;22.22;9.99;245.14;7/02/2014;7;3251.98;BT;1/01/2013;1;CNE
C02455;01/02/2014;>10;0;0;<24, 48;256.08;0;120.08;10/02/2014;9;2937.24;BT;1/01/2012;1;CNE
C02456;01/02/2014;<=10;0;0;<=24;268.91;473.58;474.36;13/02/2014;8;7689.07;BT;1/01/2013;1;COEF
C02457;01/02/2014;<=10;0;0;>48;40.11;51.59;42.25;5/02/2014;8;10269.7;BT;1/01/2012;1;CNE
C02458;01/02/2014;<=10;0;0;<=24;68.24;0;0;3/02/2014;11;1212.35;BT;1/01/2012;1;COEF
C02459;01/02/2014;<=10;0;0;<24, 48;121.76;128.86;0;19/02/2014;8;1557.7;BT;1/01/2012;1;CNE
C02461;01/02/2014;<=10;0;0;<24, 48;376.48;0;130.49;6/02/2014;13;2340.19;BT;1/01/2011;0;CNE
C02462;01/02/2014;<=10;0;0;>48;154.43;0;0;12/02/2014;8;9348.62;BT;1/01/2013;1;COEF
C02463;01/02/2014;<=10;0;0;<24, 48;619.52;621.99;618.03;21/02/2014;7;19820.6;BT;1/01/2013;1;CNE
C02464;01/02/2014;<=10;0;0;<24, 48;239.38;246.65;0;13/02/2014;9;1343.76;BT;1/01/2011;1;CNE
C02465;01/02/2014;<=10;0;0;<=24;249.09;0;0;7/02/2014;7;1636.79;BT;1/01/2013;1;CNE
C02466;01/02/2014;<=10;0;0;<24, 48;614.68;615.15;0;3/02/2014;8;15581;BT;1/01/2012;1;COEF
C02467;01/02/2014;<=10;0;0;<24, 48;44.58;0;0;7/02/2014;14;5239.3;BT;1/01/2013;1;CNE
C02469;01/02/2014;<=10;>0;0;<24, 48;684.92;0;0;12/02/2014;12;3882.58;BT;1/01/2013;0;CNE
C02470;01/02/2014;<=10;0;0;<24, 48;38.49;320.34;0;10/02/2014;11;9323.55;BT;1/01/2013;1;CNE
C02471;01/02/2014;<=10;0;0;<24, 48;294.86;0;0;3/02/2014;7;1132.58;BT;1/01/2011;1;CNE
C02473;01/02/2014;<=10;>0;0;>48;650.38;0;0;25/02/2014;18;6289.91;BT;1/01/2013;0;CNE
C02474;01/02/2014;<=10;0;0;>48;588.75;0;0;3/02/2014;8;21027.4;BT;1/01/2012;1;COEF
C02475;01/02/2014;<=10;>0;0;<24, 48;864.08;867.38;851.74;19/02/2014;16;27592.3;BT;1/01/2013;1;CNE
C02477;01/02/2014;>10;0;0;<24, 48;135.28;207.5;207.76;4/02/2014;19;2306.13;BT;1/01/2012;1;CNE
C02478;01/02/2014;>10;0;0;<24, 48;86.51;0;187.43;20/02/2014;14;2186.82;BT;1/01/2012;1;CNE
C02479;01/02/2014;<=10;0;0;<24, 48;849.72;1732.19;2616.68;27/02/2014;15;23995.6;BT;1/01/2013;1;CNE
C02481;01/02/2014;<=10;0;0;<24, 48;421.99;422.7;583.47;13/02/2014;11;17642.8;BT;1/01/2013;1;CNE
C02484;01/02/2014;<=10;0;0;<24, 48;275.7;251.21;269.03;5/02/2014;14;7469.56;BT;1/01/2013;1;CNE
C02485;01/02/2014;<=10;0;0;<24, 48;183.26;194.44;0;21/02/2014;14;4869.14;BT;1/01/2013;1;COEF
C02488;01/02/2014;>10;0;0;>48;234.43;0;232.8;18/02/2014;11;2378.83;BT;1/01/2011;1;CNE
C02489;01/02/2014;<=10;0;0;<24, 48;130.45;391.89;655.44;18/02/2014;8;4697.11;BT;1/01/2013;1;COEF
C02491;01/02/2014;<=10;0;0;<24, 48;872.46;0;0;6/02/2014;13;8288.3;BT;1/01/2013;0;CNE
C02492;01/02/2014;<=10;>0;0;<24, 48;535.71;535.71;0;14/02/2014;7;4768.58;BT;1/01/2013;0;CNE
C02493;01/02/2014;<=10;0;0;>48;198;0;0;14/02/2014;8;2645.26;BT;1/01/2013;1;CNE
C02494;01/02/2014;<=10;>0;0;<=24;614.03;0;0;10/02/2014;20;614.7;BT;1/01/2013;1;COEF
C02495;01/02/2014;<=10;>0;0;<24, 48;1730.65;0;0;28/02/2014;14;23216.1;BT;1/01/2013;0;CNE
C02496;01/02/2014;<=10;0;0;<24, 48;1359.63;0;0;27/02/2014;12;18457.4;BT;1/01/2013;0;CNE
C02497;01/02/2014;<=10;0;0;<24, 48;50.76;0;40.1;3/02/2014;16;3128.04;BT;1/01/2013;1;CNE
C02498;01/02/2014;<=10;0;0;<24, 48;122.88;346.29;571.11;20/02/2014;7;4492.9;BT;1/01/2013;1;CNE
C02499;01/02/2014;<=10;0;0;<24, 48;805.37;804.68;1064.12;27/02/2014;15;20560.1;BT;1/01/2013;1;CNE
C02503;01/02/2014;<=10;0;0;<24, 48;314.4;9.92;116.5;4/02/2014;15;12743.6;BT;1/01/2013;1;CNE
C02504;01/02/2014;<=10;>0;0;<24, 48;221.67;0;391.09;25/02/2014;9;22281.2;BT;1/01/2013;1;CNE
C02505;01/02/2014;<=10;>0;0;<24, 48;715.44;1077.78;0;28/02/2014;10;9356.32;BT;1/01/2013;0;CNE
C02506;01/02/2014;<=10;0;0;<24, 48;258.86;257.92;260.42;3/02/2014;15;4968.28;BT;1/01/2013;1;CNE
C02507;01/02/2014;>10;0;0;>48;483.91;0;0;4/02/2014;19;7069.27;BT;1/01/2011;0;CNE
C02508;01/02/2014;<=10;>0;0;<24, 48;722.35;670.13;298.74;20/02/2014;16;21419.1;BT;1/01/2013;1;COEF
C02509;01/02/2014;<=10;0;0;>48;367.76;254.88;255.82;25/02/2014;17;4265.9;BT;1/01/2013;0;CNE
C02510;01/02/2014;<=10;>0;1;<24, 48;258.73;263.36;257.38;18/02/2014;9;5920.79;BT;1/01/2013;1;COEF
C02512;01/02/2014;<=10;0;0;<24, 48;205.91;0;0;11/02/2014;8;17386.9;BT;1/01/2013;1;COEF
C02513;01/02/2014;<=10;0;0;>48;833.4;833.4;0;18/02/2014;12;24527.1;BT;1/01/2013;1;CNE
C02514;01/02/2014;<=10;>0;0;<=24;637.79;0;0;18/02/2014;20;638.12;BT;1/01/2013;0;CNE
C02515;01/02/2014;<=10;0;0;<24, 48;602.55;1205.91;604.61;26/02/2014;12;12761;BT;1/01/2012;1;CNE
C02516;01/02/2014;<=10;>0;0;<24, 48;407.9;612.69;0;28/02/2014;13;5179.02;BT;1/01/2013;0;CNE
C02517;01/02/2014;>10;0;0;<24, 48;1176.73;1176.73;1191.79;10/02/2014;12;3584.84;BT;1/01/2011;1;CNE
C02518;01/02/2014;<=10;0;0;<=24;165.22;165.44;165.01;6/02/2014;10;1216.07;BT;1/01/2012;1;CNE
C02519;01/02/2014;<=10;0;0;<24, 48;296.96;596.98;899.58;24/02/2014;15;4292.29;BT;1/01/2012;1;CNE
C02520;01/02/2014;<=10;0;0;<24, 48;26.33;71.47;0;11/02/2014;14;3995.21;BT;1/01/2012;1;CNE
C02521;01/02/2014;<=10;0;0;<24, 48;265.55;266.36;533.52;19/02/2014;15;5041.86;BT;1/01/2013;1;COEF
C02523;01/02/2014;>10;>0;0;>48;927.12;0;0;5/02/2014;15;12087.6;BT;1/01/2012;0;CNE
C02524;01/02/2014;<=10;0;0;<=24;573.76;680.94;0;18/02/2014;11;2595.92;BT;1/01/2013;1;CNE
C02525;01/02/2014;<=10;0;0;>48;56.75;0;201.21;7/02/2014;7;4673.63;BT;1/01/2013;1;CNE
C02527;01/02/2014;<=10;0;0;<24, 48;167.83;0;17.72;28/02/2014;12;3953.36;BT;1/01/2013;1;CNE
C02528;01/02/2014;<=10;>0;0;<24, 48;2589.41;0;0;6/02/2014;16;16699.6;BT;1/01/2012;0;CNE
C02529;01/02/2014;<=10;0;0;<=24;57.06;29.28;0;3/02/2014;11;3974.5;BT;1/01/2013;1;CNE
C02530;01/02/2014;<=10;0;0;<24, 48;537.73;808.2;1081.01;19/02/2014;16;4903.1;BT;1/01/2013;0;CNE
C02531;01/02/2014;<=10;0;0;<24, 48;516.17;82.17;0;7/02/2014;9;3977.7;BT;1/01/2012;0;CNE
C02532;01/02/2014;>10;0;0;>48;32.37;0;115.55;6/02/2014;14;4074.1;BT;1/01/2011;1;CNE
C02533;01/02/2014;<=10;0;0;<=24;101.13;111.82;0;18/02/2014;10;1582.12;BT;1/01/2013;1;CNE
C02534;01/02/2014;<=10;>0;1;<=24;548.57;498.04;0;24/02/2014;11;3704.74;BT;1/01/2013;0;COEF
C02537;01/02/2014;<=10;0;0;>48;118.49;118.41;118.35;20/02/2014;11;1549.94;BT;1/01/2013;1;CNE
C02539;01/02/2014;<=10;0;0;<24, 48;306.77;198.4;272.99;11/02/2014;10;18168.9;BT;1/01/2013;1;CNE
C02540;01/02/2014;>10;0;0;<24, 48;204.78;204.93;410.2;6/02/2014;10;3304.33;BT;1/01/2012;1;CNE
C02543;01/02/2014;<=10;0;0;<24, 48;1828.06;3650.98;5486;18/02/2014;14;41871;BT;1/01/2014;1;CNE
C02544;01/02/2014;>10;0;0;<24, 48;306.47;292.43;293.91;12/02/2014;20;5194.76;BT;1/01/2013;1;CNE
C02545;01/02/2014;<=10;0;0;<24, 48;236.09;238.2;0;3/02/2014;11;5593.22;BT;1/01/2013;1;COEF
C02547;01/02/2014;<=10;0;0;>48;244.87;4.5;612.77;25/02/2014;10;15626.1;BT;1/01/2013;1;CNE
C02548;01/02/2014;<=10;>0;0;>48;165.41;0;0;17/02/2014;9;13405.9;BT;1/01/2013;1;CNE
C02552;01/02/2014;<=10;0;0;>48;1164.15;0;0;25/02/2014;7;11048.7;BT;1/01/2013;0;CNE
C02553;01/02/2014;<=10;0;0;>48;254.04;256.3;0.52;7/02/2014;8;4398.41;BT;1/01/2013;1;CNE
C02554;01/02/2014;<=10;>0;0;>48;4690.78;0;0;17/02/2014;18;41351.2;BT;1/01/2013;0;CNE
C02555;01/02/2014;<=10;0;0;<24, 48;314.29;0.04;15.68;14/02/2014;12;9392.03;BT;1/01/2013;1;CNE
C02558;01/02/2014;<=10;>0;0;<24, 48;1104.76;2217.14;0;27/02/2014;11;22072.3;BT;1/01/2012;1;COEF
C02559;01/02/2014;<=10;0;0;<24, 48;89.38;0;0;3/02/2014;15;13122.7;BT;1/01/2012;1;CNE
C02561;01/02/2014;<=10;0;0;<=24;161.82;167.45;0;14/02/2014;8;1110.58;BT;1/01/2013;1;CNE
C02563;01/02/2014;<=10;>0;0;<=24;773.06;0;0;7/02/2014;15;773.88;BT;1/01/2013;0;CNE
C02564;01/02/2014;<=10;0;0;>48;439.32;452.18;893.14;13/02/2014;10;10199.5;BT;1/01/2013;1;COEF
C02566;01/02/2014;<=10;0;0;<=24;213.3;423.49;0;20/02/2014;14;1695.6;BT;1/01/2013;0;CNE
C02568;01/02/2014;<=10;>0;0;>48;2302.69;3076.23;0;19/02/2014;16;24640;BT;1/01/2013;0;CNE
C02569;01/02/2014;<=10;0;0;>48;34.16;0.56;354.88;17/02/2014;9;8559.47;BT;1/01/2013;1;CNE
C02570;01/02/2014;<=10;0;0;<24, 48;157.38;427.19;626.32;24/02/2014;9;4900.87;BT;1/01/2013;1;CNE
C02573;01/02/2014;<=10;0;0;<24, 48;210.49;0;211.07;20/02/2014;12;2580.73;BT;1/01/2012;1;COEF
C02574;01/02/2014;<=10;0;0;<=24;101.11;0;0;5/02/2014;7;930.09;BT;1/01/2013;1;COEF
C02575;01/02/2014;<=10;>0;0;>48;616.18;0;0;26/02/2014;19;13981.2;BT;1/01/2013;1;COEF
C02576;01/02/2014;<=10;0;0;<24, 48;476.41;465.78;937.38;26/02/2014;16;8901.47;BT;1/01/2013;1;CNE
C02577;01/02/2014;<=10;0;0;<=24;161.23;148.79;154.16;7/02/2014;20;1206.8;BT;1/01/2012;1;CNE
C02578;01/02/2014;<=10;>0;0;<24, 48;2682.2;0;0;28/02/2014;15;19452;BT;1/01/2013;0;CNE
C02580;01/02/2014;<=10;0;0;<=24;668.8;0;0;11/02/2014;10;11189.2;BT;1/01/2013;1;CNE
C02581;01/02/2014;<=10;0;0;>48;206.94;0;0;3/02/2014;15;7563.42;BT;1/01/2013;1;COEF
C02582;01/02/2014;<=10;>0;0;<24, 48;1787.35;0;0;18/02/2014;15;16163.4;BT;1/01/2013;0;CNE
C02583;01/02/2014;<=10;0;0;<=24;126.32;0;0;14/02/2014;7;2544.7;BT;1/01/2012;1;CNE
C02585;01/02/2014;<=10;0;0;>48;567.15;567.69;0;3/02/2014;8;21954.6;BT;1/01/2013;1;CNE
C02586;01/02/2014;<=10;0;0;<=24;151.77;0;0;7/02/2014;10;2616.09;BT;1/01/2014;1;CNE
C02588;01/02/2014;<=10;0;0;<=24;424.19;0;0;13/02/2014;11;1761.15;BT;1/01/2013;0;CNE
C02590;01/02/2014;<=10;>0;0;>48;482.67;0;0;28/02/2014;14;9889.94;BT;1/01/2013;0;CNE
C02591;01/02/2014;<=10;0;0;>48;41.48;42.32;0;3/02/2014;16;9440.93;BT;1/01/2013;1;CNE
C02592;01/02/2014;<=10;0;0;<24, 48;203.16;410.09;618.99;5/02/2014;9;3104.64;BT;1/01/2012;1;CNE
C02594;01/02/2014;<=10;0;0;<24, 48;85.64;28.23;70.82;6/02/2014;14;3701.71;BT;1/01/2012;1;CNE
C02599;01/02/2014;<=10;0;0;<24, 48;128.23;128.64;106.65;18/02/2014;10;2215.92;BT;1/01/2013;1;CNE
C02600;01/02/2014;<=10;>0;0;<=24;279.83;272.55;545.17;6/02/2014;13;4136.4;BT;1/01/2013;0;CNE
C02602;01/02/2014;<=10;0;0;>48;624.33;1249.77;0;12/02/2014;9;16811.8;BT;1/01/2013;1;CNE
C02604;01/02/2014;<=10;0;0;<24, 48;183.85;0;0;6/02/2014;15;12073.1;BT;1/01/2013;1;COEF
C02605;01/02/2014;<=10;0;0;<24, 48;171.93;337.06;10.2;4/02/2014;14;9400.63;BT;1/01/2013;1;CNE
C02607;01/02/2014;<=10;0;0;<=24;196.95;145.75;345.32;11/02/2014;14;1404.67;BT;1/01/2013;1;CNE
C02608;01/02/2014;<=10;0;0;<24, 48;357.64;0;0;19/02/2014;9;8539.9;BT;1/01/2013;1;CNE
C02609;01/02/2014;<=10;>0;0;<24, 48;483.03;0;0;10/02/2014;17;4711.38;BT;1/01/2013;0;CNE
C02610;01/02/2014;<=10;0;0;<=24;73.65;305.2;0;5/02/2014;20;4683.17;BT;1/01/2013;1;CNE
C02611;01/02/2014;<=10;0;0;<24, 48;33.2;0;311.19;25/02/2014;9;4851.43;BT;1/01/2013;1;CNE
C02612;01/02/2014;<=10;0;0;<24, 48;346.27;691.32;1039.31;26/02/2014;10;4997.02;BT;1/01/2012;1;CNE
C02613;01/02/2014;<=10;0;0;<24, 48;471.09;0;385.94;14/02/2014;12;15034.1;BT;1/01/2013;1;COEF
C02615;01/02/2014;<=10;0;0;>48;44.37;353.39;0;24/02/2014;7;8960.26;BT;1/01/2013;1;CNE
C02617;01/02/2014;<=10;>0;0;>48;1237.17;0;0;20/02/2014;9;7143.44;BT;1/01/2012;0;CNE
C02618;01/02/2014;<=10;>0;0;>48;246.65;246.31;246.35;14/02/2014;8;6148.8;BT;1/01/2013;1;CNE
C02619;01/02/2014;<=10;0;0;<=24;79.4;0;255.38;3/02/2014;15;1030.87;BT;1/01/2012;1;COEF
C02623;01/02/2014;<=10;0;0;<24, 48;139.02;0;0;11/02/2014;13;4720;BT;1/01/2013;1;COEF
C02624;01/02/2014;<=10;0;0;<24, 48;285.3;285.6;0;17/02/2014;16;4919.66;BT;1/01/2013;1;CNE
C02626;01/02/2014;<=10;>0;0;>48;485.37;444.46;446.41;28/02/2014;13;10959.1;BT;1/01/2013;0;CNE
C02627;01/02/2014;<=10;0;0;>48;223.69;115.21;0.51;5/02/2014;10;2797.37;BT;1/01/2013;1;CNE
C02629;01/02/2014;<=10;0;0;<=24;112.37;0;0;18/02/2014;17;4624.05;BT;1/01/2013;1;CNE
C02630;01/02/2014;<=10;0;0;<24, 48;508.07;1016.09;1527.46;5/02/2014;11;14514.3;BT;1/01/2013;1;CNE
C02632;01/02/2014;<=10;0;0;>48;793.31;0;0;18/02/2014;16;29438.4;BT;1/01/2013;1;CNE
C02633;01/02/2014;<=10;0;0;<24, 48;2934.9;0;0;13/02/2014;12;24098.2;BT;1/01/2013;0;CNE
C02634;01/02/2014;<=10;0;0;>48;292.31;865.44;574.51;28/02/2014;18;17084.9;BT;1/01/2013;1;CNE
C02635;01/02/2014;<=10;0;0;<24, 48;1261.7;0;0;21/02/2014;17;14738.6;BT;1/01/2012;0;CNE
C02637;01/02/2014;<=10;0;0;<=24;268.64;0;268;18/02/2014;14;1713.08;BT;1/01/2013;1;CNE
C02638;01/02/2014;>10;0;0;<24, 48;360.29;151.11;0;4/02/2014;11;4943.48;BT;1/01/2012;1;CNE
C02639;01/02/2014;<=10;0;0;<=24;124.2;0;0;18/02/2014;11;2072;BT;1/01/2013;1;CNE
C02640;01/02/2014;<=10;0;0;<24, 48;851.9;0;0;12/02/2014;18;7259.57;BT;1/01/2013;0;CNE
C02641;01/02/2014;>10;0;0;<24, 48;166.54;0;166.62;3/02/2014;15;1530.26;BT;1/01/2011;1;CNE
C02642;01/02/2014;<=10;0;0;<=24;408.16;0;684.58;13/02/2014;7;2167.44;BT;1/01/2013;0;CNE
C02644;01/02/2014;<=10;0;0;<24, 48;340.82;683.5;0;19/02/2014;13;6299.87;BT;1/01/2013;1;CNE
C02651;01/02/2014;<=10;>0;0;>48;420.65;881.36;0;27/02/2014;16;10155.7;BT;1/01/2012;1;COEF
C02653;01/02/2014;<=10;0;0;<24, 48;516.17;1035.57;0;3/02/2014;9;12477.8;BT;1/01/2013;1;CNE
C02654;01/02/2014;<=10;0;0;<=24;100.28;90.34;388.75;4/02/2014;16;7250.27;BT;1/01/2013;1;CNE
C02655;01/02/2014;<=10;>0;0;<24, 48;556.37;437.41;0;13/02/2014;14;5302.21;BT;1/01/2013;0;CNE
C02658;01/02/2014;<=10;0;0;<24, 48;48.26;422.22;462.19;19/02/2014;9;12564.5;BT;1/01/2013;1;CNE
C02659;01/02/2014;<=10;0;0;<24, 48;257.63;264.77;241.9;11/02/2014;10;5122.04;BT;1/01/2013;1;CNE
C02660;01/02/2014;<=10;0;0;<24, 48;91.7;91.76;183.88;17/02/2014;15;1685.48;BT;1/01/2013;1;CNE
C02661;01/02/2014;<=10;0;0;<24, 48;472.4;66.63;0;6/02/2014;13;13498;BT;1/01/2013;1;COEF
C02662;01/02/2014;<=10;0;0;<24, 48;494.42;484.51;0;14/02/2014;9;9796.23;BT;1/01/2012;1;CNE
C02665;01/02/2014;>10;0;0;<24, 48;208.11;208.8;171.44;12/02/2014;9;2593.62;BT;1/01/2012;1;CNE
C02666;01/02/2014;<=10;>0;1;<24, 48;465.21;0;0;6/02/2014;20;4499.61;BT;1/01/2013;1;COEF
C02667;01/02/2014;<=10;0;0;<24, 48;428.91;0;0;10/02/2014;12;8134.41;BT;1/01/2013;1;CNE
C02669;01/02/2014;<=10;0;0;<24, 48;30.27;0;0;3/02/2014;12;4821.98;BT;1/01/2013;1;CNE
C02670;01/02/2014;<=10;0;0;<24, 48;1085.12;0;0;27/02/2014;12;9096.43;BT;1/01/2012;0;CNE
C02671;01/02/2014;<=10;0;0;<=24;134.84;134.92;134.98;4/02/2014;9;1603.37;BT;1/01/2013;1;COEF
C02673;01/02/2014;<=10;0;0;<=24;160.22;160.51;160.22;19/02/2014;11;1532.45;BT;1/01/2013;1;CNE
C02674;01/02/2014;<=10;0;0;>48;689.03;689.03;0;5/02/2014;14;8236.86;BT;1/01/2012;0;CNE
C02676;01/02/2014;<=10;>0;0;<24, 48;498.39;749.71;749.71;19/02/2014;13;6014.18;BT;1/01/2013;0;CNE
C02679;01/02/2014;<=10;0;0;<=24;317.93;319.59;289;10/02/2014;11;3353.63;BT;1/01/2013;1;CNE
C02680;01/02/2014;>10;>0;0;>48;377.95;279.05;497.31;7/02/2014;12;6798.6;BT;1/01/2012;0;COEF
C02681;01/02/2014;<=10;0;0;<24, 48;784.21;0;0;14/02/2014;13;8818.85;BT;1/01/2012;0;CNE
C02683;01/02/2014;<=10;>0;0;>48;440.86;663.28;667.52;10/02/2014;14;5047.17;BT;1/01/2013;0;CNE
C02684;01/02/2014;<=10;0;0;>48;365.4;520.98;1317.62;3/02/2014;9;19860.5;BT;1/01/2013;1;CNE
C02687;01/02/2014;<=10;0;0;<=24;620.65;621.34;1244.86;25/02/2014;14;8834.83;BT;1/01/2013;1;CNE
C02691;01/02/2014;<=10;0;0;>48;237.2;237.23;0;7/02/2014;8;5099.72;BT;1/01/2013;1;CNE
C02694;01/02/2014;>10;0;0;<24, 48;348.7;0;0;4/02/2014;18;3459.77;BT;1/01/2011;1;CNE
C02695;01/02/2014;<=10;>0;0;<24, 48;414.91;599.14;784.05;3/02/2014;19;17578.4;BT;1/01/2012;1;CNE
C02696;01/02/2014;<=10;0;0;<24, 48;162.72;327.19;0;21/02/2014;14;3103.72;BT;1/01/2013;1;CNE
C02698;01/02/2014;<=10;>0;0;>48;217.12;0;0;21/02/2014;7;12222.6;BT;1/01/2013;1;CNE
C02699;01/02/2014;<=10;0;0;<24, 48;2743.75;0;0;25/02/2014;18;23599.9;BT;1/01/2013;0;CNE
C02700;01/02/2014;<=10;0;0;<24, 48;202.87;0;0;12/02/2014;9;5212.73;BT;1/01/2013;1;CNE
C02701;01/02/2014;<=10;0;0;<=24;206.35;265.02;0;3/02/2014;19;4449.1;BT;1/01/2013;1;CNE
C02702;01/02/2014;<=10;>0;1;<24, 48;656.61;988.54;0;18/02/2014;11;6381.66;BT;1/01/2012;0;COEF
C02704;01/02/2014;<=10;0;0;<=24;359.11;0;0;6/02/2014;17;5118.96;BT;1/01/2013;1;COEF
C02706;01/02/2014;<=10;0;0;>48;1254.52;1254.86;1196.64;17/02/2014;14;53132.8;BT;1/01/2013;1;CNE
C02708;01/02/2014;<=10;0;0;>48;621.7;0;0;20/02/2014;16;19533.4;BT;1/01/2013;1;CNE
C02709;01/02/2014;<=10;0;0;>48;824.49;0;0;13/02/2014;13;9994.25;BT;1/01/2013;0;CNE
C02710;01/02/2014;<=10;0;0;<24, 48;255.32;512.85;772.54;14/02/2014;7;5626.11;BT;1/01/2013;1;COEF
C02711;01/02/2014;<=10;0;0;<=24;249.7;576.94;909.12;13/02/2014;13;5890.62;BT;1/01/2013;1;COEF
C02712;01/02/2014;>10;0;0;<24, 48;254.3;254.17;253.88;12/02/2014;16;1058.36;BT;1/01/2011;1;CNE
C02714;01/02/2014;<=10;0;0;<=24;29.72;0;0;4/02/2014;7;2560.99;BT;1/01/2013;1;CNE
C02718;01/02/2014;<=10;0;0;<24, 48;736.83;0;0;21/02/2014;18;5431.39;BT;1/01/2013;0;CNE
C02719;01/02/2014;<=10;0;0;<=24;153.36;307.42;0;20/02/2014;12;2056.09;BT;1/01/2013;0;CNE
C02722;01/02/2014;<=10;0;0;<24, 48;616.85;618.67;0;20/02/2014;16;14806.7;BT;1/01/2013;1;CNE
C02724;01/02/2014;<=10;0;0;<24, 48;1086.09;0;0;12/02/2014;10;9288.59;BT;1/01/2013;0;CNE
C02726;01/02/2014;<=10;0;0;>48;173.23;346.57;0;14/02/2014;7;4373.42;BT;1/01/2013;1;CNE
C02731;01/02/2014;<=10;0;0;>48;157.47;487.48;378.46;27/02/2014;14;6778.65;BT;1/01/2013;1;CNE
C02733;01/02/2014;<=10;0;0;<=24;408.49;0;0;21/02/2014;7;1565.54;BT;1/01/2013;1;COEF
C02735;01/02/2014;<=10;0;0;<24, 48;330.88;667.16;336.78;25/02/2014;8;7666.67;BT;1/01/2013;1;CNE
C02738;01/02/2014;>10;0;0;<24, 48;534.08;0;0;5/02/2014;13;3488.01;BT;1/01/2012;0;CNE
C02740;01/02/2014;<=10;0;0;<24, 48;985.29;1317.1;0;18/02/2014;17;6778.01;BT;1/01/2013;0;COEF
C02741;01/02/2014;<=10;0;0;<24, 48;785.45;0;0;18/02/2014;10;6746.84;BT;1/01/2013;0;CNE
C02744;01/02/2014;>10;0;0;<24, 48;162.66;0;0;20/02/2014;9;1922.17;BT;1/01/2011;1;CNE
C02745;01/02/2014;<=10;>0;0;>48;451.32;678.57;587;28/02/2014;16;3631.3;BT;1/01/2012;0;CNE
C02747;01/02/2014;<=10;0;0;>48;744.74;1557.33;0;3/02/2014;8;59002.2;BT;1/01/2013;1;CNE
C02748;01/02/2014;<=10;0;0;>48;249.68;249.97;249.47;7/02/2014;9;4569.9;BT;1/01/2013;1;COEF
C02749;01/02/2014;<=10;0;0;<24, 48;222.38;0;0;21/02/2014;9;4592.65;BT;1/01/2013;1;CNE
C02751;01/02/2014;<=10;>0;0;<24, 48;734.6;0;0;25/02/2014;13;5621.18;BT;1/01/2013;0;CNE
C02752;01/02/2014;<=10;0;0;<24, 48;314.36;247.8;418.39;13/02/2014;8;7317.96;BT;1/01/2012;1;COEF
C02753;01/02/2014;<=10;0;0;<24, 48;272.53;268.99;103.32;5/02/2014;17;3354.95;BT;1/01/2012;1;COEF
C02755;01/02/2014;<=10;0;0;<=24;24.33;9.35;0;7/02/2014;12;1836.47;BT;1/01/2013;1;CNE
C02756;01/02/2014;>10;>0;0;>48;2405.72;0;0;26/02/2014;13;16025.8;BT;1/01/2012;0;CNE
C02758;01/02/2014;<=10;0;0;>48;1084.76;0;0;17/02/2014;10;13930.4;BT;1/01/2013;0;CNE
C02759;01/02/2014;<=10;0;0;<24, 48;619.56;0;587.57;24/02/2014;8;15206;BT;1/01/2013;1;CNE
C02760;01/02/2014;<=10;0;0;<24, 48;212.7;212.79;213.12;14/02/2014;15;4511.76;BT;1/01/2013;1;CNE
C02761;01/02/2014;<=10;0;0;<24, 48;1142.56;0;0;12/02/2014;10;11329;BT;1/01/2013;0;CNE
C02765;01/02/2014;<=10;0;0;<24, 48;565.16;536.81;904.29;12/02/2014;9;10495;BT;1/01/2013;0;CNE
C02766;01/02/2014;<=10;0;0;>48;202.25;0;0;3/02/2014;14;4819.48;BT;1/01/2013;1;CNE
C02767;01/02/2014;<=10;0;0;<24, 48;66.43;0;207.78;13/02/2014;8;4698.76;BT;1/01/2013;1;CNE
C02768;01/02/2014;<=10;0;0;>48;333.75;667.73;0;19/02/2014;11;8541.47;BT;1/01/2013;1;CNE
C02771;01/02/2014;<=10;0;0;<24, 48;262.03;0;0;3/02/2014;11;5214.95;BT;1/01/2013;1;COEF
C02774;01/02/2014;<=10;0;0;>48;797.59;1597.06;0;17/02/2014;8;23445.3;BT;1/01/2013;1;CNE
C02775;01/02/2014;<=10;>0;0;<24, 48;174.54;351.33;0;27/02/2014;10;3389.44;BT;1/01/2011;0;CNE
C02776;01/02/2014;<=10;0;0;>48;309.42;0;0;13/02/2014;8;6637.8;BT;1/01/2012;1;COEF
C02778;01/02/2014;<=10;>0;0;<24, 48;1589.88;0;0;10/02/2014;18;16388;BT;1/01/2013;0;COEF
C02779;01/02/2014;<=10;0;0;<24, 48;322.1;321.13;321.13;19/02/2014;11;6269.71;BT;1/01/2013;1;CNE
C02785;01/02/2014;<=10;0;0;<24, 48;104.95;0;0;6/02/2014;12;2429.13;BT;1/01/2013;1;CNE
C02787;01/02/2014;<=10;0;0;<24, 48;415.83;421.41;0;21/02/2014;19;9138.44;BT;1/01/2013;1;CNE
C02788;01/02/2014;<=10;0;0;>48;376.62;0;0;3/02/2014;16;15138.3;BT;1/01/2013;1;COEF
C02792;01/02/2014;<=10;>0;0;<24, 48;726.51;92.43;357;7/02/2014;19;8580.82;BT;1/01/2013;0;CNE
C02793;01/02/2014;<=10;0;0;<24, 48;748.42;0;0;26/02/2014;14;45085.9;BT;1/01/2013;1;CNE
C02795;01/02/2014;<=10;>0;0;>48;551.2;872.91;0;18/02/2014;14;37990.2;BT;1/01/2011;1;COEF
C02796;01/02/2014;<=10;>0;0;>48;981.94;943.53;1819.09;26/02/2014;8;51668.4;BT;1/01/2012;1;COEF
C02797;01/02/2014;<=10;0;0;<24, 48;157.65;0;0;4/02/2014;11;888.66;BT;1/01/2012;0;CNE
C02798;01/02/2014;<=10;0;0;<24, 48;580.94;0;0;21/02/2014;18;15264.9;BT;1/01/2013;1;COEF
C02799;01/02/2014;>10;0;0;<24, 48;1428.83;2153.56;967.74;17/02/2014;13;4611.5;BT;1/01/2011;0;CNE
C02800;01/02/2014;<=10;0;0;>48;466.75;0;477.23;10/02/2014;10;9670.77;BT;1/01/2012;1;CNE
C02801;01/02/2014;<=10;0;0;>48;368.55;0;0;3/02/2014;15;11160.2;BT;1/01/2013;1;CNE
C02802;01/02/2014;<=10;0;0;>48;412.39;944.68;1480.57;3/02/2014;11;16373.8;BT;1/01/2013;1;CNE
C02803;01/02/2014;<=10;0;0;<24, 48;491.17;974.68;974.68;20/02/2014;12;7791.1;BT;1/01/2012;1;CNE
C02804;01/02/2014;<=10;0;0;<=24;242.36;242.09;245.04;28/02/2014;8;1572.51;BT;1/01/2013;1;CNE
C02805;01/02/2014;<=10;0;0;<24, 48;642.67;950.31;0;14/02/2014;7;38539.3;BT;1/01/2012;1;COEF
C02806;01/02/2014;<=10;0;0;<24, 48;134.51;1.05;235.94;4/02/2014;11;1992.84;BT;1/01/2011;1;COEF
C02807;01/02/2014;<=10;0;0;>48;2612.52;0;0;21/02/2014;18;26349.1;BT;1/01/2013;0;CNE
C02809;01/02/2014;<=10;0;0;<24, 48;101.41;0;0;6/02/2014;7;2323.16;BT;1/01/2012;1;CNE
C02810;01/02/2014;>10;>0;0;>48;1960.08;1966.5;3945.83;19/02/2014;20;61516.1;BT;1/01/2012;1;CNE
C02811;01/02/2014;<=10;>0;0;<24, 48;708.02;1418.5;2136.27;26/02/2014;14;22422.4;BT;1/01/2013;1;CNE
C02813;01/02/2014;<=10;0;0;<24, 48;470.31;470.31;472.88;26/02/2014;17;6853.48;BT;1/01/2012;1;COEF
C02814;01/02/2014;<=10;0;0;<=24;23.82;0;0;14/02/2014;10;2814.28;BT;1/01/2014;1;CNE
C02815;01/02/2014;<=10;0;0;<24, 48;592.58;593.38;1188.78;7/02/2014;8;12555.8;BT;1/01/2013;1;CNE
C02816;01/02/2014;<=10;0;0;<24, 48;2622;0;0;20/02/2014;8;12418.7;BT;1/01/2012;0;CNE
C02817;01/02/2014;>10;0;0;<24, 48;215.44;432.36;651.09;18/02/2014;15;3569.61;BT;1/01/2012;1;CNE
C02819;01/02/2014;<=10;0;0;<24, 48;276.6;177.97;0;19/02/2014;11;6062.01;BT;1/01/2013;1;COEF
C02820;01/02/2014;>10;0;0;<24, 48;82.25;514.18;270.97;11/02/2014;12;9675.05;BT;1/01/2011;1;CNE
C02821;01/02/2014;<=10;0;0;<24, 48;391.73;0;0;14/02/2014;9;6969.97;BT;1/01/2012;1;CNE
C02822;01/02/2014;<=10;0;0;<=24;1457.8;0;0;25/02/2014;9;4901.94;BT;1/01/2013;0;CNE
C02823;01/02/2014;<=10;>0;0;>48;2201.72;0;0;7/02/2014;8;22389.9;BT;1/01/2013;0;CNE
C02824;01/02/2014;<=10;0;0;<24, 48;275.92;185.33;274.28;10/02/2014;10;5485.45;BT;1/01/2013;1;CNE
C02825;01/02/2014;<=10;0;0;<=24;75.68;48.3;132.08;6/02/2014;8;1090.2;BT;1/01/2013;1;CNE
C02828;01/02/2014;<=10;0;0;>48;585.15;394.6;0;17/02/2014;10;12738;BT;1/01/2012;1;CNE
C02829;01/02/2014;<=10;0;0;<24, 48;246.37;205;0;13/02/2014;20;4002.98;BT;1/01/2012;1;CNE
C02831;01/02/2014;>10;0;0;>48;442.76;443.78;444.27;7/02/2014;9;4877.13;BT;1/01/2011;1;CNE
C02832;01/02/2014;<=10;0;0;>48;532.81;528.19;0;20/02/2014;7;15264.4;BT;1/01/2013;1;COEF
C02833;01/02/2014;<=10;0;0;>48;1204.67;0;0;12/02/2014;13;30333.4;BT;1/01/2012;1;CNE
C02834;01/02/2014;>10;>0;0;<24, 48;3159.47;0;0;14/02/2014;20;18161;BT;1/01/2012;0;COEF
C02835;01/02/2014;<=10;0;0;<24, 48;730.45;173.49;0;10/02/2014;8;15953;BT;1/01/2013;1;COEF
C02836;01/02/2014;>10;0;0;<24, 48;388.26;0;586.25;3/02/2014;10;7716.86;BT;1/01/2011;1;CNE
C02837;01/02/2014;<=10;0;0;<24, 48;680.43;680.43;0;28/02/2014;11;12523.8;BT;1/01/2013;0;CNE
C02838;01/02/2014;<=10;0;0;<=24;679.35;0;0;26/02/2014;8;1247.75;BT;1/01/2012;0;CNE
C02839;01/02/2014;<=10;>0;0;<24, 48;268.7;581.52;896.46;25/02/2014;7;6121.28;BT;1/01/2013;1;CNE
C02840;01/02/2014;<=10;0;0;<24, 48;240.16;246.69;254.24;3/02/2014;15;3723.67;BT;1/01/2012;1;COEF
C02842;01/02/2014;<=10;0;0;<24, 48;1636.92;0;365.81;28/02/2014;19;23993.4;BT;1/01/2013;0;CNE
C02843;01/02/2014;<=10;>0;1;<24, 48;568.05;570.07;0;13/02/2014;16;18613.6;BT;1/01/2013;1;CNE
C02844;01/02/2014;>10;0;0;<24, 48;282.25;475.79;0;13/02/2014;9;6383.62;BT;1/01/2011;1;CNE
C02845;01/02/2014;<=10;0;0;<24, 48;148.91;0;0;6/02/2014;9;2728.53;BT;1/01/2013;1;CNE
C02846;01/02/2014;<=10;>0;0;>48;569.54;0;0;13/02/2014;9;10436.9;BT;1/01/2011;1;CNE
C02847;01/02/2014;>10;0;0;>48;242.61;234.17;245.44;24/02/2014;16;4411;BT;1/01/2011;1;CNE
C02849;01/02/2014;<=10;0;0;<24, 48;330.71;665.04;0;18/02/2014;9;8385.45;BT;1/01/2013;1;CNE
C02850;01/02/2014;>10;0;0;<24, 48;179.32;0;253.32;3/02/2014;15;3985.2;BT;1/01/2012;1;CNE
C02851;01/02/2014;>10;0;0;<24, 48;271.64;271.7;271.77;17/02/2014;11;4133.77;BT;1/01/2011;1;COEF
C02852;01/02/2014;>10;0;0;<24, 48;296.64;0;0;13/02/2014;9;4647.71;BT;1/01/2012;1;CNE
C02855;01/02/2014;>10;0;0;<24, 48;543.13;0;0;17/02/2014;14;8819.03;BT;1/01/2012;1;CNE
C02856;01/02/2014;<=10;0;0;<24, 48;351.54;726.72;1107.17;20/02/2014;12;10449.9;BT;1/01/2013;1;COEF
C02858;01/02/2014;<=10;0;0;<24, 48;657.72;988.5;0;12/02/2014;13;8914.64;BT;1/01/2013;0;CNE
C02859;01/02/2014;<=10;>0;0;>48;3653.21;4490.78;0;25/02/2014;14;38541.2;BT;1/01/2013;0;COEF
C02861;01/02/2014;<=10;>0;0;>48;839.33;1131.62;0;26/02/2014;12;5730.95;BT;1/01/2013;0;COEF
C02863;01/02/2014;<=10;0;0;>48;480.67;0;0;5/02/2014;13;4383.58;BT;1/01/2013;0;CNE
C02864;01/02/2014;<=10;0;0;>48;1194.67;0;0;10/02/2014;12;15080.9;BT;1/01/2012;0;CNE
C02865;01/02/2014;<=10;0;0;<24, 48;4876.55;0;0;18/02/2014;14;44653.9;BT;1/01/2013;0;CNE
C02866;01/02/2014;<=10;0;0;>48;414.74;254.31;403.78;6/02/2014;16;10034.7;BT;1/01/2013;1;CNE
C02869;01/02/2014;<=10;0;0;>48;683.46;684.06;685.3;21/02/2014;15;15934.3;BT;1/01/2012;1;COEF
C02870;01/02/2014;>10;0;0;>48;1259.75;1897.53;0;18/02/2014;7;14389.9;BT;1/01/2012;0;CNE
C02871;01/02/2014;<=10;>0;0;<24, 48;240.04;240.79;240.57;26/02/2014;9;3632.16;BT;1/01/2012;1;CNE
C02872;01/02/2014;<=10;0;0;>48;786.41;0;0;3/02/2014;17;9094.24;BT;1/01/2011;1;CNE
C02873;01/02/2014;>10;0;0;<24, 48;1650.64;0;0;6/02/2014;10;9615.35;BT;1/01/2010;0;CNE
C02874;01/02/2014;>10;0;0;<24, 48;1650.64;0;0;10/02/2014;17;9615.35;BT;1/01/2010;0;CNE
C02875;01/02/2014;>10;>0;0;<24, 48;154.74;0;0;10/02/2014;16;5417.3;BT;1/01/2011;0;CNE
C02876;01/02/2014;>10;>0;0;<24, 48;154.74;0;0;12/02/2014;12;5417.3;BT;1/01/2011;0;CNE
C02878;01/02/2014;<=10;0;0;<24, 48;529.65;1.69;526.97;17/02/2014;7;9901.73;BT;1/01/2013;1;CNE
C02879;01/02/2014;<=10;0;0;>48;607.85;0;189.48;3/02/2014;16;18166.6;BT;1/01/2013;1;CNE
C02880;01/02/2014;>10;0;0;>48;1653.31;0;0;13/02/2014;20;55564.3;BT;1/01/2012;1;CNE
C02881;01/02/2014;<=10;0;0;>48;759.69;762.5;682.64;13/02/2014;11;10334.2;BT;1/01/2011;1;CNE
C02883;01/02/2014;<=10;>0;0;>48;1451.22;0;423.1;5/02/2014;15;19821;BT;1/01/2013;0;CNE
C02884;01/02/2014;>10;0;0;>48;663.18;664.63;658.93;4/02/2014;8;13791.5;BT;1/01/2012;1;COEF
C02885;01/02/2014;<=10;0;0;<24, 48;663.18;664.63;658.93;12/02/2014;12;13791.5;BT;1/01/2012;1;CNE
C02886;01/02/2014;<=10;>0;1;>48;756.34;1541.8;756.04;11/02/2014;10;13813;BT;1/01/2011;1;CNE
C02887;01/02/2014;>10;0;0;>48;408.37;1170.67;1165.31;4/02/2014;8;14789.7;BT;1/01/2011;0;CNE
C02888;01/02/2014;<=10;0;0;<=24;47.29;0;0;7/02/2014;7;1731.19;BT;1/01/2012;1;COEF
C02890;01/02/2014;<=10;0;0;<24, 48;2305.97;0;0;26/02/2014;8;20515;BT;1/01/2013;0;CNE
C02893;01/02/2014;>10;0;0;<24, 48;123.64;651.18;0;7/02/2014;7;19009.7;BT;1/01/2011;1;CNE
C02894;01/02/2014;<=10;>0;0;<24, 48;348.65;348.65;0;20/02/2014;10;4922.87;BT;1/01/2011;1;CNE
C02895;01/02/2014;<=10;>0;0;<24, 48;348.65;348.65;0;26/02/2014;10;4922.87;BT;1/01/2011;1;CNE
C02896;01/02/2014;<=10;0;0;<24, 48;230.48;228.77;232.68;17/02/2014;7;3037.76;BT;1/01/2012;1;CNE
C02897;01/02/2014;<=10;0;0;>48;859.02;1725.94;0;20/02/2014;10;24734.5;BT;1/01/2013;1;CNE
C02898;01/02/2014;<=10;0;0;>48;859.02;1725.94;0;26/02/2014;14;24734.5;BT;1/01/2013;1;CNE
C02899;01/02/2014;<=10;0;0;>48;859.02;1725.94;0;28/02/2014;8;24734.5;BT;1/01/2013;1;CNE
C02900;01/02/2014;<=10;0;0;>48;859.02;1725.94;0;6/02/2014;12;24734.5;BT;1/01/2013;1;COEF
C02901;01/02/2014;>10;0;0;>48;120.89;120.97;121;5/02/2014;8;1486.35;BT;1/01/2011;1;CNE
C02902;01/02/2014;<=10;0;0;<24, 48;1898.43;0;0;18/02/2014;15;12572.7;BT;1/01/2011;0;CNE
C02903;01/02/2014;<=10;0;0;<24, 48;366.64;366.16;362.61;7/02/2014;8;1042.37;BT;1/01/2011;1;CNE
C02904;01/02/2014;<=10;>0;0;<24, 48;1273.56;0;0;20/02/2014;11;18064.6;BT;1/01/2013;0;CNE
C02905;01/02/2014;<=10;0;0;<24, 48;2479.12;0;0;5/02/2014;17;24952.8;BT;1/01/2012;0;CNE
C02906;01/02/2014;<=10;0;0;>48;1219.04;0;0;14/02/2014;9;4069.57;BT;1/01/2010;0;COEF
C02907;01/02/2014;<=10;0;0;<24, 48;990.14;0;0;6/02/2014;16;28213.8;BT;1/01/2013;1;CNE
C02909;01/02/2014;>10;0;0;<24, 48;804.7;939.91;108.24;3/02/2014;10;22292;BT;1/01/2012;1;COEF
C02910;01/02/2014;<=10;0;0;<24, 48;1409.41;0;0;20/02/2014;17;12255.2;BT;1/01/2013;0;CNE
C02911;01/02/2014;<=10;>0;0;<=24;1647.43;605.73;1218.41;26/02/2014;14;10177.2;BT;1/01/2013;0;CNE
C02912;01/02/2014;<=10;>0;0;>48;3133.46;0;0;27/02/2014;18;32661.3;BT;1/01/2013;0;CNE
C02913;01/02/2014;<=10;>0;0;<24, 48;1126.33;0;0;14/02/2014;19;10446.3;BT;1/01/2013;0;COEF
C02914;01/02/2014;<=10;>0;0;<24, 48;248.47;329.63;164.38;24/02/2014;16;2891.52;BT;1/01/2012;0;CNE
C02915;01/02/2014;<=10;>0;0;<24, 48;248.47;329.63;164.38;25/02/2014;13;2891.52;BT;1/01/2012;0;CNE
C02917;01/02/2014;<=10;>0;0;<24, 48;356.02;356.02;0;28/02/2014;9;9343.63;BT;1/01/2013;1;CNE
C02918;01/02/2014;<=10;>0;0;<=24;92.65;188.08;0;10/02/2014;7;2689.35;BT;1/01/2013;1;COEF
C02919;01/02/2014;<=10;0;0;<24, 48;566.45;0;0;4/02/2014;17;14458.9;BT;1/01/2012;1;CNE
C02920;01/02/2014;<=10;0;0;<24, 48;566.45;0;0;10/02/2014;9;14458.9;BT;1/01/2012;1;CNE
C02922;01/02/2014;<=10;0;0;>48;407.92;0;0;11/02/2014;8;9920.25;BT;1/01/2013;0;CNE
C02923;01/02/2014;<=10;0;0;<24, 48;1297.78;0;0;5/02/2014;8;9145.02;BT;1/01/2013;0;CNE
C02924;01/02/2014;<=10;0;0;>48;502.72;0;0;3/02/2014;8;12574.9;BT;1/01/2013;1;CNE
C02925;01/02/2014;<=10;0;0;<24, 48;650.47;619.57;0;12/02/2014;12;8684.43;BT;1/01/2011;1;COEF
C02927;01/02/2014;<=10;>0;0;<24, 48;627.06;1321.46;0;12/02/2014;12;20149;BT;1/01/2012;0;COEF
C02928;01/02/2014;>10;0;0;<24, 48;612.29;1978.9;0;7/02/2014;11;33222.4;BT;1/01/2011;1;CNE
C02929;01/02/2014;<=10;0;0;<24, 48;866.99;0;0;7/02/2014;20;8899.63;BT;1/01/2012;0;CNE
C02930;01/02/2014;<=10;0;0;<=24;555.38;261.51;0;3/02/2014;9;555.67;BT;1/01/2013;0;COEF
C02932;01/02/2014;<=10;>0;0;<24, 48;2377.84;0;0;6/02/2014;15;21615.2;BT;1/01/2013;0;COEF
C02933;01/02/2014;<=10;0;0;<24, 48;628.08;672.83;627.82;14/02/2014;7;6439.85;BT;1/01/2010;1;COEF
C02937;01/02/2014;>10;>0;0;<24, 48;2531.77;0;0;19/02/2014;18;17017.9;BT;1/01/2012;0;COEF
C02938;01/02/2014;<=10;0;0;<24, 48;301.29;0;0;5/02/2014;11;13216.3;BT;1/01/2013;1;CNE
C02939;01/02/2014;<=10;0;0;<24, 48;571.22;561.78;562.02;3/02/2014;8;10527.3;BT;1/01/2013;1;CNE
C02940;01/02/2014;>10;>0;0;>48;975.69;1503.49;0;12/02/2014;14;19783.1;BT;1/01/2011;1;COEF
C02941;01/02/2014;<=10;>0;0;<24, 48;1136.31;0;0;11/02/2014;8;7750.12;BT;1/01/2013;0;COEF
C02943;01/02/2014;<=10;0;0;<24, 48;354.08;0;545.96;5/02/2014;17;13628.6;BT;1/01/2013;1;COEF
C02944;01/02/2014;<=10;0;0;<24, 48;354.08;0;545.96;3/02/2014;11;13628.6;BT;1/01/2013;1;CNE
C02945;01/02/2014;<=10;0;0;<24, 48;354.08;0;545.96;7/02/2014;9;13628.6;BT;1/01/2013;1;CNE
C02946;01/02/2014;<=10;0;0;<24, 48;303.93;547.9;0;3/02/2014;12;13721.6;BT;1/01/2011;1;CNE
C02948;01/02/2014;<=10;0;0;>48;2039.22;0;0;7/02/2014;7;33717.1;BT;1/01/2010;1;COEF
C02949;01/02/2014;<=10;0;0;>48;2039.22;0;0;6/02/2014;7;33717.1;BT;1/01/2010;1;CNE
C02950;01/02/2014;>10;0;0;<24, 48;303.2;607.81;306.94;12/02/2014;16;1494.54;BT;1/01/2011;1;COEF
C02952;01/02/2014;<=10;0;0;<24, 48;1691.43;848.46;1693.96;11/02/2014;7;41868.7;BT;1/01/2012;1;COEF
C02953;01/02/2014;<=10;>0;0;<24, 48;1691.43;848.46;1693.96;25/02/2014;11;41868.7;BT;1/01/2012;1;COEF
C02954;01/02/2014;>10;0;0;<24, 48;1415.2;1418.21;0;10/02/2014;11;31804;BT;1/01/2012;1;COEF
C02955;01/02/2014;>10;0;0;<=24;70.46;0;0;6/02/2014;15;20369.8;BT;1/01/2012;1;COEF
C02956;01/02/2014;<=10;0;0;>48;1480.06;1491.15;1509.31;4/02/2014;17;46894.9;BT;1/01/2012;1;CNE
C02957;01/02/2014;<=10;0;0;<24, 48;419.79;418.11;415.89;10/02/2014;7;2823.36;BT;1/01/2011;1;CNE
C02961;01/02/2014;>10;>0;0;<24, 48;1536.77;0;0;4/02/2014;11;7883.01;BT;1/01/2012;0;CNE
C02962;01/02/2014;<=10;>0;0;>48;1536.77;0;0;6/02/2014;11;7883.01;BT;1/01/2012;0;CNE
C02963;01/02/2014;>10;>0;0;<24, 48;1536.77;0;0;7/02/2014;11;7883.01;BT;1/01/2012;0;CNE
C02964;01/02/2014;<=10;0;0;<=24;593.25;0;0;17/02/2014;7;579.273;BT;1/01/2014;1;CNE
C02965;01/02/2014;<=10;0;0;>48;152.46;0;0;5/02/2014;16;4162.02;BT;1/01/2011;1;COEF
C02966;01/02/2014;<=10;>0;0;<24, 48;608.95;915.38;915.38;5/02/2014;9;6006.18;BT;1/01/2013;0;COEF
C02967;01/02/2014;<=10;0;0;>48;1479.94;479.95;479.95;13/02/2014;12;75634.7;BT;1/01/2013;1;CNE
C02968;01/02/2014;<=10;0;0;>48;1479.94;479.95;479.95;19/02/2014;16;75634.7;BT;1/01/2013;1;CNE
C02969;01/02/2014;<=10;0;0;<=24;165.79;0;0;12/02/2014;11;1743.65;BT;1/01/2013;1;COEF
C02970;01/02/2014;>10;>0;0;<24, 48;1264.28;0;0;10/02/2014;7;7452.32;BT;1/01/2012;0;CNE
C02971;01/02/2014;>10;>0;0;<24, 48;316.87;639.86;645.23;27/02/2014;7;5613.95;BT;1/01/2013;1;COEF
C02972;01/02/2014;>10;0;0;<24, 48;1264.69;0;0;5/02/2014;9;7348.21;BT;1/01/2011;0;CNE
C02973;01/02/2014;<=10;>0;0;<=24;597.34;798.73;0;13/02/2014;19;2982.54;BT;1/01/2013;0;COEF
C02975;01/02/2014;<=10;>0;0;>48;1747.71;0;0;26/02/2014;18;19667.6;BT;1/01/2012;0;COEF
C02976;01/02/2014;>10;0;0;<24, 48;160.98;169.77;140.77;11/02/2014;9;2015.24;BT;1/01/2011;1;CNE
C02977;01/02/2014;>10;0;0;<24, 48;160.98;169.77;140.77;13/02/2014;15;2015.24;BT;1/01/2011;1;CNE
C02979;01/02/2014;>10;0;0;<24, 48;555.92;0;0;4/02/2014;10;5138.18;BT;1/01/2011;1;COEF
C02980;01/02/2014;<=10;0;0;<24, 48;422.98;849.43;1275.88;21/02/2014;11;6391.43;BT;1/01/2012;1;COEF
C02983;01/02/2014;<=10;0;0;>48;550.65;0;0;6/02/2014;16;58166.8;BT;1/01/2011;1;COEF
C02986;01/02/2014;<=10;0;0;>48;765.07;482.19;0;11/02/2014;9;8489.96;BT;1/01/2013;1;CNE
C02987;01/02/2014;>10;0;0;<24, 48;2191.63;615.1;1204.94;7/02/2014;16;23339.8;BT;1/01/2012;0;CNE
C02988;01/02/2014;>10;0;0;<24, 48;2191.63;615.1;1204.94;11/02/2014;18;23339.8;BT;1/01/2012;0;CNE
C02989;01/02/2014;<=10;0;0;<24, 48;554.13;553.93;557.33;11/02/2014;13;15171.3;BT;1/01/2012;1;CNE
C02991;01/02/2014;>10;>0;0;<24, 48;3345.78;0;3432.44;18/02/2014;14;17773.5;BT;1/01/2012;0;COEF
C02992;01/02/2014;<=10;0;0;>48;637.44;630.72;0;10/02/2014;10;15281.5;BT;1/01/2013;1;CNE
C02997;01/02/2014;>10;0;0;<=24;570.67;457.21;165;4/02/2014;19;569.34;BT;1/01/2012;1;COEF
C02998;01/02/2014;>10;0;0;<=24;570.67;457.21;0;12/02/2014;7;569.34;BT;1/01/2012;1;COEF
C02999;01/02/2014;<=10;0;0;<=24;91.47;0;0;4/02/2014;9;1543.75;BT;1/01/2013;1;CNE
C03000;01/02/2014;>10;>0;0;<24, 48;578.61;579.56;286.75;21/02/2014;14;3807.31;BT;1/01/2011;1;COEF
C03003;01/02/2014;>10;0;0;>48;1083.36;0;0;11/02/2014;8;20214.2;BT;1/01/2011;1;COEF
C03004;01/02/2014;>10;>0;0;>48;1183.24;582.45;582.39;3/02/2014;9;13322.5;BT;1/01/2012;1;CNE
C03005;01/02/2014;>10;0;0;<=24;533.08;806.4;1083.2;4/02/2014;9;2237.87;BT;1/01/2012;0;CNE
C03007;01/02/2014;<=10;0;0;<24, 48;1094.54;0;0;10/02/2014;19;8903.82;BT;1/01/2013;0;CNE
C03008;01/02/2014;<=10;0;0;<24, 48;1094.54;0;0;20/02/2014;19;8903.82;BT;1/01/2013;0;CNE
C03009;01/02/2014;<=10;0;0;<24, 48;826.5;1177.42;2019.56;24/02/2014;7;19197.5;BT;1/01/2013;1;COEF
C03010;01/02/2014;>10;>0;0;<24, 48;676.08;685.32;685.32;6/02/2014;19;11969;BT;1/01/2012;1;COEF
C03011;01/02/2014;>10;>0;0;<24, 48;676.08;685.32;685.32;12/02/2014;10;11969;BT;1/01/2012;1;CNE
C03012;01/02/2014;<=10;>0;0;<24, 48;356.93;536.62;0;4/02/2014;9;3539.79;BT;1/01/2013;1;COEF
C03013;01/02/2014;<=10;0;0;<=24;82.13;0;146.26;4/02/2014;9;2687.45;BT;1/01/2013;1;CNE
C03014;01/02/2014;<=10;>0;0;<24, 48;1096.84;1096.84;0;10/02/2014;7;11663.2;BT;1/01/2012;0;CNE
C03015;01/02/2014;>10;>0;0;<24, 48;1096.84;1096.84;0;10/02/2014;13;11663.2;BT;1/01/2012;0;CNE
C03017;01/02/2014;<=10;0;0;>48;273.86;0;0;13/02/2014;8;2880.2;BT;1/01/2012;1;CNE
C03018;01/02/2014;>10;>0;0;>48;780.26;958.1;880.35;21/02/2014;16;55337.5;BT;1/01/2012;1;COEF
C03019;01/02/2014;<=10;0;0;>48;440.4;0;0;10/02/2014;9;13341.2;BT;1/01/2013;1;COEF
C03020;01/02/2014;<=10;0;0;>48;1468.85;14.56;1457.48;5/02/2014;10;47750.7;BT;1/01/2012;1;COEF
C03021;01/02/2014;<=10;>0;0;>48;2371.28;3362.27;0;4/02/2014;14;23206.3;BT;1/01/2012;0;COEF
C03022;01/02/2014;<=10;>0;0;>48;2371.28;3362.27;0;6/02/2014;13;23206.3;BT;1/01/2012;0;COEF
C03023;01/02/2014;<=10;>0;0;>48;2371.28;3362.27;0;7/02/2014;9;23206.3;BT;1/01/2012;0;CNE
C03024;01/02/2014;>10;0;0;<24, 48;243.33;487.41;734.38;14/02/2014;9;2804.43;BT;1/01/2012;1;CNE
C03025;01/02/2014;<=10;>0;0;<24, 48;612.71;305.21;766;4/02/2014;19;1290.15;BT;1/01/2011;0;CNE
C03026;01/02/2014;<=10;>0;0;<24, 48;612.71;305.21;766;12/02/2014;12;1290.15;BT;1/01/2011;0;CNE
C03027;01/02/2014;<=10;0;0;<24, 48;128.49;0;0;10/02/2014;15;3022.78;BT;1/01/2013;1;COEF
C03028;01/02/2014;<=10;0;0;<24, 48;225.56;451.81;449.29;17/02/2014;11;3779.86;BT;1/01/2012;1;COEF
C03029;01/02/2014;<=10;0;0;<24, 48;225.56;451.81;449.29;12/02/2014;8;3779.86;BT;1/01/2012;1;CNE
C03030;01/02/2014;<=10;>0;0;<24, 48;2176.63;0;0;14/02/2014;11;22296.5;BT;1/01/2011;0;COEF
C03031;01/02/2014;>10;>0;0;<24, 48;2176.63;0;0;20/02/2014;8;22296.5;BT;1/01/2011;0;COEF
C03032;01/02/2014;<=10;>0;0;<24, 48;1414.43;0;0;5/02/2014;13;15930.3;BT;1/01/2012;0;CNE
C03033;01/02/2014;>10;0;0;<24, 48;177.22;177.69;355.85;11/02/2014;19;1004.54;BT;1/01/2011;1;CNE
C03035;01/02/2014;<=10;0;0;<24, 48;231.83;0;231.85;18/02/2014;14;5737.77;BT;1/01/2013;1;CNE
C03036;01/02/2014;<=10;>0;1;<24, 48;847.28;1699.43;2561.64;13/02/2014;15;16486.4;BT;1/01/2012;1;COEF
C03038;01/02/2014;<=10;0;0;>48;343.54;244.43;588.79;5/02/2014;7;8516.9;BT;1/01/2013;1;CNE
C03039;01/02/2014;<=10;0;0;>48;343.54;244.43;588.79;26/02/2014;10;8516.9;BT;1/01/2013;1;CNE
C03040;01/02/2014;<=10;0;0;>48;1997.11;1979.67;1979.67;14/02/2014;8;79489;BT;1/01/2013;1;CNE
C03043;01/02/2014;<=10;>0;0;<24, 48;838.15;414.26;833.86;25/02/2014;12;9279.25;BT;1/01/2013;0;CNE
C03044;01/02/2014;<=10;0;0;<24, 48;1052.74;1052.74;1053.39;3/02/2014;8;21392.7;BT;1/01/2011;1;CNE
C03045;01/02/2014;<=10;0;0;>48;1023.53;2056.23;1036;3/02/2014;9;19387.6;BT;1/01/2011;1;CNE
C03046;01/02/2014;<=10;0;0;<24, 48;1023.53;2056.23;1036;5/02/2014;17;19387.6;BT;1/01/2011;1;CNE
C03048;01/02/2014;<=10;0;0;<24, 48;503.7;503.22;0;6/02/2014;8;12447.9;BT;1/01/2012;0;COEF
C03049;01/02/2014;<=10;0;0;<24, 48;503.7;503.22;0;11/02/2014;19;12447.9;BT;1/01/2012;0;COEF
C03050;01/02/2014;<=10;0;0;<=24;875.23;0;0;20/02/2014;15;874.27;BT;1/01/2014;1;CNE
C03051;01/02/2014;>10;0;0;>48;252.67;449.4;0;3/02/2014;7;14301.2;BT;1/01/2011;1;COEF
C03052;01/02/2014;<=10;0;0;<24, 48;56.14;0;0;6/02/2014;9;3689.61;BT;1/01/2013;1;CNE
C03053;01/02/2014;<=10;0;0;>48;195.26;0;0;14/02/2014;7;1219.98;BT;1/01/2013;1;COEF
C03054;01/02/2014;<=10;>0;0;<24, 48;729.61;0;0;5/02/2014;12;12241;BT;1/01/2012;1;CNE
C03059;01/02/2014;<=10;0;0;<24, 48;567;211.69;0;6/02/2014;10;24319.7;BT;1/01/2013;1;COEF
C03060;01/02/2014;>10;0;0;<24, 48;123.02;121.25;119.28;5/02/2014;7;704.26;BT;1/01/2012;1;COEF
C03061;01/02/2014;<=10;>0;0;<24, 48;123.02;121.25;119.28;19/02/2014;9;704.26;BT;1/01/2012;1;COEF
C03062;01/02/2014;>10;>0;0;<24, 48;123.02;121.25;0;24/02/2014;11;704.26;BT;1/01/2012;1;COEF
C03063;01/02/2014;>10;>0;0;<24, 48;123.02;121.25;119.28;17/02/2014;8;704.26;BT;1/01/2012;1;CNE
C03064;01/02/2014;>10;>0;0;<24, 48;123.02;121.25;119.28;20/02/2014;9;704.26;BT;1/01/2012;1;CNE
C03065;01/02/2014;<=10;0;0;<24, 48;652.91;0;0;5/02/2014;11;19613.4;BT;1/01/2013;1;CNE
C03066;01/02/2014;>10;0;0;<24, 48;261.88;264.79;134.99;5/02/2014;17;16521.5;BT;1/01/2012;1;CNE
C03067;01/02/2014;>10;0;0;<24, 48;261.88;264.79;134.99;6/02/2014;11;16521.5;BT;1/01/2012;1;COEF
C03068;01/02/2014;<=10;0;0;>48;261.88;264.79;134.99;10/02/2014;13;16521.5;BT;1/01/2012;1;COEF
C03069;01/02/2014;<=10;0;0;<24, 48;246.39;0;0;3/02/2014;14;17864.1;BT;1/01/2013;1;CNE
C03070;01/02/2014;<=10;>0;0;<=24;812.93;0;0;11/02/2014;17;6147.68;BT;1/01/2013;0;COEF
C03072;01/02/2014;<=10;0;0;<24, 48;2737.88;0;0;26/02/2014;17;36445.9;BT;1/01/2013;0;COEF
C03074;01/02/2014;>10;0;0;>48;233.36;0;0;10/02/2014;18;3155.2;BT;1/01/2011;1;COEF
C03075;01/02/2014;>10;0;0;<24, 48;258.37;254.51;72.35;6/02/2014;14;2308.26;BT;1/01/2011;1;CNE
C03077;01/02/2014;<=10;>0;1;>48;1671.03;2346.76;4034.42;13/02/2014;14;69116.9;BT;1/01/2013;1;COEF
C03079;01/02/2014;<=10;0;0;<24, 48;350.57;0;0;3/02/2014;15;11639.9;BT;1/01/2013;1;CNE
C03080;01/02/2014;<=10;0;0;>48;850.15;864.14;864.14;17/02/2014;18;849.22;BT;1/01/2014;1;CNE
C03082;01/02/2014;<=10;0;0;<24, 48;1603.51;0;0;5/02/2014;15;11370.2;BT;1/01/2013;0;CNE
C03083;01/02/2014;<=10;0;0;<24, 48;1603.51;0;0;11/02/2014;8;11370.2;BT;1/01/2013;0;CNE
C03084;01/02/2014;<=10;0;0;<24, 48;1603.51;0;0;17/02/2014;9;11370.2;BT;1/01/2013;0;CNE
C03085;01/02/2014;>10;0;0;>48;442.67;216.72;439.09;10/02/2014;13;2914.68;BT;1/01/2012;0;CNE
C03086;01/02/2014;<=10;>0;0;<24, 48;1327.67;0;0;14/02/2014;8;9910.23;BT;1/01/2013;0;CNE
C03089;01/02/2014;<=10;>0;0;<24, 48;1355.63;2038.72;0;3/02/2014;17;22222.8;BT;1/01/2013;1;CNE
C03090;01/02/2014;<=10;0;0;<=24;353.86;549.69;262.05;6/02/2014;13;14767;BT;1/01/2013;1;COEF
C03091;01/02/2014;<=10;0;0;<=24;619.6;1243.52;1875.48;3/02/2014;16;5032.1;BT;1/01/2013;1;COEF
C03092;01/02/2014;<=10;0;0;<24, 48;100;363.6;363.6;5/02/2014;7;8650.55;BT;1/01/2013;1;COEF
C03093;01/02/2014;<=10;>0;0;>48;2360.3;0;0;5/02/2014;13;44067.8;BT;1/01/2013;0;CNE
C03094;01/02/2014;<=10;>0;0;>48;2360.3;0;0;6/02/2014;15;44067.8;BT;1/01/2013;0;CNE
C03096;01/02/2014;>10;0;0;<24, 48;550.99;1103.49;1660.56;13/02/2014;9;12518.8;BT;1/01/2012;1;CNE
C03097;01/02/2014;>10;0;0;<24, 48;455.44;0;463.79;12/02/2014;10;2385.11;BT;1/01/2010;1;CNE
C03098;01/02/2014;<=10;0;0;<24, 48;455.44;0;463.79;14/02/2014;11;2385.11;BT;1/01/2010;1;CNE
C03099;01/02/2014;<=10;0;0;<24, 48;853.81;0;0;4/02/2014;9;6920.92;BT;1/01/2011;0;CNE
C03100;01/02/2014;>10;0;0;<24, 48;853.81;0;0;10/02/2014;13;6920.92;BT;1/01/2011;0;CNE
C03101;01/02/2014;<=10;0;0;>48;809.45;0;0;11/02/2014;16;13161.6;BT;1/01/2010;1;COEF
C03102;01/02/2014;<=10;0;0;>48;484.85;486.41;990.27;4/02/2014;15;9823.14;BT;1/01/2012;1;CNE
C03105;01/02/2014;<=10;0;0;>48;776.61;1556.55;2344.56;4/02/2014;16;28329;BT;1/01/2013;1;CNE
C03106;01/02/2014;<=10;0;0;>48;268.96;216.61;270.33;7/02/2014;15;4631.39;BT;1/01/2011;1;CNE
C03107;01/02/2014;<=10;0;0;>48;268.96;216.61;0;7/02/2014;20;4631.39;BT;1/01/2011;1;CNE
C03108;01/02/2014;<=10;>0;0;>48;634.61;0;0;18/02/2014;19;634.94;BT;1/01/2013;0;CNE
C03110;01/02/2014;>10;0;0;>48;741.82;0;0;14/02/2014;12;14213.8;BT;1/01/2011;1;CNE
C03111;01/02/2014;<=10;0;0;<24, 48;772.53;773.64;1.65;10/02/2014;8;24814;BT;1/01/2013;1;COEF
C03112;01/02/2014;<=10;>0;1;<24, 48;772.53;773.64;1.65;28/02/2014;11;24814;BT;1/01/2013;1;COEF
C03113;01/02/2014;<=10;>0;0;<24, 48;1293.62;0;0;6/02/2014;7;11342.3;BT;1/01/2013;0;CNE
C03114;01/02/2014;<=10;>0;0;<24, 48;1293.62;0;0;10/02/2014;17;11342.3;BT;1/01/2013;0;CNE
C03115;01/02/2014;>10;>0;1;<24, 48;1142.33;0;0;11/02/2014;11;12817.1;BT;1/01/2012;0;CNE
C03116;01/02/2014;<=10;0;0;>48;766.81;1539.01;2320.01;6/02/2014;7;21806.2;BT;1/01/2012;1;COEF
C03117;01/02/2014;<=10;>0;0;<24, 48;1145.86;0;0;5/02/2014;12;9734.04;BT;1/01/2013;0;CNE
C03118;01/02/2014;<=10;0;0;<24, 48;112.99;226.32;340.6;21/02/2014;19;2185.86;BT;1/01/2012;1;CNE
C03122;01/02/2014;<=10;0;0;<24, 48;154.51;310.18;467.19;11/02/2014;9;973.42;BT;1/01/2011;1;CNE
C03123;01/02/2014;<=10;0;0;<24, 48;154.51;310.18;467.19;17/02/2014;12;973.42;BT;1/01/2011;1;CNE
C03124;01/02/2014;<=10;0;0;<24, 48;29.23;2817.96;2816.68;10/02/2014;20;42447.8;BT;1/01/2012;1;CNE
C03131;01/02/2014;<=10;>0;0;<24, 48;1117.47;0;0;10/02/2014;19;6776.64;BT;1/01/2012;0;COEF
C03132;01/02/2014;<=10;>0;0;<24, 48;1117.47;0;0;26/02/2014;14;6776.64;BT;1/01/2012;0;COEF
C03133;01/02/2014;<=10;0;0;>48;520.34;1052.58;100.41;21/02/2014;9;11569.9;BT;1/01/2012;1;CNE
C03134;01/02/2014;<=10;0;0;>48;793.42;1593.95;0;7/02/2014;10;29629;BT;1/01/2013;1;CNE
C03136;01/02/2014;<=10;0;0;>48;1843.25;0;0;5/02/2014;15;12343.7;BT;1/01/2012;0;CNE
C03137;01/02/2014;<=10;>0;0;<24, 48;1897.41;0;0;10/02/2014;18;17560.7;BT;1/01/2012;0;CNE
C03138;01/02/2014;<=10;>0;0;<24, 48;1897.41;0;0;13/02/2014;19;17560.7;BT;1/01/2012;0;CNE
C03141;01/02/2014;<=10;0;0;>48;2103.23;4270.51;0;21/02/2014;15;78629.4;BT;1/01/2012;1;CNE
C03142;01/02/2014;>10;0;0;>48;339.79;0.47;340.24;25/02/2014;10;3683.33;BT;1/01/2010;1;COEF
C03143;01/02/2014;>10;0;0;<24, 48;414.2;413.92;0;7/02/2014;7;3621.03;BT;1/01/2011;1;COEF
C03144;01/02/2014;<=10;0;0;<24, 48;440.25;0;0;20/02/2014;10;8643.34;BT;1/01/2013;1;CNE
C03146;01/02/2014;>10;0;0;<24, 48;31.03;31.19;31.43;7/02/2014;11;2616.94;BT;1/01/2012;1;CNE
C03147;01/02/2014;<=10;0;0;<24, 48;1129.54;0;0;3/02/2014;15;29814.7;BT;1/01/2012;1;CNE
C03148;01/02/2014;<=10;0;0;>48;1129.54;0;0;5/02/2014;13;29814.7;BT;1/01/2012;1;CNE
C03149;01/02/2014;<=10;0;0;<24, 48;1129.54;0;0;11/02/2014;17;29814.7;BT;1/01/2012;1;CNE
C03150;01/02/2014;<=10;0;0;<24, 48;1129.54;0;0;12/02/2014;7;29814.7;BT;1/01/2012;1;CNE
C03151;01/02/2014;<=10;0;0;>48;1129.54;0;0;17/02/2014;14;29814.7;BT;1/01/2012;1;CNE
C03152;01/02/2014;<=10;0;0;>48;1129.54;0;0;18/02/2014;8;29814.7;BT;1/01/2012;1;CNE
C03153;01/02/2014;<=10;>0;1;>48;212.75;411.61;228.11;21/02/2014;19;25901.3;BT;1/01/2012;1;CNE
C03155;01/02/2014;<=10;0;0;<=24;334.37;704.37;1066.82;13/02/2014;8;1010.4;BT;1/01/2013;1;CNE
C03156;01/02/2014;>10;0;0;>48;450.78;0;454.04;4/02/2014;7;5264.42;BT;1/01/2011;1;CNE
C03157;01/02/2014;<=10;>0;0;<=24;748.64;0;0;5/02/2014;12;4015.72;BT;1/01/2013;0;CNE
C03158;01/02/2014;<=10;>0;0;<=24;748.64;0;0;6/02/2014;11;4015.72;BT;1/01/2013;0;CNE
C03159;01/02/2014;<=10;0;0;>48;878.11;0;0;4/02/2014;14;27512.6;BT;1/01/2013;1;COEF
C03160;01/02/2014;<=10;>0;0;>48;343.24;345.55;342.56;18/02/2014;15;7144.58;BT;1/01/2012;0;CNE
C03162;01/02/2014;<=10;0;0;<24, 48;686.4;0;0;18/02/2014;9;1504.01;BT;1/01/2010;0;CNE
C03163;01/02/2014;>10;0;0;>48;349.17;0;0;20/02/2014;8;4745.95;BT;1/01/2011;1;CNE
C03165;01/02/2014;<=10;>0;0;<=24;43.73;0.71;70.63;11/02/2014;20;686.61;BT;1/01/2012;1;COEF
C03166;01/02/2014;<=10;>0;0;<24, 48;1341.89;0;0;5/02/2014;9;12268.4;BT;1/01/2013;0;CNE
C03167;01/02/2014;<=10;>0;0;<24, 48;1341.89;0;0;11/02/2014;8;12268.4;BT;1/01/2013;0;CNE
C03168;01/02/2014;<=10;0;0;<24, 48;472.33;0;0;12/02/2014;9;10043;BT;1/01/2012;1;CNE
C03171;01/02/2014;<=10;0;0;<24, 48;493.99;994.92;0;10/02/2014;20;10609.8;BT;1/01/2012;1;CNE
C03172;01/02/2014;>10;0;0;<24, 48;323.28;322.93;0;19/02/2014;7;1556.67;BT;1/01/2011;1;CNE
C03173;01/02/2014;>10;0;0;<24, 48;340.23;0;1023.38;3/02/2014;15;3950.97;BT;1/01/2012;1;CNE
C03174;01/02/2014;>10;0;0;<24, 48;340.23;0;1023.38;10/02/2014;13;3950.97;BT;1/01/2012;1;CNE
C03175;01/02/2014;>10;0;0;<24, 48;340.23;0;1023.38;19/02/2014;14;3950.97;BT;1/01/2012;1;CNE
C03176;01/02/2014;<=10;0;0;>48;4129.74;0;0;3/02/2014;13;54010.5;BT;1/01/2011;0;CNE
C03177;01/02/2014;<=10;0;0;>48;4129.74;0;0;3/02/2014;17;54010.5;BT;1/01/2011;0;CNE
C03178;01/02/2014;<=10;0;0;>48;4129.74;0;0;7/02/2014;9;54010.5;BT;1/01/2011;0;CNE
C03179;01/02/2014;<=10;0;0;>48;4129.74;0;0;18/02/2014;18;54010.5;BT;1/01/2011;0;CNE
C03180;01/02/2014;<=10;>0;0;<24, 48;788.37;0;0;7/02/2014;12;2557.18;BT;1/01/2010;0;CNE
C03181;01/02/2014;<=10;>0;0;<24, 48;788.37;0;0;11/02/2014;7;2557.18;BT;1/01/2010;0;CNE
C03182;01/02/2014;<=10;0;0;<24, 48;305.98;301.44;296.75;3/02/2014;11;4994.51;BT;1/01/2012;1;COEF
C03183;01/02/2014;<=10;0;0;>48;125.57;1015.13;161.81;6/02/2014;8;23367.7;BT;1/01/2012;1;CNE
C03184;01/02/2014;<=10;0;0;>48;125.57;1015.13;161.81;13/02/2014;12;23367.7;BT;1/01/2012;1;CNE
C03185;01/02/2014;<=10;0;0;<24, 48;179.64;359.48;179.62;3/02/2014;15;1664.92;BT;1/01/2011;1;CNE
C03186;01/02/2014;<=10;0;0;<24, 48;249.19;528.92;808.65;19/02/2014;10;4050.63;BT;1/01/2012;1;COEF
C03187;01/02/2014;<=10;0;0;<24, 48;249.19;528.92;808.65;6/02/2014;13;4050.63;BT;1/01/2012;1;CNE
C03188;01/02/2014;<=10;0;0;>48;24.22;0;0;11/02/2014;9;12275.7;BT;1/01/2011;1;COEF
C03189;01/02/2014;<=10;0;0;>48;24.22;0;0;20/02/2014;8;12275.7;BT;1/01/2011;1;CNE
C03190;01/02/2014;<=10;0;0;>48;24.22;0;0;21/02/2014;8;12275.7;BT;1/01/2011;1;CNE
C03192;01/02/2014;<=10;0;0;<24, 48;210.82;989.97;1138.96;6/02/2014;14;24838.2;BT;1/01/2012;1;CNE
C03193;01/02/2014;<=10;0;0;>48;300.2;0;0;11/02/2014;8;17499.7;BT;1/01/2012;1;COEF
C03194;01/02/2014;>10;>0;0;>48;545.07;589.23;0;13/02/2014;9;17042.6;BT;1/01/2012;1;COEF
C03195;01/02/2014;<=10;0;0;<24, 48;450.74;446.9;426.47;21/02/2014;9;11884.3;BT;1/01/2013;1;CNE
C03196;01/02/2014;<=10;0;0;<24, 48;349.19;314.48;0;26/02/2014;19;24430.7;BT;1/01/2013;1;CNE
C03197;01/02/2014;<=10;0;0;<24, 48;3162.86;0;0;6/02/2014;17;24171.9;BT;1/01/2012;0;CNE
C03199;01/02/2014;<=10;>0;0;<24, 48;684.14;736.88;1476.86;12/02/2014;16;8156.86;BT;1/01/2011;1;COEF
C03200;01/02/2014;<=10;0;0;>48;660.01;657.07;0;13/02/2014;10;19569.1;BT;1/01/2012;1;CNE
C03201;01/02/2014;<=10;>0;0;<=24;1555.33;0;0;5/02/2014;12;12478.5;BT;1/01/2013;0;CNE
C03202;01/02/2014;<=10;>0;0;<=24;1555.33;0;0;6/02/2014;11;12478.5;BT;1/01/2013;0;CNE
C03203;01/02/2014;<=10;>0;0;<=24;1555.33;0;0;10/02/2014;7;12478.5;BT;1/01/2013;0;CNE
C03204;01/02/2014;>10;>0;0;<24, 48;1184.8;0;0;18/02/2014;13;12987.6;BT;1/01/2011;0;COEF
C03205;01/02/2014;<=10;>0;0;<24, 48;1184.8;0;0;28/02/2014;9;12987.6;BT;1/01/2011;0;COEF
C03206;01/02/2014;<=10;>0;0;>48;365;554.74;644.31;11/02/2014;7;779.79;BT;1/01/2012;0;COEF
C03207;01/02/2014;<=10;>0;0;<=24;365;554.74;644.31;17/02/2014;14;779.79;BT;1/01/2012;0;CNE
C03208;01/02/2014;>10;>0;1;>48;1070.01;0;0;13/02/2014;12;14746.1;BT;1/01/2012;0;COEF
C03210;01/02/2014;<=10;0;0;>48;1321.45;0;1141.86;10/02/2014;16;7124.24;BT;1/01/2010;0;CNE
C03212;01/02/2014;<=10;0;0;<24, 48;534.05;57.67;90.94;3/02/2014;9;34551;BT;1/01/2013;1;COEF
C03214;01/02/2014;<=10;>0;0;<24, 48;365.68;366.07;732.57;24/02/2014;7;4256.47;BT;1/01/2012;1;COEF
C03217;01/02/2014;<=10;0;0;<24, 48;296.18;0;0;11/02/2014;8;6631.9;BT;1/01/2013;1;CNE
C03218;01/02/2014;>10;0;0;<24, 48;112.86;237.76;0;10/02/2014;9;3909.59;BT;1/01/2012;1;CNE
C03219;01/02/2014;<=10;0;0;<24, 48;761.16;1529.83;2306.47;13/02/2014;15;22056.9;BT;1/01/2013;1;CNE
C03221;01/02/2014;<=10;0;0;>48;514.83;1189.26;677.46;13/02/2014;11;16950.5;BT;1/01/2012;1;CNE
C03222;01/02/2014;<=10;0;0;>48;82.52;0;105.2;21/02/2014;10;8802.09;BT;1/01/2013;1;COEF
C03223;01/02/2014;<=10;0;0;<24, 48;174.73;729.68;559.7;24/02/2014;15;9302.95;BT;1/01/2011;1;CNE
C03224;01/02/2014;<=10;0;0;<=24;689.19;0;0;11/02/2014;7;7433.1;BT;1/01/2013;1;CNE
C03233;01/02/2014;>10;0;0;<24, 48;151.28;302.97;455.69;7/02/2014;15;975.16;BT;1/01/2011;1;CNE
C03235;01/02/2014;<=10;>0;0;<24, 48;1228.78;1848.83;1420.46;12/02/2014;15;2524.52;BT;1/01/2011;0;CNE
C03238;01/02/2014;<=10;0;0;<24, 48;375.73;372.82;750.86;3/02/2014;13;8617.33;BT;1/01/2013;1;COEF
C03239;01/02/2014;<=10;>0;0;<=24;297.25;548.05;626.42;11/02/2014;20;1310.29;BT;1/01/2012;0;COEF
C03240;01/02/2014;<=10;>0;0;<24, 48;227;0.85;233.12;5/02/2014;12;4926.25;BT;1/01/2013;0;CNE
C03242;01/02/2014;<=10;>0;0;<24, 48;588.1;0;0;12/02/2014;12;2580.83;BT;1/01/2011;0;COEF
C03245;01/02/2014;<=10;>0;0;<24, 48;579.16;869.95;580.17;14/02/2014;12;6950.1;BT;1/01/2013;0;CNE
C03246;01/02/2014;>10;0;0;>48;357.75;355.97;0;6/02/2014;10;5806.85;BT;1/01/2011;1;COEF
C03247;01/02/2014;<=10;0;0;>48;344.32;711.72;0;11/02/2014;10;9638.41;BT;1/01/2013;1;CNE
C03248;01/02/2014;<=10;0;0;>48;1320.99;526.2;0;5/02/2014;17;43922;BT;1/01/2013;1;CNE
C03249;01/02/2014;<=10;>0;0;>48;754.79;1484.1;0;11/02/2014;16;55651.2;BT;1/01/2013;1;COEF
C03250;01/02/2014;<=10;>0;0;>48;754.79;1484.1;0;12/02/2014;16;55651.2;BT;1/01/2013;0;COEF
C03251;01/02/2014;<=10;0;0;>48;2096.71;0;0;3/02/2014;15;58189.1;BT;1/01/2013;1;CNE
C03252;01/02/2014;<=10;0;0;<24, 48;910.71;0;0;12/02/2014;12;7719.81;BT;1/01/2013;0;CNE
C03255;01/02/2014;<=10;>0;0;>48;4749.85;0;0;5/02/2014;7;57880.5;BT;1/01/2013;0;CNE
C03256;01/02/2014;<=10;>0;0;>48;4749.85;0;0;5/02/2014;11;57880.5;BT;1/01/2013;0;CNE
C03257;01/02/2014;>10;>0;0;>48;216.75;216.2;324.53;20/02/2014;18;2317.4;BT;1/01/2012;0;CNE
C03258;01/02/2014;<=10;0;0;>48;172.79;0;0;10/02/2014;10;9828.78;BT;1/01/2012;1;COEF
C03259;01/02/2014;<=10;0;0;>48;136.51;0;0;4/02/2014;10;787.97;BT;1/01/2011;1;CNE
C03261;01/02/2014;<=10;0;0;<24, 48;523.57;40.84;45.44;6/02/2014;9;14654.5;BT;1/01/2013;1;CNE
C03262;01/02/2014;<=10;>0;0;<=24;770.18;0;0;11/02/2014;20;1317.27;BT;1/01/2013;0;COEF
C03263;01/02/2014;<=10;0;0;<=24;1056.53;1057.64;0;5/02/2014;18;1055.42;BT;1/01/2013;0;COEF
C03264;01/02/2014;<=10;0;0;<=24;1056.53;1057.64;0;6/02/2014;18;1055.42;BT;1/01/2013;0;CNE
C03267;01/02/2014;>10;0;0;>48;2145.75;0;0;6/02/2014;19;22965.2;BT;1/01/2012;0;COEF
C03268;01/02/2014;<=10;0;0;<24, 48;633.75;838.32;809.91;3/02/2014;16;19396.5;BT;1/01/2013;1;CNE
C03269;01/02/2014;<=10;0;0;>48;633.75;838.32;809.91;6/02/2014;14;19396.5;BT;1/01/2013;1;CNE
C03270;01/02/2014;<=10;0;0;>48;300.99;0;0;11/02/2014;14;13127.5;BT;1/01/2012;1;CNE
C03271;01/02/2014;<=10;0;0;>48;300.99;0;0;18/02/2014;16;13127.5;BT;1/01/2012;1;CNE
C03272;01/02/2014;<=10;0;0;>48;300.99;0;0;21/02/2014;7;13127.5;BT;1/01/2012;1;CNE
C03274;01/02/2014;<=10;0;0;<24, 48;1033.17;0;0;7/02/2014;15;8968.05;BT;1/01/2013;0;CNE
C03275;01/02/2014;<=10;0;0;>48;1153.22;0;0;6/02/2014;11;57677.5;BT;1/01/2013;1;COEF
C03276;01/02/2014;<=10;0;0;>48;1153.22;0;0;10/02/2014;11;57677.5;BT;1/01/2013;1;COEF
C03277;01/02/2014;>10;0;0;>48;281.53;1969.42;1840.59;7/02/2014;11;62874.9;BT;1/01/2012;1;CNE
C03278;01/02/2014;>10;0;0;<24, 48;553.43;555.53;555.75;5/02/2014;16;9303.07;BT;1/01/2011;1;COEF
C03279;01/02/2014;<=10;0;0;<24, 48;1067.45;0;0;19/02/2014;12;8836.17;BT;1/01/2012;0;CNE
C03280;01/02/2014;<=10;0;0;<24, 48;1067.45;0;0;21/02/2014;14;8836.17;BT;1/01/2012;0;CNE
C03281;01/02/2014;>10;0;0;<24, 48;1053.77;523.77;290.24;5/02/2014;17;13001.3;BT;1/01/2012;1;CNE
C03282;01/02/2014;>10;0;0;<24, 48;1053.77;523.77;290.24;10/02/2014;7;13001.3;BT;1/01/2012;1;COEF
C03283;01/02/2014;<=10;0;0;<24, 48;263.66;264.4;265.13;17/02/2014;10;5977.2;BT;1/01/2013;1;CNE
C03284;01/02/2014;>10;0;0;>48;179.11;360.33;542.75;3/02/2014;15;1294.63;BT;1/01/2011;1;COEF
C03285;01/02/2014;<=10;>0;0;>48;179.11;360.33;542.75;12/02/2014;7;1294.63;BT;1/01/2011;1;CNE
C03286;01/02/2014;>10;>0;0;<24, 48;179.11;360.33;542.75;17/02/2014;17;1294.63;BT;1/01/2011;1;CNE
C03290;01/02/2014;<=10;0;0;<24, 48;251.43;503.45;0;13/02/2014;9;5583.86;BT;1/01/2013;1;COEF
C03293;01/02/2014;>10;0;0;>48;540.28;541.48;543.01;20/02/2014;7;10730;BT;1/01/2012;1;CNE
C03296;01/02/2014;<=10;>0;1;<24, 48;2370.73;0;0;14/02/2014;19;23991.4;BT;1/01/2013;0;COEF
C03297;01/02/2014;>10;>0;0;<24, 48;227.8;226.16;455.42;3/02/2014;8;1309.14;BT;1/01/2011;0;CNE
C03298;01/02/2014;>10;0;0;<24, 48;3042.19;0;0;5/02/2014;8;7749.97;BT;1/01/2010;0;CNE
C03300;01/02/2014;>10;0;0;<24, 48;449.89;449.72;450.17;3/02/2014;11;3486.65;BT;1/01/2011;1;CNE
C03301;01/02/2014;<=10;0;0;<24, 48;263.57;0;0;3/02/2014;13;3698.43;BT;1/01/2012;1;COEF
C03302;01/02/2014;<=10;0;0;<24, 48;68.55;0;0;3/02/2014;19;3030.86;BT;1/01/2012;1;CNE
C03304;01/02/2014;<=10;0;0;<=24;142.71;0;249.16;6/02/2014;7;2406.35;BT;1/01/2012;1;COEF
C03305;01/02/2014;<=10;>0;0;<=24;142.71;0;249.16;25/02/2014;14;2406.35;BT;1/01/2012;1;CNE
C03307;01/02/2014;<=10;0;0;>48;253.59;420.89;842.13;13/02/2014;14;9250.77;BT;1/01/2012;1;CNE
C03308;01/02/2014;<=10;>0;0;<24, 48;1316.31;0;0;5/02/2014;11;7024.03;BT;1/01/2012;0;CNE
C03309;01/02/2014;>10;0;0;>48;908.81;0;0;3/02/2014;12;13138.4;BT;1/01/2011;1;COEF
C03311;01/02/2014;<=10;0;0;<24, 48;244.99;0;248.72;12/02/2014;16;5356.98;BT;1/01/2013;1;CNE
C03313;01/02/2014;<=10;0;0;>48;1318.35;0;530.85;3/02/2014;8;37882.9;BT;1/01/2013;1;CNE
C03315;01/02/2014;<=10;>0;0;<24, 48;288.38;124.44;79.87;11/02/2014;7;5024.95;BT;1/01/2012;1;COEF
C03316;01/02/2014;<=10;0;0;<24, 48;249.09;295.83;0;18/02/2014;9;6871.82;BT;1/01/2013;1;COEF
C03318;01/02/2014;<=10;>0;0;>48;892.78;0;0;12/02/2014;12;27156;BT;1/01/2013;1;CNE
C03319;01/02/2014;<=10;0;0;<24, 48;1209.57;0;1823.84;3/02/2014;13;13140.6;BT;1/01/2013;0;CNE
C03320;01/02/2014;<=10;0;0;<24, 48;771.7;0;0;12/02/2014;12;7960.81;BT;1/01/2013;0;COEF
C03321;01/02/2014;<=10;0;0;<24, 48;1494.82;0;0;4/02/2014;17;15207.4;BT;1/01/2011;0;CNE
C03322;01/02/2014;<=10;0;0;<24, 48;1494.82;0;0;12/02/2014;11;15207.4;BT;1/01/2011;0;CNE
C03324;01/02/2014;<=10;0;0;<24, 48;192.86;193.03;386.4;3/02/2014;15;755.13;BT;1/01/2010;1;COEF
C03325;01/02/2014;>10;>0;0;<24, 48;192.86;193.03;386.4;24/02/2014;10;755.13;BT;1/01/2010;1;COEF
C03326;01/02/2014;<=10;>0;0;<24, 48;192.86;193.03;386.4;13/02/2014;9;755.13;BT;1/01/2010;1;CNE
C03327;01/02/2014;<=10;>0;0;>48;971.92;0;0;13/02/2014;12;10073.3;BT;1/01/2012;0;COEF
C03328;01/02/2014;<=10;0;0;>48;803.74;809.97;810.81;11/02/2014;10;22891.8;BT;1/01/2013;1;COEF
C03329;01/02/2014;<=10;0;0;<24, 48;289.68;669.62;1351.21;5/02/2014;15;17341.1;BT;1/01/2013;1;COEF
C03330;01/02/2014;<=10;0;0;<24, 48;289.68;669.62;1351.21;3/02/2014;18;17341.1;BT;1/01/2013;1;CNE
C03331;01/02/2014;<=10;>0;0;<24, 48;3335.79;0;0;10/02/2014;16;20696.3;BT;1/01/2012;0;COEF
C03332;01/02/2014;<=10;>0;0;<24, 48;3335.79;0;0;12/02/2014;11;20696.3;BT;1/01/2012;0;CNE
C03333;01/02/2014;<=10;>0;0;<24, 48;3335.79;0;0;13/02/2014;16;20696.3;BT;1/01/2012;0;CNE
C03334;01/02/2014;<=10;>0;0;<24, 48;3335.79;0;0;17/02/2014;13;20696.3;BT;1/01/2012;0;CNE
C03335;01/02/2014;<=10;>0;0;<24, 48;3335.79;0;0;18/02/2014;16;20696.3;BT;1/01/2012;0;CNE
C03336;01/02/2014;<=10;0;0;>48;704.86;1413.22;629.04;3/02/2014;8;22918.9;BT;1/01/2013;1;CNE
C03337;01/02/2014;<=10;>0;0;<24, 48;2254.38;0;0;10/02/2014;8;18595.6;BT;1/01/2012;0;CNE
C03338;01/02/2014;<=10;>0;0;<24, 48;2254.38;0;0;20/02/2014;17;18595.6;BT;1/01/2012;0;CNE
C03339;01/02/2014;<=10;0;0;<24, 48;337.93;0;0;4/02/2014;7;23457.3;BT;1/01/2012;1;CNE
C03340;01/02/2014;>10;0;0;<24, 48;411.93;418.34;416.59;7/02/2014;7;9667.12;BT;1/01/2012;1;COEF
C03341;01/02/2014;<=10;0;0;<24, 48;1025.67;1025.35;0;11/02/2014;16;27272.2;BT;1/01/2013;1;CNE
C03342;01/02/2014;<=10;0;0;<24, 48;1004.76;0;0;11/02/2014;8;7563.88;BT;1/01/2010;1;COEF
C03343;01/02/2014;<=10;0;0;<24, 48;513.42;1027.45;518.52;27/02/2014;8;10517.7;BT;1/01/2013;1;COEF
C03344;01/02/2014;<=10;0;0;<24, 48;513.42;1027.45;518.52;4/02/2014;10;10517.7;BT;1/01/2013;1;CNE
C03345;01/02/2014;<=10;0;0;<24, 48;513.42;1027.45;0;11/02/2014;11;10517.7;BT;1/01/2013;1;CNE
C03348;01/02/2014;<=10;0;0;<=24;271.16;906.02;0;4/02/2014;11;4013.97;BT;1/01/2013;1;CNE
C03349;01/02/2014;>10;0;0;<24, 48;450.27;437.37;450.85;12/02/2014;7;3026.6;BT;1/01/2011;1;COEF
C03350;01/02/2014;<=10;>0;0;<24, 48;1647.52;0;0;11/02/2014;8;13599;BT;1/01/2011;0;COEF
C03351;01/02/2014;<=10;0;0;<=24;353.25;354.88;347.1;12/02/2014;12;2887.3;BT;1/01/2013;1;COEF
C03352;01/02/2014;<=10;0;0;<24, 48;189.87;0;0;14/02/2014;11;4122.44;BT;1/01/2013;1;COEF
C03353;01/02/2014;<=10;0;0;<24, 48;323.51;7.25;323.9;3/02/2014;11;7123.42;BT;1/01/2013;1;CNE
C03354;01/02/2014;<=10;0;0;<24, 48;77.81;0;255.88;13/02/2014;16;14749.8;BT;1/01/2012;1;CNE
C03356;01/02/2014;<=10;0;0;<24, 48;409.74;0;0;6/02/2014;13;3471.66;BT;1/01/2013;0;CNE
C03357;01/02/2014;<=10;0;0;<24, 48;409.74;0;0;14/02/2014;19;3471.66;BT;1/01/2013;0;CNE
C03358;01/02/2014;<=10;0;0;<24, 48;75.34;0;0;13/02/2014;19;3532.15;BT;1/01/2013;1;COEF
C03360;01/02/2014;<=10;>0;1;<24, 48;305.51;0;0;13/02/2014;18;9421.93;BT;1/01/2013;1;CNE
C03361;01/02/2014;<=10;0;0;>48;81.2;0;0;13/02/2014;10;4144.33;BT;1/01/2013;1;COEF
C03364;01/02/2014;>10;0;0;>48;656.98;653.49;307.41;3/02/2014;17;7370.38;BT;1/01/2010;1;COEF
C03365;01/02/2014;<=10;0;0;<24, 48;816.58;0;0;4/02/2014;15;19005.8;BT;1/01/2013;0;CNE
C03366;01/02/2014;<=10;>0;0;<24, 48;1743.31;0;0;20/02/2014;9;19214.8;BT;1/01/2013;0;CNE
C03367;01/02/2014;<=10;>0;0;<24, 48;1743.31;0;0;21/02/2014;19;19214.8;BT;1/01/2013;0;CNE
C03368;01/02/2014;<=10;>0;0;<24, 48;489.98;0;0;18/02/2014;13;9929.15;BT;1/01/2013;0;COEF
C03369;01/02/2014;<=10;>0;0;<24, 48;489.98;0;0;7/02/2014;13;9929.15;BT;1/01/2013;0;CNE
C03370;01/02/2014;<=10;>0;0;<24, 48;1962.8;0;0;6/02/2014;17;30962.3;BT;1/01/2013;0;COEF
C03371;01/02/2014;<=10;>0;0;<24, 48;1962.8;0;0;18/02/2014;14;30962.3;BT;1/01/2013;0;COEF
C03372;01/02/2014;<=10;>0;0;<24, 48;1962.8;0;0;4/02/2014;14;30962.3;BT;1/01/2013;0;CNE
C03375;01/02/2014;<=10;0;0;<=24;512.12;510.94;0;3/02/2014;16;3352.86;BT;1/01/2013;1;CNE
C03376;01/02/2014;<=10;0;0;>48;2210.95;0;0;13/02/2014;16;23453.3;BT;1/01/2013;0;CNE
C03381;01/02/2014;<=10;0;0;<24, 48;332.39;551;551;5/02/2014;12;5807.85;BT;1/01/2012;0;CNE
C03382;01/02/2014;<=10;0;0;>48;1194.48;1200.42;1197.94;6/02/2014;14;36469.5;BT;1/01/2013;1;CNE
C03383;01/02/2014;<=10;0;0;>48;1194.48;1200.42;1197.94;10/02/2014;12;36469.5;BT;1/01/2013;1;CNE
C03384;01/02/2014;<=10;0;0;>48;1194.48;1200.42;1197.94;10/02/2014;16;36469.5;BT;1/01/2013;1;CNE
C03385;01/02/2014;<=10;0;0;>48;1194.48;1200.42;0;19/02/2014;16;36469.5;BT;1/01/2013;1;CNE
C03386;01/02/2014;<=10;0;0;<=24;325.5;0;0;7/02/2014;9;4448.45;BT;1/01/2013;1;CNE
C03387;01/02/2014;<=10;0;0;<24, 48;219.52;219.67;218.53;7/02/2014;18;2785.13;BT;1/01/2012;1;COEF
C03388;01/02/2014;<=10;0;0;<24, 48;309.96;0;0;10/02/2014;11;4188.6;BT;1/01/2012;1;COEF
C03389;01/02/2014;<=10;0;0;<24, 48;309.96;0;0;11/02/2014;16;4188.6;BT;1/01/2012;1;COEF
C03393;01/02/2014;>10;0;0;>48;858.36;860;860.34;10/02/2014;8;17575.2;BT;1/01/2011;1;CNE
C03395;01/02/2014;>10;>0;0;<=24;241.31;0;15.41;18/02/2014;16;4553.73;BT;1/01/2012;1;COEF
C03396;01/02/2014;<=10;>0;1;<=24;760.82;0;0;4/02/2014;17;761.22;BT;1/01/2013;0;CNE
C03398;01/02/2014;<=10;>0;0;>48;1824.84;0;0;5/02/2014;16;18351.9;BT;1/01/2013;0;CNE
C03399;01/02/2014;<=10;>0;0;>48;1824.84;0;0;6/02/2014;9;18351.9;BT;1/01/2013;0;CNE
C03400;01/02/2014;>10;0;0;<24, 48;229.22;459.62;691.63;19/02/2014;12;3850.56;BT;1/01/2012;1;CNE
C03401;01/02/2014;>10;0;0;<24, 48;1071.61;1615.7;0;7/02/2014;14;11532.6;BT;1/01/2012;1;CNE
C03402;01/02/2014;<=10;0;0;<24, 48;1302.2;1316.01;0;11/02/2014;14;30061;BT;1/01/2013;1;CNE
C03403;01/02/2014;<=10;>0;0;<24, 48;336.4;504.06;505.62;24/02/2014;9;3783.49;BT;1/01/2013;0;COEF
C03404;01/02/2014;>10;0;0;<24, 48;113.37;395.12;403.45;4/02/2014;11;2062.31;BT;1/01/2010;1;CNE
C03405;01/02/2014;>10;0;0;<24, 48;113.37;395.12;403.45;7/02/2014;14;2062.31;BT;1/01/2010;1;CNE
C03406;01/02/2014;<=10;0;0;<24, 48;224.8;0;92.34;6/02/2014;14;6332.94;BT;1/01/2012;1;CNE
C03407;01/02/2014;>10;0;0;<24, 48;424.07;637.21;851.47;6/02/2014;13;2323.52;BT;1/01/2011;0;CNE
C03408;01/02/2014;<=10;0;0;>48;43.13;1949.81;1726.8;11/02/2014;20;76003.8;BT;1/01/2013;1;COEF
C03409;01/02/2014;>10;0;0;>48;59.27;0;568.6;11/02/2014;14;9632.01;BT;1/01/2011;1;COEF
C03411;01/02/2014;>10;>0;0;>48;4188.03;4195.14;2795.14;20/02/2014;7;27214.2;BT;1/01/2010;0;COEF
C03412;01/02/2014;<=10;0;0;>48;142.38;90.56;0;12/02/2014;7;10562.9;BT;1/01/2012;1;CNE
C03413;01/02/2014;<=10;0;0;<24, 48;142.38;90.56;0;13/02/2014;9;10562.9;BT;1/01/2012;1;CNE
C03414;01/02/2014;<=10;0;0;<24, 48;142.38;90.56;0;17/02/2014;7;10562.9;BT;1/01/2012;1;CNE
C03415;01/02/2014;<=10;0;0;<=24;327.58;0;0;12/02/2014;11;3725.39;BT;1/01/2013;1;COEF
C03416;01/02/2014;<=10;0;0;<=24;327.58;0;1033.22;19/02/2014;9;3725.39;BT;1/01/2013;1;CNE
C03417;01/02/2014;<=10;>0;0;<24, 48;771.69;774.72;775.8;3/02/2014;7;5715.99;BT;1/01/2012;0;CNE
C03418;01/02/2014;<=10;>0;0;<24, 48;771.69;774.72;775.8;6/02/2014;7;5715.99;BT;1/01/2012;0;CNE
C03419;01/02/2014;<=10;>0;0;<24, 48;771.69;774.72;775.8;17/02/2014;16;5715.99;BT;1/01/2012;0;CNE
C03420;01/02/2014;<=10;0;0;>48;1097.04;1099.13;2199.88;4/02/2014;16;38265.3;BT;1/01/2012;1;CNE
C03421;01/02/2014;<=10;0;0;<24, 48;401.91;811.09;0;19/02/2014;11;9029.83;BT;1/01/2012;1;CNE
C03422;01/02/2014;<=10;0;0;<24, 48;1460.17;0;305.04;6/02/2014;19;11364.1;BT;1/01/2012;0;CNE
C03423;01/02/2014;<=10;0;0;>48;1460.17;0;305.04;7/02/2014;18;11364.1;BT;1/01/2012;0;CNE
C03424;01/02/2014;<=10;0;0;<24, 48;264.8;0;513.22;12/02/2014;12;29307.2;BT;1/01/2012;1;CNE
C03428;01/02/2014;<=10;>0;0;<24, 48;1238.02;0;0;10/02/2014;18;13448.7;BT;1/01/2012;0;COEF
C03429;01/02/2014;<=10;>0;0;<24, 48;1238.02;0;0;13/02/2014;16;13448.7;BT;1/01/2012;0;COEF
C03430;01/02/2014;<=10;0;0;>48;301.12;663.49;0;17/02/2014;13;9228.98;BT;1/01/2012;1;COEF
C03431;01/02/2014;<=10;0;0;>48;301.12;663.49;0;28/02/2014;9;9228.98;BT;1/01/2012;1;COEF
C03432;01/02/2014;>10;0;0;>48;94.05;0;192.44;14/02/2014;8;11812.4;BT;1/01/2011;1;CNE
C03433;01/02/2014;<=10;0;0;>48;1675;1660.1;3344.29;6/02/2014;7;64713.3;BT;1/01/2013;1;COEF
C03435;01/02/2014;<=10;>0;1;>48;1675;1660.1;3344.29;24/02/2014;7;64713.3;BT;1/01/2013;1;COEF
C03436;01/02/2014;<=10;0;0;>48;631.15;176.21;366.55;14/02/2014;7;22878.7;BT;1/01/2012;1;CNE
C03437;01/02/2014;>10;0;0;<24, 48;55.44;0;0;10/02/2014;14;3401.77;BT;1/01/2012;1;CNE
C03438;01/02/2014;<=10;0;1;<24, 48;622.45;0;0;26/02/2014;16;4975.89;BT;1/01/2013;0;COEF
C03439;01/02/2014;<=10;0;0;<24, 48;107.72;0;0;11/02/2014;8;6085.71;BT;1/01/2011;1;CNE
C03440;01/02/2014;<=10;0;0;>48;298.16;295.19;298.75;10/02/2014;15;5755.4;BT;1/01/2012;1;CNE
C03441;01/02/2014;<=10;0;0;<24, 48;745.78;0;0;5/02/2014;12;5244.49;BT;1/01/2013;0;CNE
C03442;01/02/2014;<=10;0;0;<24, 48;732.38;837.25;1576.96;14/02/2014;14;20580;BT;1/01/2013;1;CNE
C03443;01/02/2014;<=10;0;0;<24, 48;322.83;645.05;969.87;11/02/2014;20;5842.16;BT;1/01/2013;1;CNE
C03444;01/02/2014;<=10;0;0;<24, 48;322.83;645.05;969.87;19/02/2014;9;5842.16;BT;1/01/2013;1;CNE
C03445;01/02/2014;<=10;0;0;>48;322.83;645.05;969.87;21/02/2014;7;5842.16;BT;1/01/2013;1;CNE
C03446;01/02/2014;<=10;0;0;>48;231.68;232.09;232.64;7/02/2014;10;6082.87;BT;1/01/2013;1;CNE
C03447;01/02/2014;<=10;0;0;<24, 48;231.56;231.61;0;12/02/2014;7;5256.09;BT;1/01/2013;1;COEF
C03448;01/02/2014;>10;0;0;<24, 48;136.16;441.1;38.14;5/02/2014;9;7003.43;BT;1/01/2011;1;COEF
C03449;01/02/2014;<=10;0;0;<24, 48;351.59;704.17;0;10/02/2014;11;7296.08;BT;1/01/2013;1;COEF
C03451;01/02/2014;<=10;0;0;<=24;127.25;0;0;12/02/2014;9;1538.75;BT;1/01/2012;1;CNE
C03452;01/02/2014;<=10;0;0;<24, 48;240.2;240.46;0;3/02/2014;11;1779.19;BT;1/01/2011;1;COEF
C03454;01/02/2014;<=10;0;0;<24, 48;774;0;0;5/02/2014;9;5154.18;BT;1/01/2013;0;CNE
C03455;01/02/2014;<=10;0;0;>48;355.97;719.41;1085.72;11/02/2014;8;9184.48;BT;1/01/2013;1;COEF
C03456;01/02/2014;<=10;0;0;<=24;295.02;302.3;298.38;4/02/2014;12;1161.92;BT;1/01/2013;1;CNE
C03457;01/02/2014;>10;0;0;>48;26.38;126.71;247.25;13/02/2014;12;2381.27;BT;1/01/2011;1;COEF
C03458;01/02/2014;>10;0;0;<24, 48;234.07;233.85;234.14;19/02/2014;7;1288.02;BT;1/01/2011;1;COEF
C03459;01/02/2014;<=10;0;0;>48;75.63;267.94;0;6/02/2014;11;5746.64;BT;1/01/2011;1;COEF
C03460;01/02/2014;>10;0;0;<=24;562.33;0;0;7/02/2014;9;1135.67;BT;1/01/2012;1;COEF
C03461;01/02/2014;<=10;>0;0;>48;562.33;0;0;17/02/2014;16;1135.67;BT;1/01/2012;1;COEF
C03462;01/02/2014;<=10;0;0;<=24;562.33;0;0;3/02/2014;16;1135.67;BT;1/01/2012;1;CNE
C03463;01/02/2014;<=10;0;0;<24, 48;160.31;0;0;19/02/2014;13;2450.71;BT;1/01/2011;1;CNE
C03464;01/02/2014;<=10;0;0;<24, 48;158.06;158.58;0;6/02/2014;20;6038.81;BT;1/01/2013;1;CNE
C03465;01/02/2014;<=10;0;0;<=24;627.85;1260.52;37.35;6/02/2014;8;11267.5;BT;1/01/2013;1;CNE
C03466;01/02/2014;<=10;0;0;>48;187.68;0;721.47;3/02/2014;9;22363.8;BT;1/01/2013;1;CNE
C03467;01/02/2014;<=10;0;0;<24, 48;879.05;437.16;0;7/02/2014;9;6450.56;BT;1/01/2012;0;CNE
C03468;01/02/2014;<=10;>0;0;<24, 48;1396.72;0;0;25/02/2014;17;10544.1;BT;1/01/2013;0;COEF
C03470;01/02/2014;>10;0;0;<24, 48;44.57;0;0;17/02/2014;10;1731.05;BT;1/01/2011;1;COEF
C03471;01/02/2014;<=10;0;0;<24, 48;36.48;251.23;308.77;13/02/2014;14;12723.7;BT;1/01/2013;1;COEF
C03472;01/02/2014;>10;>0;0;<24, 48;725.79;0;0;4/02/2014;13;3099.23;BT;1/01/2012;0;CNE
C03473;01/02/2014;<=10;0;0;<24, 48;776.6;785.89;0;12/02/2014;20;5212.02;BT;1/01/2013;0;COEF
C03474;01/02/2014;<=10;0;0;<=24;341.91;0;341.67;4/02/2014;7;5511.33;BT;1/01/2013;1;CNE
C03475;01/02/2014;<=10;0;0;<=24;341.91;0;341.67;10/02/2014;13;5511.33;BT;1/01/2013;1;CNE
C03476;01/02/2014;<=10;0;0;>48;466.22;302.03;471.11;4/02/2014;16;13489.2;BT;1/01/2013;1;CNE
C03477;01/02/2014;>10;0;0;<=24;256.57;0;609.09;17/02/2014;14;556.11;BT;1/01/2012;1;CNE
C03478;01/02/2014;<=10;0;0;>48;284.66;0;955.4;17/02/2014;19;1168.24;BT;1/01/2011;1;CNE
C03479;01/02/2014;<=10;0;0;>48;519.25;529.85;0;27/02/2014;7;4575.77;BT;1/01/2011;0;COEF
C03480;01/02/2014;>10;>0;0;>48;618.22;1221.22;215.05;27/02/2014;15;10425.5;BT;1/01/2011;1;COEF
C03481;01/02/2014;<=10;>0;0;<=24;459.78;0;0;17/02/2014;10;3091.65;BT;1/01/2013;0;CNE
C03484;01/02/2014;<=10;0;0;<24, 48;330.6;0;0;3/02/2014;7;7283.68;BT;1/01/2013;1;COEF
C03485;01/02/2014;<=10;0;0;>48;628.86;0;626.6;6/02/2014;11;17726.7;BT;1/01/2013;1;CNE
C03486;01/02/2014;<=10;0;0;<24, 48;628.86;0;626.6;7/02/2014;7;17726.7;BT;1/01/2013;1;CNE
C03487;01/02/2014;<=10;0;0;<24, 48;628.86;0;626.6;10/02/2014;15;17726.7;BT;1/01/2013;1;CNE
C03488;01/02/2014;<=10;0;0;<=24;305.41;0;0;19/02/2014;8;4447.32;BT;1/01/2013;1;COEF
C03490;01/02/2014;<=10;0;0;<24, 48;606.4;608.62;1219.07;3/02/2014;7;12728.3;BT;1/01/2013;1;CNE
C03491;01/02/2014;<=10;0;0;>48;448.21;0;0;11/02/2014;17;2775.07;BT;1/01/2012;0;CNE
C03492;01/02/2014;<=10;>0;0;>48;117.63;236.72;119.33;24/02/2014;12;2137.1;BT;1/01/2012;1;COEF
C03493;01/02/2014;<=10;0;0;>48;1598.81;0;0;3/02/2014;13;18801.3;BT;1/01/2012;0;COEF
C03494;01/02/2014;<=10;0;0;>48;715.13;0;0;12/02/2014;19;4458.61;BT;1/01/2012;0;CNE
C03495;01/02/2014;<=10;0;0;<24, 48;715.13;0;0;14/02/2014;7;4458.61;BT;1/01/2012;0;CNE
C03496;01/02/2014;<=10;>0;0;<24, 48;278.96;559.84;843.05;25/02/2014;9;5245.11;BT;1/01/2013;1;COEF
C03500;01/02/2014;<=10;0;0;>48;1423.62;2144.99;0;5/02/2014;16;16982.9;BT;1/01/2012;0;CNE
C03501;01/02/2014;<=10;0;0;>48;1423.62;2144.99;0;19/02/2014;18;16982.9;BT;1/01/2012;0;CNE
C03503;01/02/2014;<=10;>0;0;<24, 48;570.02;0;0;18/02/2014;17;5490.05;BT;1/01/2013;0;CNE
C03505;01/02/2014;>10;0;0;>48;598.97;599.04;0;4/02/2014;12;38683.6;BT;1/01/2011;1;CNE
C03506;01/02/2014;>10;0;0;<24, 48;393.53;413.43;125.14;3/02/2014;9;14325.8;BT;1/01/2012;1;CNE
C03509;01/02/2014;<=10;0;0;<=24;256.63;253.05;256.54;3/02/2014;19;2630.3;BT;1/01/2013;1;CNE
C03511;01/02/2014;<=10;0;0;>48;980.71;1076.54;0;13/02/2014;19;8310.97;BT;1/01/2011;0;CNE
C03512;01/02/2014;<=10;0;1;<24, 48;277.2;0;276.55;12/02/2014;17;4399.32;BT;1/01/2012;1;COEF
C03513;01/02/2014;<=10;>0;0;>48;2605.52;0;0;4/02/2014;18;27915.7;BT;1/01/2013;0;COEF
C03514;01/02/2014;<=10;0;0;<24, 48;459.12;0.7;458.53;12/02/2014;9;11369.6;BT;1/01/2013;1;COEF
C03516;01/02/2014;<=10;0;0;<24, 48;459.12;0.7;458.53;6/02/2014;9;11369.6;BT;1/01/2013;1;CNE
C03517;01/02/2014;<=10;0;0;<24, 48;321.91;681.41;370.32;5/02/2014;16;6735.76;BT;1/01/2013;1;CNE
C03518;01/02/2014;<=10;0;0;<24, 48;136.77;0;0;5/02/2014;9;12945;BT;1/01/2013;1;CNE
C03519;01/02/2014;<=10;>0;0;>48;228.74;343.35;343.35;17/02/2014;9;2518.62;BT;1/01/2013;0;COEF
C03520;01/02/2014;<=10;0;0;>48;1209.37;0;0;3/02/2014;13;29711.3;BT;1/01/2013;0;CNE
C03521;01/02/2014;>10;0;0;<24, 48;96.4;0;0;7/02/2014;15;1207.25;BT;1/01/2011;1;CNE
C03522;01/02/2014;<=10;>0;1;<24, 48;1350.22;0;0;7/02/2014;16;24561.4;BT;1/01/2013;0;COEF
C03523;01/02/2014;<=10;>0;0;<24, 48;1350.22;0;0;17/02/2014;8;24561.4;BT;1/01/2013;0;COEF
C03524;01/02/2014;<=10;>0;0;<=24;343.47;362.5;362.26;25/02/2014;13;4065.95;BT;1/01/2013;1;CNE
C03529;01/02/2014;<=10;0;0;<24, 48;489.55;588.15;0;19/02/2014;20;13521.4;BT;1/01/2013;1;CNE
C03531;01/02/2014;<=10;0;0;>48;153.91;32.16;0;7/02/2014;11;9167.57;BT;1/01/2012;1;COEF
C03532;01/02/2014;<=10;>0;0;<24, 48;924.18;1850.64;0;19/02/2014;16;23615.3;BT;1/01/2012;1;CNE
C03533;01/02/2014;<=10;>0;0;<24, 48;924.18;1850.64;0;20/02/2014;7;23615.3;BT;1/01/2012;1;CNE
C03534;01/02/2014;>10;0;0;>48;773.05;1170.31;1570.05;4/02/2014;13;5101.39;BT;1/01/2011;0;CNE
C03535;01/02/2014;>10;0;0;>48;773.05;1170.31;1570.05;12/02/2014;10;5101.39;BT;1/01/2011;0;CNE
C03536;01/02/2014;<=10;0;0;<24, 48;113.4;217.61;0;18/02/2014;11;7315.63;BT;1/01/2011;1;CNE
C03541;01/02/2014;<=10;0;0;>48;160.14;0;0;10/02/2014;12;15264.5;BT;1/01/2012;1;CNE
C03542;01/02/2014;<=10;0;0;<24, 48;327.67;326.42;655.29;18/02/2014;17;7521.2;BT;1/01/2013;1;CNE
C03543;01/02/2014;<=10;>0;0;>48;1799.99;0;0;12/02/2014;18;18034.1;BT;1/01/2013;0;CNE
C03544;01/02/2014;<=10;>0;0;<24, 48;2078.19;0;0;12/02/2014;16;21519.8;BT;1/01/2012;0;CNE
C03545;01/02/2014;<=10;>0;0;<24, 48;2078.19;0;0;5/02/2014;7;21519.8;BT;1/01/2012;0;CNE
C03546;01/02/2014;<=10;0;0;>48;854.73;1283.73;0;19/02/2014;20;6880.05;BT;1/01/2011;0;CNE
C03547;01/02/2014;<=10;>0;0;>48;1888.2;1688.2;2230.93;21/02/2014;17;20347.5;BT;1/01/2013;0;COEF
C03548;01/02/2014;<=10;0;0;>48;1376.08;0;0;6/02/2014;13;10129;BT;1/01/2013;0;CNE
C03549;01/02/2014;<=10;0;0;<24, 48;1617.97;0;0;6/02/2014;8;7384.77;BT;1/01/2012;0;CNE
C03551;01/02/2014;>10;0;0;<=24;294.66;0;0;3/02/2014;13;593.87;BT;1/01/2012;1;COEF
C03553;01/02/2014;<=10;0;0;<24, 48;319.01;638.04;0;12/02/2014;12;7675.46;BT;1/01/2013;1;CNE
C03554;01/02/2014;<=10;>0;0;<24, 48;468.28;682.19;0;24/02/2014;17;5639.32;BT;1/01/2013;0;COEF
C03555;01/02/2014;<=10;>0;0;<24, 48;468.28;682.19;0;24/02/2014;18;5639.32;BT;1/01/2013;0;COEF
C03556;01/02/2014;<=10;0;0;<24, 48;205.57;205.52;0;11/02/2014;13;2200.79;BT;1/01/2012;1;COEF
C03557;01/02/2014;<=10;0;0;<24, 48;326.38;324.84;326.51;7/02/2014;13;10189;BT;1/01/2013;1;CNE
C03558;01/02/2014;<=10;0;0;>48;402.07;805.59;0;3/02/2014;10;11658.9;BT;1/01/2013;1;COEF
C03559;01/02/2014;<=10;0;0;<=24;177.79;496.75;819.05;12/02/2014;11;3740.92;BT;1/01/2013;1;CNE
C03560;01/02/2014;<=10;0;0;>48;47.04;0;198.71;3/02/2014;19;2264.19;BT;1/01/2013;1;COEF
C03561;01/02/2014;<=10;>0;1;>48;252.45;254.47;0;13/02/2014;15;4670.56;BT;1/01/2012;1;COEF
C03562;01/02/2014;>10;>0;0;<24, 48;1581.22;0;0;10/02/2014;17;9016.69;BT;1/01/2011;0;COEF
C03563;01/02/2014;>10;>0;0;<24, 48;1581.22;0;0;5/02/2014;7;9016.69;BT;1/01/2011;0;CNE
C03564;01/02/2014;>10;>0;0;<24, 48;1581.22;0;0;7/02/2014;10;9016.69;BT;1/01/2011;0;CNE
C03565;01/02/2014;<=10;>0;0;<24, 48;1581.22;0;0;13/02/2014;12;9016.69;BT;1/01/2011;0;CNE
C03566;01/02/2014;<=10;0;0;<24, 48;304.96;0;919.11;3/02/2014;13;5509.39;BT;1/01/2013;1;CNE
C03568;01/02/2014;<=10;0;0;<24, 48;238.64;253.02;251.33;19/02/2014;8;4487.91;BT;1/01/2013;1;CNE
C03569;01/02/2014;<=10;0;0;<=24;316.73;4.07;0;6/02/2014;20;3816.3;BT;1/01/2013;1;CNE
C03570;01/02/2014;<=10;0;0;<=24;316.73;4.07;0;10/02/2014;11;3816.3;BT;1/01/2013;1;CNE
C03571;01/02/2014;>10;>0;0;>48;1660.88;0;0;5/02/2014;16;12792.9;BT;1/01/2012;0;CNE
C03572;01/02/2014;<=10;0;0;<24, 48;460.6;851.23;851.23;18/02/2014;15;15795.1;BT;1/01/2012;1;COEF
C03573;01/02/2014;<=10;0;0;<24, 48;354.52;0;355.45;4/02/2014;11;7515.01;BT;1/01/2012;1;CNE
C03574;01/02/2014;<=10;0;0;<24, 48;354.52;0;355.45;6/02/2014;15;7515.01;BT;1/01/2012;1;CNE
C03575;01/02/2014;<=10;0;0;<24, 48;511.95;253.69;517.33;3/02/2014;7;12593.5;BT;1/01/2012;1;COEF
C03576;01/02/2014;<=10;0;0;<24, 48;511.95;253.69;517.33;4/02/2014;19;12593.5;BT;1/01/2012;1;COEF
C03577;01/02/2014;>10;0;0;<24, 48;484.23;0;0;20/02/2014;12;21043.5;BT;1/01/2012;1;COEF
C03578;01/02/2014;<=10;0;0;<24, 48;226.78;453.46;127.6;20/02/2014;9;5117.41;BT;1/01/2013;1;CNE
C03580;01/02/2014;<=10;>0;0;<24, 48;303.13;302.9;301.49;25/02/2014;10;10598.2;BT;1/01/2013;1;COEF
C03581;01/02/2014;<=10;>0;0;<=24;294.67;498.14;0;10/02/2014;13;735.83;BT;1/01/2012;0;CNE
C03582;01/02/2014;<=10;>0;0;<=24;294.67;498.14;0;26/02/2014;9;735.83;BT;1/01/2012;0;CNE
C03583;01/02/2014;<=10;0;0;<=24;1169.12;0;0;4/02/2014;15;6637.15;BT;1/01/2013;0;CNE
C03584;01/02/2014;<=10;0;0;<=24;1169.12;0;0;5/02/2014;9;6637.15;BT;1/01/2013;0;CNE
C03585;01/02/2014;<=10;>0;0;<24, 48;1667.46;2230.62;0;18/02/2014;9;14557.3;BT;1/01/2013;0;COEF
C03587;01/02/2014;<=10;0;0;<24, 48;405.28;0;0;14/02/2014;14;3317.9;BT;1/01/2013;0;CNE
C03588;01/02/2014;<=10;>0;0;<24, 48;293.72;266.16;16.16;10/02/2014;11;4034.15;BT;1/01/2012;0;COEF
C03590;01/02/2014;<=10;>0;1;<24, 48;293.72;266.16;16.16;24/02/2014;18;4034.15;BT;1/01/2012;0;COEF
C03593;01/02/2014;<=10;>0;0;<24, 48;387.5;383.59;0;5/02/2014;11;3136.07;BT;1/01/2013;0;CNE
C03597;01/02/2014;<=10;0;0;<24, 48;206.7;206.71;0;10/02/2014;13;4139.06;BT;1/01/2013;1;COEF
C03600;01/02/2014;<=10;0;0;<24, 48;121.63;0;0;24/02/2014;12;1511.18;BT;1/01/2012;1;COEF
C03601;01/02/2014;<=10;0;0;<24, 48;498.8;512.57;462.82;4/02/2014;16;14162.7;BT;1/01/2012;1;CNE
C03602;01/02/2014;<=10;0;0;<=24;247.49;372.68;0;5/02/2014;14;1980.91;BT;1/01/2013;0;CNE
C03603;01/02/2014;<=10;>0;0;>48;919.26;0;0;28/02/2014;18;9606.32;BT;1/01/2012;0;COEF
C03604;01/02/2014;<=10;0;0;>48;368.3;0;1127.48;6/02/2014;9;3955.51;BT;1/01/2013;1;CNE
C03605;01/02/2014;<=10;0;0;<24, 48;27.75;0;547.88;25/02/2014;10;7346.97;BT;1/01/2012;1;CNE
C03606;01/02/2014;<=10;0;0;<24, 48;216.31;434.47;0;25/02/2014;9;4780.32;BT;1/01/2013;1;CNE
C03607;01/02/2014;<=10;>0;1;>48;1254.04;1709.8;0;7/02/2014;18;12065.9;BT;1/01/2013;0;CNE
C03608;01/02/2014;<=10;0;0;<24, 48;719.23;0;0;5/02/2014;18;4299.86;BT;1/01/2012;0;CNE
C03611;01/02/2014;<=10;0;0;>48;566.81;1146.83;0;7/02/2014;9;18131.2;BT;1/01/2013;1;CNE
C03612;01/02/2014;<=10;0;0;<24, 48;246.92;245.77;245.48;6/02/2014;13;5019.1;BT;1/01/2013;1;CNE
C03615;01/02/2014;<=10;0;0;>48;536.33;500.51;870.84;5/02/2014;19;15670.6;BT;1/01/2013;1;COEF
C03617;01/02/2014;<=10;>0;0;<24, 48;384.26;0;0;20/02/2014;10;2725.16;BT;1/01/2013;0;CNE
C03618;01/02/2014;<=10;0;0;<24, 48;227.67;458.87;692.94;4/02/2014;10;2873.58;BT;1/01/2012;1;COEF
C03620;01/02/2014;<=10;0;0;<=24;132.97;268.85;405.99;13/02/2014;15;1940.11;BT;1/01/2013;1;CNE
C03621;01/02/2014;<=10;0;0;>48;210.67;0;0;3/02/2014;16;14726.6;BT;1/01/2013;1;CNE
C03622;01/02/2014;<=10;0;0;>48;210.67;0;0;6/02/2014;15;14726.6;BT;1/01/2013;1;CNE
C03624;01/02/2014;<=10;0;0;<24, 48;350.19;409.8;1185.3;11/02/2014;16;21552.5;BT;1/01/2013;1;COEF
C03625;01/02/2014;<=10;0;0;<24, 48;350.19;409.8;1185.3;12/02/2014;12;21552.5;BT;1/01/2013;1;CNE
C03627;01/02/2014;<=10;0;0;>48;31.61;0;0;3/02/2014;11;7089.11;BT;1/01/2013;1;COEF
C03629;01/02/2014;<=10;0;0;>48;616.15;1233.7;0;7/02/2014;10;19209.6;BT;1/01/2013;1;CNE
C03630;01/02/2014;<=10;>0;0;>48;616.15;1233.7;0;20/02/2014;12;19209.6;BT;1/01/2013;1;CNE
C03632;01/02/2014;<=10;>0;0;<=24;847.7;0;0;6/02/2014;16;848.6;BT;1/01/2013;0;CNE
C03634;01/02/2014;>10;0;0;<24, 48;341.86;0;474.05;3/02/2014;15;5550.66;BT;1/01/2012;1;CNE
C03635;01/02/2014;>10;0;0;<24, 48;341.86;0;474.05;4/02/2014;11;5550.66;BT;1/01/2012;1;CNE
C03637;01/02/2014;<=10;>0;0;<24, 48;2161.69;0;0;17/02/2014;11;13508.1;BT;1/01/2012;0;CNE
C03638;01/02/2014;<=10;>0;0;>48;1562.9;0;0;6/02/2014;17;15579.4;BT;1/01/2013;0;CNE
C03639;01/02/2014;<=10;>0;0;<24, 48;632.37;0;0;6/02/2014;9;4920.82;BT;1/01/2013;0;CNE
C03640;01/02/2014;<=10;>0;1;<24, 48;368.79;208.83;118.99;4/02/2014;10;4181.68;BT;1/01/2012;0;COEF
C03642;01/02/2014;<=10;0;0;<24, 48;256.08;0;120.08;6/02/2014;11;2937.24;BT;1/01/2012;1;CNE
C03644;01/02/2014;>10;0;0;<24, 48;239.38;246.65;0;11/02/2014;9;1343.76;BT;1/01/2011;1;CNE
C03645;01/02/2014;>10;0;0;<24, 48;239.38;246.65;0;12/02/2014;16;1343.76;BT;1/01/2011;1;CNE
C03646;01/02/2014;<=10;0;0;<24, 48;44.58;0;0;4/02/2014;8;5239.3;BT;1/01/2013;1;CNE
C03647;01/02/2014;<=10;0;0;<24, 48;864.08;867.38;851.74;7/02/2014;10;27592.3;BT;1/01/2013;1;COEF
C03648;01/02/2014;<=10;0;0;<24, 48;849.72;1732.19;2616.68;10/02/2014;15;23995.6;BT;1/01/2013;1;CNE
C03649;01/02/2014;<=10;0;0;<24, 48;849.72;1732.19;0;20/02/2014;11;23995.6;BT;1/01/2013;1;CNE
C03650;01/02/2014;<=10;0;0;<24, 48;872.46;0;0;5/02/2014;13;8288.3;BT;1/01/2013;0;CNE
C03651;01/02/2014;<=10;0;0;<24, 48;872.46;0;0;5/02/2014;14;8288.3;BT;1/01/2013;0;CNE
C03652;01/02/2014;<=10;>0;0;<24, 48;1730.65;0;0;26/02/2014;14;23216.1;BT;1/01/2013;0;CNE
C03653;01/02/2014;<=10;0;0;<24, 48;1359.63;0;0;5/02/2014;10;18457.4;BT;1/01/2013;0;CNE
C03657;01/02/2014;<=10;>0;0;<=24;637.79;0;0;12/02/2014;17;638.12;BT;1/01/2013;0;CNE
C03658;01/02/2014;<=10;0;0;<24, 48;602.55;1205.91;0;11/02/2014;11;12761;BT;1/01/2012;1;CNE
C03659;01/02/2014;<=10;0;0;<24, 48;1176.73;1176.73;1191.79;7/02/2014;14;3584.84;BT;1/01/2011;1;CNE
C03660;01/02/2014;<=10;0;0;>48;165.22;165.44;165.01;4/02/2014;19;1216.07;BT;1/01/2012;1;CNE
C03661;01/02/2014;>10;>0;0;>48;927.12;0;0;3/02/2014;17;12087.6;BT;1/01/2012;0;CNE
C03662;01/02/2014;<=10;0;0;<=24;573.76;680.94;0;12/02/2014;9;2595.92;BT;1/01/2013;1;CNE
C03663;01/02/2014;<=10;0;0;<24, 48;516.17;82.17;0;6/02/2014;9;3977.7;BT;1/01/2012;0;CNE
C03666;01/02/2014;<=10;0;0;<24, 48;306.77;198.4;272.99;10/02/2014;10;18168.9;BT;1/01/2013;1;CNE
C03667;01/02/2014;<=10;0;0;<24, 48;204.78;204.93;410.2;3/02/2014;13;3304.33;BT;1/01/2012;1;COEF
C03670;01/02/2014;<=10;0;0;>48;244.87;4.5;612.77;21/02/2014;10;15626.1;BT;1/01/2013;1;CNE
C03671;01/02/2014;<=10;0;0;>48;165.41;0;0;4/02/2014;14;13405.9;BT;1/01/2013;1;COEF
C03673;01/02/2014;<=10;0;0;>48;1164.15;0;0;4/02/2014;14;11048.7;BT;1/01/2013;0;CNE
C03674;01/02/2014;<=10;0;0;>48;1164.15;0;0;5/02/2014;11;11048.7;BT;1/01/2013;0;CNE
C03675;01/02/2014;<=10;>0;0;>48;4690.78;0;0;28/02/2014;20;41351.2;BT;1/01/2013;0;COEF
C03677;01/02/2014;<=10;0;0;<24, 48;89.38;0;0;3/02/2014;13;13122.7;BT;1/01/2012;1;CNE
C03680;01/02/2014;<=10;>0;0;>48;2302.69;3076.23;0;18/02/2014;11;24640;BT;1/01/2013;0;COEF
C03681;01/02/2014;<=10;0;0;<24, 48;157.38;427.19;626.32;7/02/2014;11;4900.87;BT;1/01/2013;1;CNE
C03683;01/02/2014;<=10;0;0;<24, 48;476.41;465.78;937.38;17/02/2014;16;8901.47;BT;1/01/2013;1;CNE
C03684;01/02/2014;<=10;>0;0;<24, 48;2682.2;0;0;26/02/2014;16;19452;BT;1/01/2013;0;CNE
C03686;01/02/2014;<=10;>0;0;<24, 48;1787.35;0;0;6/02/2014;8;16163.4;BT;1/01/2013;0;CNE
C03687;01/02/2014;<=10;>0;0;>48;1787.35;0;0;10/02/2014;8;16163.4;BT;1/01/2013;0;CNE
C03692;01/02/2014;<=10;>0;0;<=24;73.65;305.2;0;28/02/2014;8;4683.17;BT;1/01/2013;1;COEF
C03693;01/02/2014;<=10;0;0;<=24;73.65;305.2;0;5/02/2014;16;4683.17;BT;1/01/2013;1;CNE
C03694;01/02/2014;<=10;0;0;>48;33.2;0;311.19;13/02/2014;7;4851.43;BT;1/01/2013;1;CNE
C03695;01/02/2014;<=10;0;0;<24, 48;346.27;691.32;1039.31;17/02/2014;9;4997.02;BT;1/01/2012;1;CNE
C03696;01/02/2014;<=10;0;0;<24, 48;346.27;691.32;1039.31;19/02/2014;9;4997.02;BT;1/01/2012;1;CNE
C03697;01/02/2014;<=10;>0;0;>48;1237.17;0;0;12/02/2014;11;7143.44;BT;1/01/2012;0;COEF
C03698;01/02/2014;<=10;>0;0;>48;246.65;246.31;246.35;7/02/2014;8;6148.8;BT;1/01/2013;1;CNE
C03699;01/02/2014;<=10;0;0;<24, 48;285.3;285.6;283.33;4/02/2014;8;4919.66;BT;1/01/2013;1;CNE
C03702;01/02/2014;<=10;0;0;<24, 48;485.37;444.46;446.41;10/02/2014;13;10959.1;BT;1/01/2013;0;COEF
C03704;01/02/2014;<=10;0;0;>48;793.31;0;0;4/02/2014;11;29438.4;BT;1/01/2013;1;CNE
C03705;01/02/2014;<=10;0;0;>48;793.31;0;0;10/02/2014;13;29438.4;BT;1/01/2013;1;CNE
C03706;01/02/2014;<=10;0;0;<=24;268.64;0;268;7/02/2014;8;1713.08;BT;1/01/2013;1;CNE
C03707;01/02/2014;<=10;0;0;<=24;268.64;0;268;14/02/2014;12;1713.08;BT;1/01/2013;1;CNE
C03708;01/02/2014;<=10;0;0;<=24;124.2;0;0;13/02/2014;13;2072;BT;1/01/2013;1;CNE
C03715;01/02/2014;>10;0;0;<24, 48;208.11;208.8;171.44;7/02/2014;7;2593.62;BT;1/01/2012;1;CNE
C03716;01/02/2014;<=10;0;0;<=24;160.22;160.51;160.22;7/02/2014;10;1532.45;BT;1/01/2013;1;CNE
C03717;01/02/2014;<=10;0;0;<=24;317.93;319.59;289;4/02/2014;9;3353.63;BT;1/01/2013;1;CNE
C03718;01/02/2014;<=10;0;0;<=24;620.65;621.34;1244.86;12/02/2014;10;8834.83;BT;1/01/2013;1;CNE
C03720;01/02/2014;<=10;>0;0;>48;217.12;0;0;20/02/2014;12;12222.6;BT;1/01/2013;1;CNE
C03721;01/02/2014;<=10;0;0;<=24;206.35;265.02;0;5/02/2014;20;4449.1;BT;1/01/2013;1;COEF
C03723;01/02/2014;<=10;>0;0;<24, 48;656.61;988.54;0;11/02/2014;18;6381.66;BT;1/01/2012;0;COEF
C03724;01/02/2014;<=10;0;0;<24, 48;255.32;512.85;772.54;7/02/2014;15;5626.11;BT;1/01/2013;1;COEF
C03736;01/02/2014;<=10;0;0;<24, 48;785.45;0;0;14/02/2014;9;6746.84;BT;1/01/2013;0;CNE
C03737;01/02/2014;>10;0;0;<24, 48;162.66;0;0;19/02/2014;13;1922.17;BT;1/01/2011;1;CNE
C03740;01/02/2014;<=10;>0;0;<24, 48;734.6;0;0;20/02/2014;16;5621.18;BT;1/01/2013;0;CNE
C03745;01/02/2014;<=10;0;0;<24, 48;565.16;536.81;904.29;3/02/2014;13;10495;BT;1/01/2013;1;CNE
C03747;01/02/2014;>10;0;0;<24, 48;174.54;351.33;0;3/02/2014;13;3389.44;BT;1/01/2011;1;COEF
C03749;01/02/2014;<=10;>0;0;<24, 48;174.54;351.33;0;27/02/2014;8;3389.44;BT;1/01/2011;0;CNE
C03750;01/02/2014;<=10;0;0;<24, 48;415.83;421.41;0;13/02/2014;10;9138.44;BT;1/01/2013;1;CNE
C03751;01/02/2014;>10;>0;0;>48;551.2;872.91;0;12/02/2014;10;37990.2;BT;1/01/2011;1;COEF
C03752;01/02/2014;>10;>0;1;<24, 48;1428.83;2153.56;967.74;26/02/2014;20;4611.5;BT;1/01/2011;0;COEF
C03753;01/02/2014;>10;0;0;>48;466.75;0;477.23;6/02/2014;10;9670.77;BT;1/01/2012;1;COEF
C03754;01/02/2014;<=10;0;0;<=24;242.36;242.09;245.04;13/02/2014;9;1572.51;BT;1/01/2013;0;CNE
C03755;01/02/2014;<=10;0;0;<=24;242.36;242.09;245.04;25/02/2014;13;1572.51;BT;1/01/2013;1;CNE
C03756;01/02/2014;<=10;0;0;<=24;242.36;242.09;245.04;26/02/2014;11;1572.51;BT;1/01/2013;1;CNE
C03757;01/02/2014;<=10;0;0;<24, 48;2612.52;0;0;6/02/2014;18;26349.1;BT;1/01/2013;0;CNE
C03758;01/02/2014;<=10;0;0;<24, 48;101.41;0;0;4/02/2014;14;2323.16;BT;1/01/2012;1;CNE
C03759;01/02/2014;>10;0;0;>48;1960.08;1966.5;3945.83;11/02/2014;20;61516.1;BT;1/01/2012;1;COEF
C03760;01/02/2014;<=10;0;0;<24, 48;708.02;1418.5;2136.27;3/02/2014;9;22422.4;BT;1/01/2013;1;COEF
C03761;01/02/2014;<=10;0;0;<24, 48;592.58;593.38;1188.78;5/02/2014;10;12555.8;BT;1/01/2013;1;COEF
C03762;01/02/2014;<=10;0;0;<24, 48;2622;0;0;3/02/2014;19;12418.7;BT;1/01/2012;0;CNE
C03763;01/02/2014;<=10;0;0;<=24;1457.8;0;0;12/02/2014;11;4901.94;BT;1/01/2013;0;CNE
C03764;01/02/2014;<=10;>0;0;>48;2201.72;0;0;6/02/2014;16;22389.9;BT;1/01/2013;0;CNE
C03765;01/02/2014;>10;>0;0;>48;2417.89;3230.1;0;10/02/2014;12;17642.3;BT;1/01/2011;0;CNE
C03766;01/02/2014;>10;>0;0;<24, 48;3159.47;0;0;13/02/2014;19;18161;BT;1/01/2012;0;COEF
C03767;01/02/2014;<=10;>0;0;<24, 48;268.7;581.52;896.46;18/02/2014;12;6121.28;BT;1/01/2013;1;CNE
C03769;01/02/2014;>10;0;0;<24, 48;282.25;475.79;0;5/02/2014;10;6383.62;BT;1/01/2011;1;CNE
C03770;01/02/2014;>10;0;0;<24, 48;282.25;475.79;0;12/02/2014;12;6383.62;BT;1/01/2011;1;CNE
C03775;01/02/2014;<=10;0;0;<24, 48;4876.55;0;0;3/02/2014;18;44653.9;BT;1/01/2013;0;COEF
C03776;01/02/2014;<=10;0;0;<24, 48;4876.55;0;0;11/02/2014;12;44653.9;BT;1/01/2013;0;CNE
C03777;01/03/2014;<=10;>0;0;<24, 48;736.93;820.55;0;28/03/2014;10;6242.33;BT;1/01/2012;0;COEF
C03778;01/03/2014;>10;>0;0;<24, 48;340;340.71;455.35;13/03/2014;16;1126.12;BT;1/01/2010;0;CNE
C03779;01/03/2014;>10;0;0;<24, 48;486.93;486.92;478.33;27/03/2014;11;6539.41;BT;1/01/2011;1;CNE
C03780;01/03/2014;<=10;0;0;>48;612.69;611.54;611.54;10/03/2014;8;13201;BT;1/01/2012;1;COEF
C03781;01/03/2014;<=10;0;0;<24, 48;1038.26;1391.96;0;19/03/2014;16;4378.95;BT;1/01/2013;0;CNE
C03782;01/03/2014;>10;>0;0;<24, 48;1247.95;0;0;3/03/2014;9;5811.41;BT;1/01/2011;0;COEF
C03783;01/03/2014;>10;0;0;<24, 48;46.85;74.26;0;28/03/2014;13;2233.53;BT;1/01/2012;1;CNE
C03784;01/03/2014;<=10;0;0;<24, 48;229.68;231.4;0;6/03/2014;11;4631.36;BT;1/01/2013;1;COEF
C03785;01/03/2014;<=10;0;0;>48;51.46;0;112.98;25/03/2014;18;13040.2;BT;1/01/2012;1;CNE
C03786;01/03/2014;>10;0;0;>48;506.78;1015.36;0;17/03/2014;16;8879.57;BT;1/01/2011;1;CNE
C03788;01/03/2014;<=10;0;0;<24, 48;652.26;1342.1;0;26/03/2014;9;18388.8;BT;1/01/2013;1;CNE
C03789;01/03/2014;<=10;0;0;<24, 48;1999.59;1999.59;0;27/03/2014;19;27977.3;BT;1/01/2013;1;CNE
C03790;01/03/2014;<=10;>0;0;>48;1054.49;1422.03;0;24/03/2014;12;7971.04;BT;1/01/2011;0;COEF
C03791;01/03/2014;<=10;0;0;>48;747.99;0;0;10/03/2014;7;27576.4;BT;1/01/2014;1;CNE
C03792;01/03/2014;<=10;0;0;>48;1318.17;1322.62;0;11/03/2014;9;48638.9;BT;1/01/2013;1;CNE
C03793;01/03/2014;<=10;0;0;<24, 48;211.33;212.62;213.33;19/03/2014;11;3113.63;BT;1/01/2012;1;CNE
C03794;01/03/2014;<=10;0;0;>48;227.78;0;0;13/03/2014;14;5818.57;BT;1/01/2012;1;COEF
C03795;01/03/2014;>10;0;0;>48;320.07;522.99;528.88;19/03/2014;12;812.26;BT;1/01/2012;1;CNE
C03796;01/03/2014;<=10;0;0;<24, 48;150.21;0;0;4/03/2014;10;1134.92;BT;1/01/2011;1;COEF
C03797;01/03/2014;>10;0;0;>48;1897.53;0;0;11/03/2014;12;14496.4;BT;1/01/2012;0;CNE
C03799;01/03/2014;<=10;0;0;<24, 48;495.36;497.7;0;4/03/2014;19;11798.9;BT;1/01/2013;1;CNE
C03800;01/03/2014;<=10;0;0;<=24;452.85;685.83;0;24/03/2014;10;1711.21;BT;1/01/2013;0;CNE
C03801;01/03/2014;>10;0;0;<24, 48;240.79;240.57;0;20/03/2014;16;3492.38;BT;1/01/2012;1;CNE
C03802;01/03/2014;<=10;0;0;<24, 48;405.26;422.27;426.56;17/03/2014;19;9544.58;BT;1/01/2013;1;CNE
C03803;01/03/2014;<=10;0;0;>48;360.36;362.7;278.19;12/03/2014;14;8663.27;BT;1/01/2013;1;COEF
C03804;01/03/2014;<=10;0;0;>48;136.97;0;0;13/03/2014;15;8364.71;BT;1/01/2012;1;COEF
C03806;01/03/2014;<=10;0;0;<24, 48;497.39;497.66;0;11/03/2014;18;6590.88;BT;1/01/2012;1;COEF
C03807;01/03/2014;>10;0;0;<24, 48;972.83;972.83;0;28/03/2014;9;21342.8;BT;1/01/2012;1;COEF
C03808;01/03/2014;<=10;0;0;<24, 48;442.95;448.54;448.31;25/03/2014;8;4615.84;BT;1/01/2012;1;COEF
C03810;01/03/2014;<=10;0;0;>48;105.18;0;0;7/03/2014;8;7125.54;BT;1/01/2013;1;CNE
C03812;01/03/2014;<=10;0;0;<24, 48;1078.87;1664.27;0;25/03/2014;13;9147.14;BT;1/01/2011;0;CNE
C03813;01/03/2014;>10;0;0;>48;374.46;374.63;321.4;4/03/2014;13;5634.6;BT;1/01/2011;1;CNE
C03815;01/03/2014;<=10;>0;0;>48;634.79;634.95;0;19/03/2014;9;15015;BT;1/01/2013;1;COEF
C03817;01/03/2014;<=10;>0;0;>48;1346.77;2700.56;0;25/03/2014;12;34111.9;BT;1/01/2012;1;CNE
C03818;01/03/2014;<=10;0;0;<24, 48;885.66;0;890.98;17/03/2014;16;7523.29;BT;1/01/2012;0;CNE
C03819;01/03/2014;<=10;0;0;<24, 48;230.63;230.63;0;31/03/2014;9;6653.5;BT;1/01/2013;1;CNE
C03820;01/03/2014;<=10;0;0;<24, 48;592.46;1186.56;590.85;26/03/2014;7;11678.1;BT;1/01/2013;1;CNE
C03821;01/03/2014;<=10;0;0;<24, 48;1236.91;1864.44;0;12/03/2014;11;14253;BT;1/01/2012;0;CNE
C03823;01/03/2014;<=10;0;0;<24, 48;357.67;357.73;0;19/03/2014;12;7269.44;BT;1/01/2012;1;COEF
C03824;01/03/2014;>10;0;0;>48;362.24;0;0;12/03/2014;14;25077.1;BT;1/01/2012;1;COEF
C03826;01/03/2014;<=10;>0;0;<24, 48;1494.55;749.55;0;28/03/2014;14;10651.7;BT;1/01/2011;1;COEF
C03827;01/03/2014;<=10;0;0;<24, 48;110.99;355.38;0;25/03/2014;17;8446.2;BT;1/01/2012;1;CNE
C03828;01/03/2014;<=10;0;0;<24, 48;79.58;250.93;0;4/03/2014;15;3239.44;BT;1/01/2011;1;COEF
C03830;01/03/2014;<=10;0;0;<24, 48;461.72;0;0;19/03/2014;17;2032.34;BT;1/01/2011;1;CNE
C03831;01/03/2014;<=10;0;0;<24, 48;1031.42;0;0;13/03/2014;20;4850.31;BT;1/01/2012;0;CNE
C03832;01/03/2014;>10;0;0;>48;1209.62;614.19;0;25/03/2014;19;13143.8;BT;1/01/2012;1;CNE
C03833;01/03/2014;>10;>0;0;<24, 48;1029.27;1375.65;0;11/03/2014;7;3692.5;BT;1/01/2011;0;CNE
C03834;01/03/2014;<=10;0;0;<24, 48;234.08;346.93;0;19/03/2014;11;5965.01;BT;1/01/2011;1;CNE
C03835;01/03/2014;>10;0;0;<24, 48;393.87;1072.38;0;5/03/2014;16;11060.3;BT;1/01/2011;1;COEF
C03837;01/03/2014;>10;0;0;<24, 48;317.79;320.06;311.15;25/03/2014;10;1306.62;BT;1/01/2011;1;CNE
C03839;01/03/2014;<=10;0;0;<24, 48;1938.03;1938.03;0;14/03/2014;13;22884;BT;1/01/2013;0;CNE
C03842;01/03/2014;<=10;>0;0;>48;1312.54;1976.96;0;25/03/2014;20;19876.8;BT;1/01/2012;0;CNE
C03843;01/03/2014;<=10;0;0;<24, 48;263.74;264.18;397.19;10/03/2014;12;3163.76;BT;1/01/2013;0;CNE
C03844;01/03/2014;>10;0;0;>48;1466.02;1466.26;8.46;18/03/2014;11;42867.7;BT;1/01/2012;1;CNE
C03846;01/03/2014;<=10;>0;0;>48;1380.64;0;0;17/03/2014;7;23627.8;BT;1/01/2012;0;COEF
C03847;01/03/2014;<=10;0;0;<24, 48;68.2;246.81;0;4/03/2014;10;4281.47;BT;1/01/2013;1;COEF
C03849;01/03/2014;<=10;0;0;>48;1175.02;1175.27;1177.15;11/03/2014;9;39495;BT;1/01/2013;1;CNE
C03850;01/03/2014;<=10;0;0;>48;440.04;0;0;18/03/2014;19;10000;BT;1/01/2012;1;CNE
C03852;01/03/2014;<=10;0;0;<=24;220.82;220.82;0;21/03/2014;13;3731.48;BT;1/01/2013;1;CNE
C03853;01/03/2014;<=10;0;0;<24, 48;3313.15;0;0;19/03/2014;20;24129.3;BT;1/01/2012;0;CNE
C03854;01/03/2014;>10;0;0;>48;579.98;579.67;0;4/03/2014;12;11897.5;BT;1/01/2012;1;COEF
C03855;01/03/2014;<=10;0;0;<24, 48;842.09;0;0;14/03/2014;17;16112.9;BT;1/01/2011;1;CNE
C03856;01/03/2014;>10;0;0;<24, 48;379.29;379.5;379.28;14/03/2014;10;6169.96;BT;1/01/2011;1;CNE
C03857;01/03/2014;<=10;0;0;<24, 48;205.38;23.22;0;26/03/2014;16;12413;BT;1/01/2013;1;CNE
C03859;01/03/2014;<=10;0;0;<24, 48;837.95;837.95;0;24/03/2014;19;6189.72;BT;1/01/2013;0;CNE
C03860;01/03/2014;>10;0;0;>48;680.69;1364.97;0;26/03/2014;9;16046.8;BT;1/01/2013;1;CNE
C03861;01/03/2014;<=10;0;0;<24, 48;253;254.08;0;24/03/2014;9;2542.59;BT;1/01/2012;1;CNE
C03862;01/03/2014;<=10;0;0;<24, 48;223.41;223.94;223.72;11/03/2014;7;4635.24;BT;1/01/2013;1;CNE
C03863;01/03/2014;>10;0;0;<24, 48;221.51;49.4;22.25;28/03/2014;12;3292.7;BT;1/01/2012;1;CNE
C03864;01/03/2014;<=10;>0;1;>48;524.67;0;452.88;6/03/2014;7;5652.31;BT;1/01/2013;0;CNE
C03865;01/03/2014;>10;0;0;<24, 48;451.4;455.05;0;11/03/2014;13;3442.54;BT;1/01/2010;1;COEF
C03866;01/03/2014;>10;0;0;<24, 48;198.05;228.74;0;5/03/2014;14;7920.29;BT;1/01/2011;1;COEF
C03867;01/03/2014;<=10;0;0;<24, 48;537.97;536.9;0;28/03/2014;8;13016.2;BT;1/01/2012;1;COEF
C03868;01/03/2014;<=10;0;0;>48;612.49;2094.93;0;3/03/2014;8;76058;BT;1/01/2013;1;COEF
C03870;01/03/2014;>10;0;0;<24, 48;278.39;278.39;0;20/03/2014;16;4194.31;BT;1/01/2011;1;CNE
C03871;01/03/2014;<=10;0;0;>48;1709.52;1709.52;0;6/03/2014;11;8332.71;BT;1/01/2011;0;CNE
C03872;01/03/2014;<=10;0;0;>48;271.54;11.19;0;4/03/2014;19;26329;BT;1/01/2013;1;COEF
C03873;01/03/2014;<=10;0;0;>48;607.12;1012.23;98.59;14/03/2014;9;46834.8;BT;1/01/2013;1;COEF
C03874;01/03/2014;<=10;0;0;<24, 48;748.12;1000.38;0;10/03/2014;16;5049.59;BT;1/01/2013;0;CNE
C03875;01/03/2014;<=10;0;0;>48;418.7;418.7;1258.63;26/03/2014;9;3731.77;BT;1/01/2013;1;CNE
C03876;01/03/2014;<=10;0;0;<24, 48;457.2;455.7;0;10/03/2014;20;13169.6;BT;1/01/2013;1;CNE
C03877;01/03/2014;<=10;0;0;>48;3098.72;2262.25;2620.41;10/03/2014;15;38345.3;BT;1/01/2012;0;CNE
C03878;01/03/2014;<=10;0;0;>48;1017.62;0;0;21/03/2014;12;10307.1;BT;1/01/2013;0;CNE
C03879;01/03/2014;<=10;0;0;>48;460.51;0;0;17/03/2014;20;6635.01;BT;1/01/2011;1;CNE
C03880;01/03/2014;<=10;0;0;>48;273.26;281.57;277.79;31/03/2014;7;6192.4;BT;1/01/2012;1;CNE
C03881;01/03/2014;<=10;0;0;<=24;407.2;0;0;18/03/2014;7;7224.03;BT;1/01/2013;1;COEF
C03882;01/03/2014;<=10;0;1;>48;918.62;1534.57;0;5/03/2014;8;18168.5;BT;1/01/2013;0;COEF
C03883;01/03/2014;>10;0;0;<24, 48;373.98;373.98;0;27/03/2014;8;8547.27;BT;1/01/2011;1;CNE
C03884;01/03/2014;<=10;0;0;<24, 48;377.72;0;377.88;12/03/2014;8;10488.3;BT;1/01/2012;1;CNE
C03888;01/03/2014;<=10;>0;1;>48;21.07;571.68;0;12/03/2014;17;12457;BT;1/01/2012;1;CNE
C03889;01/03/2014;<=10;0;0;>48;1841.43;0;0;13/03/2014;7;66947.7;BT;1/01/2012;1;COEF
C03890;01/03/2014;<=10;0;0;<24, 48;273.32;263.97;0;5/03/2014;9;1760.9;BT;1/01/2011;1;CNE
C03891;01/03/2014;>10;>0;0;<24, 48;260.67;262.32;0;18/03/2014;17;2501.94;BT;1/01/2011;1;CNE
C03892;01/03/2014;<=10;0;0;<24, 48;311.46;0;0;12/03/2014;18;2467.35;BT;1/01/2011;1;CNE
C03893;01/03/2014;<=10;0;0;<24, 48;470.75;470.75;0;31/03/2014;19;3350.44;BT;1/01/2012;0;CNE
C03894;01/03/2014;<=10;0;0;>48;434.37;434.44;0;24/03/2014;13;13605.3;BT;1/01/2013;1;COEF
C03896;01/03/2014;<=10;0;0;<=24;183.24;184.06;0;26/03/2014;10;2433.35;BT;1/01/2013;1;CNE
C03897;01/03/2014;<=10;>0;0;<24, 48;505.64;1508.11;0;24/03/2014;14;20858.5;BT;1/01/2012;1;CNE
C03899;01/03/2014;<=10;0;0;<24, 48;779.93;0.38;0;4/03/2014;10;21584.4;BT;1/01/2014;1;COEF
C03902;01/03/2014;<=10;0;0;<24, 48;1108.54;1480.11;0;28/03/2014;20;3867.72;BT;1/01/2011;0;CNE
C03903;01/03/2014;<=10;0;0;>48;411.25;411.7;0;21/03/2014;15;609.34;BT;1/01/2014;1;COEF
C03904;01/03/2014;<=10;>0;0;<24, 48;170.98;171.79;0;26/03/2014;8;5958.15;BT;1/01/2011;1;CNE
C03905;01/03/2014;<=10;0;0;<24, 48;373.3;373.3;0;17/03/2014;14;2711.32;BT;1/01/2013;0;COEF
C03907;01/03/2014;<=10;0;0;>48;102.99;269.65;0;7/03/2014;10;4769.78;BT;1/01/2011;1;CNE
C03910;01/03/2014;<=10;0;0;<=24;255.55;129.62;0;12/03/2014;19;738.41;BT;1/01/2012;0;COEF
C03911;01/03/2014;<=10;>0;0;>48;608.58;609.13;609.91;26/03/2014;19;3350.9;BT;1/01/2010;0;COEF
C03912;01/03/2014;<=10;0;0;>48;488.05;317.8;0;5/03/2014;10;31216;BT;1/01/2013;1;COEF
C03913;01/03/2014;<=10;0;0;>48;1874.33;1874.33;0;24/03/2014;10;59309.2;BT;1/01/2012;1;CNE
C03914;01/03/2014;<=10;0;0;<24, 48;434.03;436.82;0;19/03/2014;19;5093.67;BT;1/01/2012;1;COEF
C03915;01/03/2014;<=10;>0;0;<24, 48;638.37;343.19;186.96;26/03/2014;20;6607.68;BT;1/01/2012;0;COEF
C03917;01/03/2014;>10;0;0;<24, 48;259.66;614.1;0;13/03/2014;13;7333.16;BT;1/01/2012;1;COEF
C03918;01/03/2014;<=10;0;0;<24, 48;330.37;330.37;0;27/03/2014;10;7347.36;BT;1/01/2012;1;CNE
C03919;01/03/2014;<=10;0;0;<24, 48;1154.22;1736.16;0;18/03/2014;8;12356;BT;1/01/2012;0;COEF
C03920;01/03/2014;<=10;>0;0;<24, 48;473.62;313.73;472.61;14/03/2014;7;3529.43;BT;1/01/2013;0;CNE
C03921;01/03/2014;<=10;0;0;>48;821.9;1414.33;0;31/03/2014;14;14524.9;BT;1/01/2012;0;CNE
C03922;01/03/2014;>10;0;0;<24, 48;230.65;171.02;143.66;5/03/2014;7;1472.01;BT;1/01/2011;1;CNE
C03923;01/03/2014;<=10;0;0;>48;66.77;0;0;7/03/2014;7;18765.4;BT;1/01/2013;1;COEF
C03924;01/03/2014;<=10;0;0;<24, 48;258.55;168.28;0;4/03/2014;14;4574.58;BT;1/01/2013;1;COEF
C03925;01/03/2014;<=10;0;0;<24, 48;492.3;493.21;493.31;27/03/2014;20;9179.31;BT;1/01/2013;1;CNE
C03926;01/03/2014;<=10;0;0;<24, 48;313.97;0;315.75;14/03/2014;11;8338.56;BT;1/01/2012;1;CNE
C03927;01/03/2014;>10;0;0;>48;316.99;109.39;0;10/03/2014;8;17726.5;BT;1/01/2011;1;CNE
C03930;01/03/2014;>10;0;0;>48;169.29;0;0;10/03/2014;9;16855.8;BT;1/01/2012;1;CNE
C03931;01/03/2014;>10;0;0;<24, 48;242.53;243.28;0;5/03/2014;7;2510.46;BT;1/01/2012;1;CNE
C03932;01/03/2014;<=10;0;0;<24, 48;396.39;793.13;397.79;27/03/2014;8;5965.82;BT;1/01/2011;1;CNE
C03933;01/03/2014;<=10;>0;0;>48;468.55;765;0;25/03/2014;10;7646.57;BT;1/01/2013;0;CNE
C03934;01/03/2014;<=10;>0;0;<24, 48;356.02;0;0;5/03/2014;16;9399.46;BT;1/01/2013;1;COEF
C03935;01/03/2014;<=10;0;0;<24, 48;516.01;209.49;0;20/03/2014;9;14870.5;BT;1/01/2013;1;CNE
C03936;01/03/2014;<=10;>0;0;<=24;188.08;377.94;568.22;19/03/2014;8;2727.86;BT;1/01/2013;1;CNE
C03937;01/03/2014;>10;0;0;<24, 48;379.46;379.93;0;7/03/2014;12;4928.07;BT;1/01/2011;1;CNE
C03938;01/03/2014;<=10;0;0;<24, 48;624.46;273.75;273.75;24/03/2014;18;6938.1;BT;1/01/2013;0;COEF
C03939;01/03/2014;>10;0;0;>48;57.23;0;65.97;5/03/2014;7;4738.29;BT;1/01/2011;1;CNE
C03940;01/03/2014;>10;>0;1;>48;1586.56;797.77;0;19/03/2014;10;26272.5;BT;1/01/2012;0;COEF
C03942;01/03/2014;<=10;>0;0;<24, 48;1036.41;1387.82;0;17/03/2014;13;6719.07;BT;1/01/2013;0;CNE
C03943;01/03/2014;<=10;0;0;<=24;60.6;315.6;0;5/03/2014;17;2257.69;BT;1/01/2013;1;CNE
C03944;01/03/2014;<=10;0;0;<=24;740.86;0;0;6/03/2014;16;739.69;BT;1/01/2013;0;CNE
C03945;01/03/2014;<=10;0;0;<24, 48;206.97;208.29;0;21/03/2014;8;4778.26;BT;1/01/2013;1;COEF
C03947;01/03/2014;<=10;0;0;<24, 48;169.49;0;0;18/03/2014;19;5893.33;BT;1/01/2012;1;CNE
C03948;01/03/2014;<=10;>0;1;<24, 48;1592.22;0;0;7/03/2014;16;15303.6;BT;1/01/2012;0;COEF
C03949;01/03/2014;<=10;0;0;<24, 48;1590.03;2393.05;0;20/03/2014;9;15927;BT;1/01/2013;0;COEF
C03950;01/03/2014;<=10;>0;1;<24, 48;101.42;849.51;841.7;26/03/2014;11;4210.29;BT;1/01/2010;1;COEF
C03951;01/03/2014;<=10;0;0;<24, 48;3516.96;0;0;6/03/2014;8;70746.4;BT;1/01/2012;1;COEF
C03952;01/03/2014;<=10;>0;0;<24, 48;619.57;617.13;541.18;20/03/2014;11;8175.72;BT;1/01/2011;0;COEF
C03953;01/03/2014;<=10;>0;1;<24, 48;149.39;102.22;0;20/03/2014;15;2838.92;BT;1/01/2013;1;CNE
C03955;01/03/2014;<=10;>0;0;>48;723.79;684.39;0;24/03/2014;7;11684.5;BT;1/01/2011;1;CNE
C03956;01/03/2014;<=10;0;0;<24, 48;1815.31;0;0;10/03/2014;8;16904.7;BT;1/01/2010;1;COEF
C03957;01/03/2014;<=10;0;0;>48;323.29;1406.94;0;25/03/2014;20;45401.4;BT;1/01/2012;1;CNE
C03960;01/03/2014;<=10;0;0;>48;909.81;907.59;912.4;14/03/2014;8;16769.3;BT;1/01/2012;1;CNE
C03961;01/03/2014;>10;0;0;<24, 48;1978.9;2263.14;0;5/03/2014;16;32609.9;BT;1/01/2011;1;CNE
C03963;01/03/2014;<=10;0;0;>48;186.11;0;0;11/03/2014;10;29867;BT;1/01/2013;1;CNE
C03964;01/03/2014;<=10;0;0;<24, 48;1157.7;0;0;18/03/2014;11;27986.3;BT;1/01/2012;1;CNE
C03965;01/03/2014;<=10;0;0;>48;283.72;0;0;7/03/2014;8;77699.6;BT;1/01/2012;1;COEF
C03966;01/03/2014;<=10;>0;0;<24, 48;821.7;0;0;13/03/2014;8;53282.9;BT;1/01/2012;1;CNE
C03968;01/03/2014;>10;0;0;>48;366.79;23.28;0;13/03/2014;10;2617.37;BT;1/01/2010;1;CNE
C03969;01/03/2014;>10;>0;0;>48;651.76;51.87;0;13/03/2014;7;67818.4;BT;1/01/2012;1;CNE
C03970;01/03/2014;<=10;0;0;<24, 48;1659.71;3322.73;0;12/03/2014;8;50059.8;BT;1/01/2013;1;CNE
C03972;01/03/2014;>10;0;0;>48;82.74;0;0;4/03/2014;7;24425.1;BT;1/01/2011;1;COEF
C03974;01/03/2014;<=10;0;0;<24, 48;304.65;0;0;13/03/2014;7;5801.71;BT;1/01/2013;1;COEF
C03975;01/03/2014;<=10;0;0;<24, 48;442.89;0;0;7/03/2014;13;16291.5;BT;1/01/2014;1;COEF
C03976;01/03/2014;<=10;0;0;<24, 48;45.22;1399.44;0;11/03/2014;9;33113.9;BT;1/01/2011;1;CNE
C03977;01/03/2014;>10;0;0;<24, 48;625.12;851.4;0;25/03/2014;20;10455.8;BT;1/01/2011;1;COEF
C03978;01/03/2014;<=10;0;0;<24, 48;278.83;0;0;4/03/2014;13;18942.2;BT;1/01/2012;1;COEF
C03979;01/03/2014;<=10;0;0;<24, 48;848.72;852;0;17/03/2014;14;18168.7;BT;1/01/2013;1;CNE
C03980;01/03/2014;<=10;0;0;>48;1244.26;2628.15;0;27/03/2014;19;52634.2;BT;1/01/2011;1;CNE
C03981;01/03/2014;<=10;0;0;>48;300.77;0;0;25/03/2014;12;10375.6;BT;1/01/2013;1;COEF
C03982;01/03/2014;<=10;0;0;<24, 48;147.78;0;0;12/03/2014;7;10815.6;BT;1/01/2011;1;CNE
C03983;01/03/2014;<=10;0;0;>48;211.5;0;0;6/03/2014;14;6171.86;BT;1/01/2013;1;COEF
C03984;01/03/2014;<=10;0;0;<24, 48;232.87;392.5;0;11/03/2014;8;6588.8;BT;1/01/2012;1;CNE
C03986;01/03/2014;<=10;0;0;<24, 48;87.23;0;195.88;7/03/2014;9;3457.15;BT;1/01/2013;1;CNE
C03987;01/03/2014;<=10;0;0;>48;293.34;0;0;18/03/2014;8;25118.8;BT;1/01/2014;1;COEF
C03989;01/03/2014;<=10;0;0;>48;1144.35;0;0;4/03/2014;8;34477;BT;1/01/2013;1;CNE
C03990;01/03/2014;<=10;0;0;<24, 48;310.18;235.67;235.67;19/03/2014;11;7920.39;BT;1/01/2012;1;CNE
C03992;01/03/2014;<=10;0;0;<=24;160.31;0;70.53;4/03/2014;9;870.12;BT;1/01/2012;1;CNE
C03993;01/03/2014;<=10;0;0;>48;266.46;266.55;0;24/03/2014;10;1012.29;BT;1/01/2011;1;CNE
C03994;01/03/2014;<=10;0;0;<24, 48;26.75;26.74;26.12;4/03/2014;11;9211.25;BT;1/01/2013;1;CNE
C03995;01/03/2014;<=10;>0;0;>48;420;840;1260;24/03/2014;11;5021.7;BT;1/01/2012;1;CNE
C03996;01/03/2014;<=10;0;0;<24, 48;960.47;962.83;0;18/03/2014;12;19135.9;BT;1/01/2013;1;CNE
C03998;01/03/2014;<=10;0;0;>48;871.81;0;0;4/03/2014;9;27764.8;BT;1/01/2013;1;COEF
C04000;01/03/2014;<=10;0;0;>48;491.34;1476.78;0;4/03/2014;8;29771.9;BT;1/01/2010;1;COEF
C04001;01/03/2014;>10;0;0;<24, 48;486.85;489.75;0;14/03/2014;7;5810.3;BT;1/01/2012;1;CNE
C04002;01/03/2014;<=10;>0;1;<24, 48;498.87;600.84;601.19;28/03/2014;8;13678.5;BT;1/01/2012;1;COEF
C04003;01/03/2014;<=10;0;0;>48;225.51;451.82;0;10/03/2014;16;27623.5;BT;1/01/2013;1;CNE
C04004;01/03/2014;<=10;0;0;>48;450.48;451.05;0;11/03/2014;17;3976.91;BT;1/01/2011;1;COEF
C04010;01/03/2014;<=10;0;0;<24, 48;564.79;751.95;0;27/03/2014;13;3943.76;BT;1/01/2013;0;CNE
C04011;01/03/2014;>10;>0;0;<24, 48;1027.4;1027.4;0;28/03/2014;10;5192.05;BT;1/01/2012;0;CNE
C04012;01/03/2014;<=10;>0;0;<24, 48;181.18;0;0;4/03/2014;14;4538.07;BT;1/01/2012;1;COEF
C04013;01/03/2014;<=10;>0;0;<=24;254.79;161.87;0;28/03/2014;7;1410.69;BT;1/01/2013;1;CNE
C04015;01/03/2014;>10;0;0;<24, 48;197.21;0;207.3;4/03/2014;15;3195.86;BT;1/01/2010;1;CNE
C04016;01/03/2014;>10;0;0;<24, 48;1576.24;1590.29;1587.89;12/03/2014;8;20916.2;BT;1/01/2011;1;CNE
C04017;01/03/2014;<=10;0;0;<24, 48;501.94;0;0;11/03/2014;7;14395.9;BT;1/01/2012;1;COEF
C04018;01/03/2014;<=10;0;0;>48;1072.46;0;0;10/03/2014;11;39334.5;BT;1/01/2013;1;CNE
C04019;01/03/2014;<=10;0;0;>48;65.88;65.88;535.33;28/03/2014;9;9645.81;BT;1/01/2013;1;CNE
C04020;01/03/2014;<=10;0;0;<24, 48;808.08;0;804.84;6/03/2014;18;21026.7;BT;1/01/2012;1;CNE
C04022;01/03/2014;<=10;0;0;<24, 48;593.63;0;0;4/03/2014;11;7198.58;BT;1/01/2010;1;COEF
C04024;01/03/2014;<=10;0;0;<24, 48;873.55;0;0;5/03/2014;10;29655.5;BT;1/01/2013;1;COEF
C04025;01/03/2014;<=10;>0;0;<24, 48;1659.08;2494.76;0;18/03/2014;9;18195.2;BT;1/01/2012;0;CNE
C04026;01/03/2014;<=10;0;0;>48;1100.77;0;0;6/03/2014;11;40051.7;BT;1/01/2013;1;CNE
C04027;01/03/2014;<=10;0;0;<24, 48;250.53;249.06;249.41;19/03/2014;13;1617.95;BT;1/01/2011;1;CNE
C04029;01/03/2014;<=10;0;0;<24, 48;1309.58;0;1313.91;12/03/2014;8;22789;BT;1/01/2011;1;CNE
C04032;01/03/2014;<=10;0;0;>48;567.26;0;0;19/03/2014;11;13219.6;BT;1/01/2013;1;CNE
C04034;01/03/2014;<=10;0;0;>48;41.3;0;0;12/03/2014;9;14558.1;BT;1/01/2011;1;CNE
C04035;01/03/2014;<=10;0;0;<24, 48;228.96;232.49;0;5/03/2014;7;2970.84;BT;1/01/2012;1;CNE
C04038;01/03/2014;<=10;0;0;<24, 48;207.4;208.85;0;17/03/2014;8;16488.1;BT;1/01/2013;1;CNE
C04039;01/03/2014;>10;0;0;>48;179.19;13.67;0;4/03/2014;15;4247.06;BT;1/01/2012;1;CNE
C04040;01/03/2014;>10;0;0;>48;1670.75;0;0;18/03/2014;18;65638.9;BT;1/01/2010;1;COEF
C04041;01/03/2014;<=10;0;0;>48;626.13;1254.06;0;6/03/2014;13;14892;BT;1/01/2013;1;CNE
C04042;01/03/2014;<=10;0;0;>48;1376.56;0;0;18/03/2014;16;27152;BT;1/01/2013;1;CNE
C04043;01/03/2014;<=10;>0;0;<24, 48;1569.97;1569.97;0;25/03/2014;9;33711;BT;1/01/2013;1;CNE
C04044;01/03/2014;>10;>0;0;>48;599.26;298.55;0;25/03/2014;16;6139.56;BT;1/01/2010;1;CNE
C04045;01/03/2014;<=10;0;0;>48;621.27;421.62;0;6/03/2014;13;13145.5;BT;1/01/2012;1;CNE
C04046;01/03/2014;<=10;0;0;<24, 48;1981.07;2021.69;0;14/03/2014;10;20867.5;BT;1/01/2010;1;CNE
C04047;01/03/2014;>10;>0;1;>48;2212.66;0;0;14/03/2014;17;17142;BT;1/01/2010;1;CNE
C04048;01/03/2014;<=10;0;0;>48;342.78;345.47;0;11/03/2014;8;7028.64;BT;1/01/2011;1;COEF
C04049;01/03/2014;<=10;0;0;>48;298.43;296.91;300.38;4/03/2014;19;2947.08;BT;1/01/2013;1;COEF
C04050;01/03/2014;<=10;0;0;>48;192.87;668.31;0;26/03/2014;17;4823.29;BT;1/01/2011;1;CNE
C04051;01/03/2014;<=10;0;0;>48;1453.47;2191.52;0;10/03/2014;11;19981;BT;1/01/2012;0;CNE
C04052;01/03/2014;<=10;0;0;>48;1230.4;1230.88;871.65;7/03/2014;9;46607.9;BT;1/01/2013;1;CNE
C04054;01/03/2014;<=10;0;0;<24, 48;153.08;0;0;26/03/2014;14;5811.61;BT;1/01/2013;1;CNE
C04055;01/03/2014;<=10;0;0;<24, 48;1615.91;0;24.73;6/03/2014;11;48358.1;BT;1/01/2012;1;CNE
C04056;01/03/2014;>10;>0;1;<24, 48;214.98;324.46;0;19/03/2014;20;632.38;BT;1/01/2011;0;COEF
C04057;01/03/2014;>10;0;0;<24, 48;465.79;467.28;520.47;11/03/2014;15;5006.22;BT;1/01/2011;1;CNE
C04058;01/03/2014;<=10;0;0;>48;261.57;0;0;26/03/2014;8;7060.51;BT;1/01/2013;1;COEF
C04059;01/03/2014;<=10;0;0;<24, 48;581.72;512.31;0;10/03/2014;17;4138.42;BT;1/01/2012;0;CNE
C04061;01/03/2014;<=10;0;0;>48;479.95;479.95;0;27/03/2014;19;72890.6;BT;1/01/2013;1;CNE
C04062;01/03/2014;<=10;0;0;<=24;812.03;0;0;17/03/2014;17;810.69;BT;1/01/2014;1;CNE
C04063;01/03/2014;<=10;0;0;>48;39.03;435.64;0;6/03/2014;15;11764;BT;1/01/2013;1;CNE
C04064;01/03/2014;<=10;0;0;<24, 48;576.82;564.1;0;21/03/2014;16;7977.66;BT;1/01/2011;1;CNE
C04066;01/03/2014;<=10;0;0;<24, 48;684.79;1373.69;0;25/03/2014;14;15899;BT;1/01/2013;1;CNE
C04067;01/03/2014;<=10;0;0;<24, 48;1242.92;1242.92;0;11/03/2014;12;21628.8;BT;1/01/2012;0;CNE
C04068;01/03/2014;<=10;>0;0;>48;584.62;0;0;13/03/2014;9;31558;BT;1/01/2012;1;COEF
C04071;01/03/2014;<=10;>0;0;<24, 48;624.75;835.69;0;14/03/2014;18;3709.86;BT;1/01/2012;0;CNE
C04072;01/03/2014;<=10;0;0;<24, 48;548.86;0;0;4/03/2014;12;6914.86;BT;1/01/2012;1;COEF
C04073;01/03/2014;>10;0;0;<24, 48;184.38;423.48;0;13/03/2014;19;854.65;BT;1/01/2011;1;CNE
C04074;01/03/2014;<=10;0;0;<24, 48;285;773.81;0;26/03/2014;17;37824.6;BT;1/01/2012;1;CNE
C04075;01/03/2014;<=10;>0;1;<24, 48;648.36;0;0;18/03/2014;9;22593.5;BT;1/01/2013;1;COEF
C04076;01/03/2014;<=10;0;0;<24, 48;513.5;0;0;20/03/2014;8;9692.65;BT;1/01/2012;1;CNE
C04077;01/03/2014;>10;0;0;<24, 48;190.01;556.67;0;10/03/2014;11;11722.6;BT;1/01/2012;1;CNE
C04078;01/03/2014;<=10;0;0;<24, 48;237.58;191.4;0;24/03/2014;9;18589.3;BT;1/01/2013;1;COEF
C04079;01/03/2014;<=10;0;0;<24, 48;1581.84;2115.8;0;14/03/2014;11;3644;BT;1/01/2010;0;COEF
C04080;01/03/2014;<=10;0;0;>48;35.47;0;0;28/03/2014;8;16660.3;BT;1/01/2014;1;COEF
C04081;01/03/2014;>10;>0;0;>48;454.83;456.06;0;14/03/2014;10;9002.32;BT;1/01/2012;1;COEF
C04082;01/03/2014;>10;0;0;>48;164.06;222.87;0;31/03/2014;7;3506.14;BT;1/01/2010;1;CNE
C04083;01/03/2014;<=10;0;0;>48;246.91;392.19;0;11/03/2014;13;10352.4;BT;1/01/2013;1;CNE
C04085;01/03/2014;>10;0;0;>48;265.34;0;0;13/03/2014;14;4054.23;BT;1/01/2011;1;COEF
C04086;01/03/2014;<=10;0;0;>48;127.37;127.37;0;11/03/2014;10;3310.51;BT;1/01/2013;1;COEF
C04087;01/03/2014;<=10;0;0;>48;1984.66;1911.52;1993.75;10/03/2014;10;70131.2;BT;1/01/2012;1;CNE
C04089;01/03/2014;<=10;0;0;>48;853.55;1708.04;0;12/03/2014;13;11374.4;BT;1/01/2011;0;CNE
C04090;01/03/2014;>10;>0;0;<24, 48;822.75;1168.09;0;26/03/2014;17;2272.43;BT;1/01/2011;0;CNE
C04091;01/03/2014;<=10;0;0;>48;270.72;270.72;514.68;28/03/2014;10;3806.29;BT;1/01/2012;1;CNE
C04092;01/03/2014;<=10;0;0;<=24;482.19;34.81;34.81;7/03/2014;16;7912.58;BT;1/01/2013;1;CNE
C04093;01/03/2014;>10;0;0;>48;50.25;56.72;0;25/03/2014;17;5606.47;BT;1/01/2012;1;CNE
C04095;01/03/2014;<=10;0;0;>48;600.1;600.5;0;20/03/2014;7;9091.42;BT;1/01/2012;1;COEF
C04096;01/03/2014;<=10;0;0;<24, 48;147.24;147.24;0;21/03/2014;10;32425.8;BT;1/01/2013;1;CNE
C04097;01/03/2014;<=10;0;0;<=24;281.73;0;0;18/03/2014;18;3823.74;BT;1/01/2013;1;COEF
C04098;01/03/2014;<=10;0;0;<24, 48;553.93;557.33;0;31/03/2014;12;14685.3;BT;1/01/2012;1;CNE
C04099;01/03/2014;<=10;>0;0;>48;815.8;0;0;13/03/2014;16;24584.3;BT;1/01/2013;0;COEF
C04100;01/03/2014;>10;>0;0;<24, 48;845.32;0.02;0;11/03/2014;9;6675.34;BT;1/01/2011;0;CNE
C04102;01/03/2014;<=10;0;0;>48;1388.16;0;0;5/03/2014;13;73296.6;BT;1/01/2012;1;COEF
C04103;01/03/2014;<=10;0;0;>48;630.72;632.22;625.39;12/03/2014;10;14925.8;BT;1/01/2013;1;CNE
C04104;01/03/2014;<=10;0;0;<24, 48;484.24;0;0;19/03/2014;12;5238.56;BT;1/01/2012;1;CNE
C04107;01/03/2014;<=10;>0;0;<=24;410.84;412.51;412.51;21/03/2014;19;2314.88;BT;1/01/2013;1;CNE
C04108;01/03/2014;>10;0;0;<24, 48;260.54;244.42;0;6/03/2014;11;2319.03;BT;1/01/2011;0;COEF
C04111;01/03/2014;<=10;>0;1;<24, 48;525.38;1095.95;576.45;28/03/2014;13;10948.8;BT;1/01/2013;1;CNE
C04113;01/03/2014;<=10;>0;0;<24, 48;374.68;0;0;5/03/2014;16;3753.93;BT;1/01/2012;1;COEF
C04114;01/03/2014;<=10;0;0;>48;462.01;462.38;462.4;25/03/2014;15;7095.26;BT;1/01/2011;1;CNE
C04115;01/03/2014;<=10;0;0;<=24;36.17;64.48;95.7;4/03/2014;9;5470.8;BT;1/01/2013;1;COEF
C04119;01/03/2014;<=10;>0;1;<24, 48;512.69;512.93;0;31/03/2014;8;13438.5;BT;1/01/2013;1;CNE
C04120;01/03/2014;<=10;0;0;>48;294.1;836.85;937.63;27/03/2014;16;13991.4;BT;1/01/2013;1;CNE
C04121;01/03/2014;<=10;>0;0;>48;528.12;528.33;0;24/03/2014;10;7401.54;BT;1/01/2012;1;CNE
C04122;01/03/2014;<=10;>0;0;<24, 48;579.56;1168.14;579.88;31/03/2014;16;11834;BT;1/01/2013;1;CNE
C04123;01/03/2014;<=10;0;0;<24, 48;488.2;0;486.9;11/03/2014;7;9431.39;BT;1/01/2013;1;COEF
C04124;01/03/2014;<=10;>0;0;<24, 48;88.57;359.05;0;7/03/2014;9;844.12;BT;1/01/2010;0;CNE
C04125;01/03/2014;>10;0;0;<24, 48;3855.08;3768.45;3768.45;26/03/2014;14;36710.7;BT;1/01/2012;0;CNE
C04127;01/03/2014;<=10;0;0;<=24;271.45;272.32;0;17/03/2014;12;1920.52;BT;1/01/2013;1;CNE
C04128;01/03/2014;<=10;>0;1;<24, 48;246.06;0;0;13/03/2014;16;6977.11;BT;1/01/2013;1;COEF
C04130;01/03/2014;<=10;0;1;<=24;1565.82;1565.88;0;12/03/2014;7;28089;BT;1/01/2013;1;CNE
C04131;01/03/2014;<=10;0;0;<24, 48;997.77;0;1000.34;7/03/2014;7;29848.3;BT;1/01/2013;1;COEF
C04132;01/03/2014;<=10;>0;0;<=24;1512.16;1612.79;0;21/03/2014;15;8070.19;BT;1/01/2013;0;CNE
C04133;01/03/2014;>10;0;0;<24, 48;800.19;0;0;28/03/2014;9;11801.8;BT;1/01/2012;1;CNE
C04135;01/03/2014;<=10;0;0;>48;722.23;107.96;0;4/03/2014;10;15441.8;BT;1/01/2012;1;COEF
C04136;01/03/2014;<=10;0;0;>48;3456.23;5243.34;0;27/03/2014;14;59206.5;BT;1/01/2012;0;CNE
C04138;01/03/2014;<=10;>0;0;<24, 48;1120.09;1221.5;1217.07;6/03/2014;18;4151.33;BT;1/01/2011;0;CNE
C04139;01/03/2014;<=10;0;0;<=24;725.48;592.09;761.25;4/03/2014;10;8267.91;BT;1/01/2013;1;COEF
C04140;01/03/2014;<=10;0;0;<24, 48;285.89;823.42;0;31/03/2014;18;10953.6;BT;1/01/2013;1;CNE
C04141;01/03/2014;<=10;0;0;>48;186.37;186.37;211.25;6/03/2014;12;4859.88;BT;1/01/2013;1;CNE
C04142;01/03/2014;<=10;0;0;<24, 48;1218.45;0;0;4/03/2014;8;42337.2;BT;1/01/2013;1;COEF
C04143;01/03/2014;>10;0;0;<24, 48;161.97;0;0;25/03/2014;15;4403.16;BT;1/01/2012;1;CNE
C04144;01/03/2014;<=10;0;0;<=24;410.33;381.24;326.82;17/03/2014;14;7763.12;BT;1/01/2014;1;CNE
C04145;01/03/2014;<=10;>0;0;<24, 48;1578.54;0;0;27/03/2014;17;12611.9;BT;1/01/2012;1;COEF
C04146;01/03/2014;<=10;0;0;>48;258.2;791.05;774.65;5/03/2014;14;61927.2;BT;1/01/2013;1;CNE
C04147;01/03/2014;>10;0;0;>48;600.55;601.35;0;24/03/2014;11;593.72;BT;1/01/2010;0;CNE
C04149;01/03/2014;<=10;0;0;<=24;242.18;451.16;455.5;25/03/2014;16;2591.15;BT;1/01/2014;1;CNE
C04150;01/03/2014;<=10;>0;0;<24, 48;3218.93;4314.49;0;20/03/2014;8;31815.8;BT;1/01/2013;0;CNE
C04151;01/03/2014;>10;0;0;>48;306.96;293.75;1124.19;11/03/2014;11;62225.5;BT;1/01/2011;1;CNE
C04152;01/03/2014;<=10;>0;0;<24, 48;1060.04;1056.79;1416.14;20/03/2014;9;6764.67;BT;1/01/2013;0;CNE
C04153;01/03/2014;>10;0;0;<24, 48;334.5;338.25;336.37;28/03/2014;12;9403.17;BT;1/01/2012;1;CNE
C04154;01/03/2014;<=10;0;0;>48;652.06;0;20.76;10/03/2014;7;23410.5;BT;1/01/2013;1;CNE
C04155;01/03/2014;<=10;>0;0;<24, 48;35.06;40.72;119.1;12/03/2014;16;1107.75;BT;1/01/2011;1;COEF
C04156;01/03/2014;<=10;0;0;<24, 48;655.7;1762.02;1110.59;24/03/2014;9;32796.2;BT;1/01/2013;1;COEF
C04157;01/03/2014;<=10;>0;0;>48;2441.39;2241.39;0;14/03/2014;8;23366.3;BT;1/01/2012;0;CNE
C04159;01/03/2014;<=10;>0;0;>48;700.79;0;0;21/03/2014;10;42627.9;BT;1/01/2012;1;CNE
C04160;01/03/2014;>10;0;0;<24, 48;252.02;506.23;0;13/03/2014;10;10107.1;BT;1/01/2012;1;CNE
C04161;01/03/2014;<=10;>0;0;<24, 48;65.77;331.81;0;31/03/2014;10;4716.93;BT;1/01/2013;1;CNE
C04162;01/03/2014;>10;0;0;<24, 48;271.72;277.18;0;11/03/2014;12;1342.6;BT;1/01/2010;1;CNE
C04164;01/03/2014;>10;0;0;<24, 48;1086.22;1069.03;0;25/03/2014;10;30274.5;BT;1/01/2012;1;CNE
C04166;01/03/2014;>10;0;0;<24, 48;1059.36;0;0;6/03/2014;7;6169.58;BT;1/01/2011;1;CNE
C04167;01/03/2014;<=10;0;0;<24, 48;49.97;295.02;0;20/03/2014;7;4443.2;BT;1/01/2012;1;CNE
C04169;01/03/2014;>10;>0;0;<24, 48;840.41;0;0;25/03/2014;14;19407.1;BT;1/01/2012;1;CNE
C04170;01/03/2014;>10;0;0;>48;586.63;0;0;18/03/2014;7;5982.41;BT;1/01/2011;1;COEF
C04171;01/03/2014;<=10;0;0;<24, 48;226.18;226.89;44.22;5/03/2014;20;3183.35;BT;1/01/2012;1;CNE
C04172;01/03/2014;>10;0;0;<24, 48;334.88;222.55;0;19/03/2014;12;2705.22;BT;1/01/2011;1;CNE
C04173;01/03/2014;>10;0;0;>48;592.83;0;586.6;6/03/2014;10;13267.8;BT;1/01/2011;1;CNE
C04174;01/03/2014;<=10;0;0;<24, 48;513;0;512.42;18/03/2014;8;5617.05;BT;1/01/2012;1;COEF
C04175;01/03/2014;<=10;0;0;<24, 48;372.58;378.06;367.03;21/03/2014;8;8079.08;BT;1/01/2013;1;CNE
C04177;01/03/2014;<=10;>0;0;<=24;846.22;846.22;0;25/03/2014;19;4323.79;BT;1/01/2013;0;COEF
C04179;01/03/2014;<=10;>0;0;<24, 48;1177.42;2019.56;0;10/03/2014;7;19101.9;BT;1/01/2013;0;CNE
C04180;01/03/2014;>10;0;0;<24, 48;685.32;685.32;574.97;12/03/2014;10;11430.6;BT;1/01/2012;1;CNE
C04181;01/03/2014;>10;>0;0;<24, 48;328.06;128.99;0;27/03/2014;7;3517.68;BT;1/01/2010;1;COEF
C04182;01/03/2014;<=10;0;0;<=24;312.52;310.8;313.12;12/03/2014;18;4937.58;BT;1/01/2013;1;CNE
C04183;01/03/2014;<=10;0;0;<24, 48;54.09;0;0;10/03/2014;7;7200.32;BT;1/01/2012;1;CNE
C04184;01/03/2014;<=10;0;0;>48;116.06;109.83;109.83;14/03/2014;13;2788.7;BT;1/01/2013;1;COEF
C04185;01/03/2014;<=10;>0;0;>48;536.62;536.62;0;19/03/2014;9;3628.07;BT;1/01/2013;0;CNE
C04186;01/03/2014;<=10;0;0;<=24;58.17;0;0;6/03/2014;11;1578.89;BT;1/01/2012;1;COEF
C04187;01/03/2014;<=10;0;0;<=24;615.93;626.31;629.99;18/03/2014;15;609.92;BT;1/01/2014;1;CNE
C04188;01/03/2014;<=10;>0;0;<24, 48;743.6;748.73;748.73;31/03/2014;13;11395.4;BT;1/01/2013;1;COEF
C04190;01/03/2014;>10;0;0;>48;1662.65;1673.42;1666.84;10/03/2014;14;57628.4;BT;1/01/2012;1;CNE
C04191;01/03/2014;<=10;0;0;>48;542.19;0;546.41;4/03/2014;11;16776.6;BT;1/01/2013;1;COEF
C04194;01/03/2014;<=10;0;0;<24, 48;232.73;118.32;0;28/03/2014;11;2580.44;BT;1/01/2013;0;CNE
C04197;01/03/2014;<=10;>0;0;<24, 48;517.19;1035.96;0;28/03/2014;16;8320.8;BT;1/01/2011;1;CNE
C04198;01/03/2014;<=10;>0;0;>48;1829.17;1033.13;1740.8;3/03/2014;9;20789.8;BT;1/01/2012;0;CNE
C04199;01/03/2014;<=10;>0;1;>48;774.67;0;0;14/03/2014;9;31963.1;BT;1/01/2013;1;COEF
C04200;01/03/2014;<=10;0;0;<24, 48;451.11;328.89;53.64;4/03/2014;13;7017.12;BT;1/01/2012;1;COEF
C04201;01/03/2014;<=10;>0;0;<24, 48;2030.32;1010.32;0;28/03/2014;9;19295.9;BT;1/01/2013;0;CNE
C04202;01/03/2014;<=10;>0;1;<24, 48;58.73;21.86;0;19/03/2014;8;2705.76;BT;1/01/2011;1;CNE
C04203;01/03/2014;>10;0;0;<24, 48;356.7;358.9;357.03;12/03/2014;14;3023.3;BT;1/01/2010;1;CNE
C04204;01/03/2014;<=10;0;1;<24, 48;122.07;122.07;0;12/03/2014;16;7013.01;BT;1/01/2012;1;COEF
C04206;01/03/2014;>10;0;0;<24, 48;1016.71;1363.2;0;12/03/2014;10;3875.19;BT;1/01/2010;0;CNE
C04207;01/03/2014;<=10;0;0;>48;446.03;0;0;4/03/2014;14;17421.3;BT;1/01/2014;1;COEF
C04208;01/03/2014;<=10;0;0;<24, 48;411.08;412.81;412.35;4/03/2014;13;8630.34;BT;1/01/2013;1;COEF
C04209;01/03/2014;>10;0;0;>48;287.44;282.34;0;27/03/2014;7;6748.97;BT;1/01/2012;1;CNE
C04211;01/03/2014;<=10;0;0;<24, 48;454.28;0;0;6/03/2014;7;6273.13;BT;1/01/2012;1;COEF
C04212;01/03/2014;<=10;0;0;>48;25.22;2329.1;0;12/03/2014;7;2291.87;BT;1/01/2010;1;COEF
C04215;01/03/2014;<=10;0;0;<24, 48;775.05;1168.06;0;26/03/2014;8;7510.02;BT;1/01/2012;0;CNE
C04219;01/03/2014;<=10;>0;0;<24, 48;2715.09;3644.97;0;3/03/2014;12;8701.2;BT;1/01/2011;0;CNE
C04220;01/03/2014;<=10;0;0;>48;1238.86;0;0;5/03/2014;14;25738.5;BT;1/01/2013;1;CNE
C04221;01/03/2014;>10;0;0;>48;1310.73;1308.97;1308.61;31/03/2014;13;36271.4;BT;1/01/2011;1;CNE
C04222;01/03/2014;<=10;0;0;<24, 48;398.25;0;0;5/03/2014;7;5121.06;BT;1/01/2012;1;CNE
C04223;01/03/2014;>10;>0;0;<24, 48;1649.26;965.06;965.06;25/03/2014;20;13775.8;BT;1/01/2012;1;CNE
C04224;01/03/2014;<=10;0;0;<24, 48;896.09;895.25;0;26/03/2014;14;3932.1;BT;1/01/2011;0;CNE
C04225;01/03/2014;>10;0;0;<24, 48;132.45;132.47;132.43;21/03/2014;8;899.76;BT;1/01/2011;1;CNE
C04228;01/03/2014;<=10;0;0;<=24;334.69;334.98;0;14/03/2014;11;1324.05;BT;1/01/2013;1;CNE
C04229;01/03/2014;<=10;0;0;<24, 48;178.32;178.32;540.05;31/03/2014;8;3038.24;BT;1/01/2013;1;CNE
C04231;01/03/2014;<=10;0;0;<24, 48;740.13;0.53;0;10/03/2014;11;16540.3;BT;1/01/2012;1;CNE
C04232;01/03/2014;<=10;>0;0;<24, 48;451.81;449.29;449.29;19/03/2014;20;3900.8;BT;1/01/2012;0;COEF
C04233;01/03/2014;>10;>0;0;<24, 48;2529.86;3385.78;0;26/03/2014;13;10134;BT;1/01/2012;0;CNE
C04235;01/03/2014;<=10;>0;0;<24, 48;467.62;1689.28;2115.69;17/03/2014;8;9593.21;BT;1/01/2011;1;CNE
C04236;01/03/2014;<=10;0;0;>48;998.26;1679.59;2673.73;26/03/2014;7;26084.3;BT;1/01/2012;0;CNE
C04237;01/03/2014;<=10;0;0;<24, 48;536.61;0;0;6/03/2014;11;11754.7;BT;1/01/2013;1;COEF
C04238;01/03/2014;<=10;0;0;<24, 48;729.71;731.24;0;27/03/2014;10;11615.7;BT;1/01/2011;1;CNE
C04239;01/03/2014;>10;0;1;<24, 48;190.73;89.22;288.02;4/03/2014;11;2300.4;BT;1/01/2011;0;CNE
C04240;01/03/2014;<=10;0;0;<=24;411.5;836.95;422.52;11/03/2014;15;3796.01;BT;1/01/2013;1;CNE
C04242;01/03/2014;<=10;0;0;<24, 48;609.47;0;0;4/03/2014;10;21024.1;BT;1/01/2014;1;COEF
C04243;01/03/2014;<=10;0;0;>48;690.17;0;0;4/03/2014;11;63453.4;BT;1/01/2011;1;COEF
C04245;01/03/2014;<=10;0;0;<24, 48;307.6;2.29;0;4/03/2014;12;15775.6;BT;1/01/2012;1;CNE
C04246;01/03/2014;<=10;0;0;<24, 48;177.69;355.85;534.81;25/03/2014;8;846.7;BT;1/01/2011;1;CNE
C04247;01/03/2014;<=10;0;0;>48;500.39;1005.87;0;28/03/2014;16;25427.8;BT;1/01/2013;1;COEF
C04248;01/03/2014;>10;0;0;>48;563.47;849.06;0;19/03/2014;19;6605.96;BT;1/01/2012;0;CNE
C04249;01/03/2014;<=10;0;0;<=24;389.64;0;0;6/03/2014;7;1152.68;BT;1/01/2013;1;CNE
C04251;01/03/2014;<=10;0;0;>48;193.45;0;0;19/03/2014;18;1121.64;BT;1/01/2010;1;CNE
C04252;01/03/2014;<=10;0;0;<24, 48;1822.9;0;0;4/03/2014;8;67451.8;BT;1/01/2013;1;COEF
C04253;01/03/2014;>10;0;0;>48;1029.34;1031.19;0;14/03/2014;9;34851.2;BT;1/01/2012;1;CNE
C04254;01/03/2014;<=10;>0;0;>48;244.43;588.79;0;27/03/2014;10;8312.51;BT;1/01/2013;1;CNE
C04256;01/03/2014;<=10;0;0;>48;333.63;0;0;4/03/2014;9;22832.4;BT;1/01/2013;1;CNE
C04257;01/03/2014;<=10;>0;0;>48;963.09;1470.79;0;11/03/2014;17;6065.96;BT;1/01/2012;1;COEF
C04258;01/03/2014;<=10;0;0;>48;1979.67;1979.67;0;31/03/2014;12;78587.7;BT;1/01/2013;1;CNE
C04259;01/03/2014;<=10;>0;0;<24, 48;414.26;833.86;0;21/03/2014;14;8641.97;BT;1/01/2013;1;CNE
C04260;01/03/2014;<=10;0;0;<24, 48;126.18;0;322.23;13/03/2014;17;3312.29;BT;1/01/2012;1;COEF
C04261;01/03/2014;<=10;0;0;>48;1406.08;2318.88;3242.51;28/03/2014;8;32984.5;BT;1/01/2012;1;CNE
C04263;01/03/2014;>10;0;0;<24, 48;199.95;200.16;0;5/03/2014;19;2881.97;BT;1/01/2012;1;COEF
C04264;01/03/2014;<=10;0;0;>48;542.79;542.93;543.88;13/03/2014;7;15284;BT;1/01/2013;1;CNE
C04265;01/03/2014;<=10;0;0;<24, 48;625.57;0;625.09;13/03/2014;8;18267.5;BT;1/01/2013;1;CNE
C04266;01/03/2014;>10;0;0;<24, 48;1052.74;1053.39;0;14/03/2014;9;20500.3;BT;1/01/2011;1;COEF
C04268;01/03/2014;<=10;0;0;<24, 48;2056.23;1036;481.78;10/03/2014;12;19456.6;BT;1/01/2011;0;CNE
C04271;01/03/2014;>10;0;0;<24, 48;445.07;0;0;27/03/2014;15;9422.84;BT;1/01/2012;1;CNE
C04272;01/03/2014;<=10;0;0;>48;1129.57;0;0;17/03/2014;15;42622.7;BT;1/01/2013;1;COEF
C04274;01/03/2014;<=10;>0;1;>48;470.58;472.35;0;18/03/2014;14;14673.1;BT;1/01/2013;0;CNE
C04275;01/03/2014;<=10;0;0;<24, 48;210.14;0;0;13/03/2014;8;29590.2;BT;1/01/2013;1;CNE
C04276;01/03/2014;<=10;0;0;<24, 48;138.48;0;0;4/03/2014;15;31498.5;BT;1/01/2013;1;CNE
C04277;01/03/2014;<=10;>0;0;<24, 48;1206.4;2815.62;0;13/03/2014;7;40189.7;BT;1/01/2013;1;CNE
C04279;01/03/2014;<=10;0;0;<24, 48;403.42;0;0;4/03/2014;17;15161.5;BT;1/01/2012;1;COEF
C04280;01/03/2014;>10;0;0;<24, 48;103.95;104.06;0;4/03/2014;10;1082.83;BT;1/01/2012;1;CNE
C04281;01/03/2014;<=10;>0;0;<24, 48;503.22;0;1010.65;21/03/2014;7;12035.9;BT;1/01/2012;1;CNE
C04282;01/03/2014;<=10;0;0;<24, 48;584.72;0;0;6/03/2014;11;18094.9;BT;1/01/2013;1;COEF
C04283;01/03/2014;>10;0;0;<24, 48;401.55;0;0;12/03/2014;7;10930.3;BT;1/01/2012;1;COEF
C04285;01/03/2014;<=10;>0;0;<24, 48;1822.67;1822.67;0;24/03/2014;19;22139.7;BT;1/01/2012;0;CNE
C04286;01/03/2014;>10;0;0;>48;729.22;750.81;0;7/03/2014;11;9542.53;BT;1/01/2011;1;CNE
C04288;01/03/2014;<=10;0;0;<24, 48;372.28;0;295.54;12/03/2014;8;9710.94;BT;1/01/2013;1;COEF
C04289;01/03/2014;<=10;0;0;<24, 48;303.21;301.67;312.57;20/03/2014;11;1781.62;BT;1/01/2010;1;CNE
C04290;01/03/2014;>10;0;0;>48;104;113.7;0;27/03/2014;17;1494.8;BT;1/01/2012;1;CNE
C04291;01/03/2014;<=10;>0;0;>48;844.24;0;0;5/03/2014;15;840.23;BT;1/01/2013;0;CNE
C04292;01/03/2014;<=10;0;0;<=24;308.09;0;0;20/03/2014;10;4886.2;BT;1/01/2014;1;CNE
C04293;01/03/2014;<=10;0;0;<24, 48;79.06;0;0;4/03/2014;15;1631.75;BT;1/01/2013;1;CNE
C04294;01/03/2014;<=10;0;0;>48;577.3;580.35;0;13/03/2014;8;5018.61;BT;1/01/2010;1;CNE
C04295;01/03/2014;>10;0;0;>48;608.17;517.57;0;7/03/2014;10;15370.4;BT;1/01/2012;1;CNE
C04296;01/03/2014;<=10;0;0;<=24;1416.98;0;0;17/03/2014;9;3270.13;BT;1/01/2013;0;CNE
C04297;01/03/2014;<=10;>0;0;>48;549.69;612.34;2169.4;11/03/2014;9;35562.8;BT;1/01/2012;1;CNE
C04299;01/03/2014;>10;0;0;<24, 48;1204.26;1206.75;0;26/03/2014;15;24209.5;BT;1/01/2012;1;CNE
C04301;01/03/2014;>10;0;0;<24, 48;661.24;661.24;0;28/03/2014;8;9971.65;BT;1/01/2012;1;CNE
C04302;01/03/2014;>10;0;0;<24, 48;144.72;141.59;0;13/03/2014;15;1109.44;BT;1/01/2010;1;CNE
C04303;01/03/2014;<=10;>0;1;<24, 48;325.45;0;325.06;14/03/2014;7;4606.75;BT;1/01/2012;1;COEF
C04304;01/03/2014;<=10;0;0;>48;807.41;808.62;811.56;7/03/2014;9;17755.4;BT;1/01/2013;1;CNE
C04305;01/03/2014;<=10;>0;0;<24, 48;1049.49;0;0;5/03/2014;17;1915.17;BT;1/01/2011;0;CNE
C04306;01/03/2014;>10;0;0;>48;303.77;608.08;0;31/03/2014;12;5844.81;BT;1/01/2012;1;CNE
C04308;01/03/2014;<=10;0;0;<24, 48;156.4;452.18;0;4/03/2014;14;5979.55;BT;1/01/2013;1;CNE
C04309;01/03/2014;<=10;>0;1;>48;1284.37;0;0;14/03/2014;7;51239.1;BT;1/01/2011;1;COEF
C04310;01/03/2014;<=10;0;0;>48;1003.42;7.28;0;4/03/2014;8;31139.7;BT;1/01/2013;1;COEF
C04311;01/03/2014;>10;0;0;<24, 48;827.01;0;0;24/03/2014;7;7043.74;BT;1/01/2010;1;COEF
C04312;01/03/2014;<=10;0;0;>48;2087.16;0;0;4/03/2014;8;58411.4;BT;1/01/2011;1;COEF
C04313;01/03/2014;>10;0;0;>48;2012.78;2021.22;0;5/03/2014;14;47867.9;BT;1/01/2012;1;CNE
C04314;01/03/2014;<=10;0;0;>48;99.3;614.53;616.86;18/03/2014;10;13862.3;BT;1/01/2012;1;CNE
C04315;01/03/2014;>10;0;0;>48;3644.67;4918.3;0;4/03/2014;16;33854.8;BT;1/01/2012;0;CNE
C04316;01/03/2014;<=10;0;0;<=24;218.94;172.9;0;19/03/2014;18;1700.87;BT;1/01/2013;1;CNE
C04317;01/03/2014;>10;0;0;<24, 48;372.87;186.95;186.95;7/03/2014;15;3716.34;BT;1/01/2012;1;CNE
C04318;01/03/2014;>10;>0;0;<24, 48;867.31;1158.28;0;5/03/2014;13;1983.22;BT;1/01/2011;0;CNE
C04319;01/03/2014;>10;>0;0;<24, 48;121.25;119.28;241.63;27/03/2014;8;603.71;BT;1/01/2012;1;CNE
C04320;01/03/2014;<=10;0;0;<24, 48;1462.31;1465.22;1461.99;6/03/2014;16;28175;BT;1/01/2013;1;CNE
C04321;01/03/2014;<=10;0;0;>48;1066.89;1066.89;0;28/03/2014;17;39361.4;BT;1/01/2012;1;CNE
C04323;01/03/2014;>10;0;0;<24, 48;256.95;257.11;0;13/03/2014;14;3442.14;BT;1/01/2012;1;CNE
C04324;01/03/2014;<=10;0;0;<24, 48;73.15;232.62;0;27/03/2014;18;3995.07;BT;1/01/2013;1;CNE
C04325;01/03/2014;<=10;>0;0;>48;509.93;256.48;0;14/03/2014;13;2029.75;BT;1/01/2010;0;CNE
C04326;01/03/2014;<=10;>0;0;>48;1627.98;1627.98;0;11/03/2014;7;18678.1;BT;1/01/2012;0;CNE
C04327;01/03/2014;>10;0;0;<24, 48;80.26;0;0;19/03/2014;17;2027;BT;1/01/2011;1;CNE
C04328;01/03/2014;<=10;0;0;>48;492.07;738.04;0;26/03/2014;11;8775.93;BT;1/01/2011;1;CNE
C04329;01/03/2014;>10;0;0;>48;943.25;943.32;0;11/03/2014;11;16066.1;BT;1/01/2011;1;CNE
C04331;01/03/2014;<=10;>0;0;<24, 48;2173.2;3145.4;0;10/03/2014;16;29051.5;BT;1/01/2013;0;CNE
C04332;01/03/2014;<=10;>0;0;>48;2346.76;4034.42;0;31/03/2014;19;69295.8;BT;1/01/2013;0;CNE
C04333;01/03/2014;<=10;0;0;<24, 48;430.47;0;0;13/03/2014;11;30748.8;BT;1/01/2013;1;CNE
C04335;01/03/2014;>10;0;0;<24, 48;183.9;188.76;188.68;21/03/2014;12;2117.96;BT;1/01/2011;1;CNE
C04336;01/03/2014;<=10;0;0;>48;324.8;0;0;11/03/2014;19;8171.64;BT;1/01/2013;0;CNE
C04338;01/03/2014;<=10;0;0;<24, 48;348.52;699.18;0;27/03/2014;14;8957.84;BT;1/01/2013;1;CNE
C04340;01/03/2014;>10;0;0;<24, 48;304.49;0;0;25/03/2014;10;6567.16;BT;1/01/2011;1;CNE
C04341;01/03/2014;<=10;0;0;>48;2089.08;2946.8;0;26/03/2014;11;22786.3;BT;1/01/2012;0;CNE
C04342;01/03/2014;<=10;>0;0;<24, 48;2571.86;1650.93;0;17/03/2014;13;21317.8;BT;1/01/2012;0;COEF
C04345;01/03/2014;>10;0;0;<24, 48;298.47;298.94;0;5/03/2014;19;3898.6;BT;1/01/2012;1;CNE
C04346;01/03/2014;<=10;>0;0;<24, 48;450.56;676.49;226.4;21/03/2014;13;1805.89;BT;1/01/2011;0;CNE
C04347;01/03/2014;<=10;0;0;<24, 48;25.34;141.87;0;4/03/2014;11;14558.3;BT;1/01/2013;1;CNE
C04349;01/03/2014;<=10;0;0;<24, 48;473.5;0;473.57;26/03/2014;16;6669.06;BT;1/01/2011;1;COEF
C04351;01/03/2014;>10;0;0;>48;1139.7;906.65;1372.69;5/03/2014;11;28884.2;BT;1/01/2011;1;COEF
C04352;01/03/2014;>10;>0;1;<=24;357.99;716.84;0;12/03/2014;15;2328.61;BT;1/01/2012;1;CNE
C04353;01/03/2014;<=10;0;0;>48;401.68;401.68;0;21/03/2014;13;9695.09;BT;1/01/2012;1;CNE
C04355;01/03/2014;<=10;0;0;>48;1930.28;3930.82;0;28/03/2014;8;69562.1;BT;1/01/2013;1;CNE
C04356;01/03/2014;<=10;0;0;<24, 48;625.74;609.69;0;12/03/2014;9;12933.3;BT;1/01/2013;1;CNE
C04358;01/03/2014;<=10;0;0;>48;599.21;1200.32;0;14/03/2014;8;14728.5;BT;1/01/2013;1;CNE
C04359;01/03/2014;<=10;0;0;<24, 48;335.99;358.13;0;19/03/2014;11;8183.97;BT;1/01/2013;1;CNE
C04361;01/03/2014;<=10;0;0;<24, 48;371.68;371.68;0;20/03/2014;7;7913.15;BT;1/01/2013;1;COEF
C04362;01/03/2014;<=10;0;0;<24, 48;591.77;591.75;0;12/03/2014;14;14450.7;BT;1/01/2012;1;CNE
C04363;01/03/2014;<=10;0;0;<24, 48;319.82;319.82;0;25/03/2014;13;8482.18;BT;1/01/2012;1;CNE
C04364;01/03/2014;<=10;>0;0;>48;490.57;490.57;0;21/03/2014;11;73208.3;BT;1/01/2013;1;CNE
C04365;01/03/2014;<=10;0;0;<24, 48;272.87;275.54;275.11;28/03/2014;7;5245.88;BT;1/01/2013;1;CNE
C04366;01/03/2014;<=10;0;0;<24, 48;484.81;0;483.63;12/03/2014;14;10857.7;BT;1/01/2013;1;CNE
C04367;01/03/2014;>10;0;0;<24, 48;194.76;194.76;0;27/03/2014;11;2310.52;BT;1/01/2012;1;CNE
C04370;01/03/2014;<=10;0;0;>48;850.03;1136.76;0;6/03/2014;11;6867.43;BT;1/01/2012;0;CNE
C04371;01/03/2014;>10;>0;0;<24, 48;1834.87;1834.87;0;6/03/2014;7;2744.29;BT;1/01/2011;0;CNE
C04372;01/03/2014;<=10;0;0;<24, 48;420.48;0;420.18;6/03/2014;7;7959.98;BT;1/01/2013;1;COEF
C04373;01/03/2014;<=10;>0;0;<24, 48;666.9;893.51;0;4/03/2014;11;3346.83;BT;1/01/2012;0;CNE
C04374;01/03/2014;<=10;0;0;>48;879.02;0;0;6/03/2014;20;27537.6;BT;1/01/2011;1;COEF
C04375;01/03/2014;<=10;0;0;<24, 48;1485.86;2238.23;0;17/03/2014;15;18704.7;BT;1/01/2013;0;CNE
C04376;01/03/2014;<=10;0;0;<=24;78.07;0;0;13/03/2014;7;4813.13;BT;1/01/2013;1;COEF
C04377;01/03/2014;>10;0;0;<24, 48;189.85;370.41;205.92;11/03/2014;8;3530.56;BT;1/01/2011;1;CNE
C04378;01/03/2014;<=10;0;0;>48;542.33;0;0;12/03/2014;11;16786.8;BT;1/01/2013;1;CNE
C04379;01/03/2014;<=10;0;0;>48;23.1;0;41.68;19/03/2014;13;19141.5;BT;1/01/2013;1;CNE
C04380;01/03/2014;<=10;0;0;<24, 48;436.56;0;0;4/03/2014;18;13323.5;BT;1/01/2013;1;COEF
C04382;01/03/2014;>10;>0;0;<24, 48;268.61;338.6;417.5;7/03/2014;9;1760.17;BT;1/01/2011;1;COEF
C04383;01/03/2014;>10;0;0;<=24;280.8;286.3;0;26/03/2014;8;2104.52;BT;1/01/2012;1;CNE
C04386;01/03/2014;<=10;>0;0;<24, 48;89.1;328.51;570.25;28/03/2014;15;2265.4;BT;1/01/2012;1;CNE
C04387;01/03/2014;<=10;0;0;>48;363.8;0;0;13/03/2014;19;6060.46;BT;1/01/2011;1;CNE
C04388;01/03/2014;<=10;>0;0;<24, 48;1652.01;1865.16;2005.5;13/03/2014;13;22462.5;BT;1/01/2013;0;COEF
C04389;01/03/2014;>10;0;0;>48;491.92;0;0;13/03/2014;20;11216.1;BT;1/01/2012;1;COEF
C04390;01/03/2014;<=10;0;0;>48;1279.94;0;0;18/03/2014;7;75253.7;BT;1/01/2013;1;COEF
C04391;01/03/2014;<=10;0;0;>48;222.23;222.72;220.04;21/03/2014;12;5324.4;BT;1/01/2013;1;CNE
C04392;01/03/2014;<=10;0;0;<24, 48;188.88;0;0;10/03/2014;15;5709.12;BT;1/01/2013;1;CNE
C04393;01/03/2014;>10;0;0;<24, 48;316.45;316.95;0;25/03/2014;10;1654.88;BT;1/01/2011;1;CNE
C04394;01/03/2014;<=10;0;0;<=24;43.67;0;0;18/03/2014;9;2478.6;BT;1/01/2013;1;CNE
C04397;01/03/2014;<=10;0;0;>48;282.7;282.84;283.48;10/03/2014;16;3977.72;BT;1/01/2012;1;CNE
C04399;01/03/2014;<=10;0;0;>48;850.83;0;0;12/03/2014;9;22082.2;BT;1/01/2011;1;COEF
C04400;01/03/2014;<=10;>0;0;<=24;549.69;262.05;9.27;20/03/2014;10;14123.5;BT;1/01/2013;1;CNE
C04401;01/03/2014;<=10;0;0;>48;144.13;144.37;0;7/03/2014;13;2842.49;BT;1/01/2013;1;COEF
C04402;01/03/2014;<=10;0;0;>48;1058.85;1058.85;0;25/03/2014;8;31108.9;BT;1/01/2013;1;CNE
C04403;01/03/2014;>10;0;0;<=24;59.6;217.65;576.22;5/03/2014;7;1702.91;BT;1/01/2012;1;CNE
C04404;01/03/2014;>10;>0;1;<24, 48;912.51;512.51;0;10/03/2014;18;2749.39;BT;1/01/2011;0;CNE
C04405;01/03/2014;<=10;>0;0;<24, 48;158.7;224.19;438.37;27/03/2014;18;3980.48;BT;1/01/2013;1;CNE
C04406;01/03/2014;<=10;0;0;<24, 48;147.55;0;0;4/03/2014;8;15841.3;BT;1/01/2013;1;CNE
C04407;01/03/2014;>10;>0;1;<24, 48;1273.99;1703.96;0;11/03/2014;7;3706.01;BT;1/01/2010;0;CNE
C04408;01/03/2014;<=10;0;0;<24, 48;513.1;0;555.59;26/03/2014;10;33517.9;BT;1/01/2012;1;COEF
C04409;01/03/2014;<=10;>0;0;<24, 48;363.6;363.6;0;31/03/2014;16;8727.22;BT;1/01/2013;1;CNE
C04410;01/03/2014;<=10;0;0;>48;992.19;0;0;28/03/2014;8;31939.8;BT;1/01/2013;1;CNE
C04411;01/03/2014;<=10;0;0;<=24;95.69;0;0;7/03/2014;10;2014.29;BT;1/01/2012;1;CNE
C04414;01/03/2014;<=10;0;0;<24, 48;559.93;593.56;0;28/03/2014;17;15096.1;BT;1/01/2012;1;CNE
C04417;01/03/2014;<=10;0;0;<24, 48;731.77;1106.44;0;11/03/2014;15;6824.58;BT;1/01/2013;1;CNE
C04418;01/03/2014;<=10;0;0;>48;1273.48;651.72;647.13;7/03/2014;16;15821.6;BT;1/01/2012;1;CNE
C04419;01/03/2014;>10;0;0;<24, 48;1536.51;2544.98;0;6/03/2014;17;45445.6;BT;1/01/2012;1;CNE
C04420;01/03/2014;<=10;>0;0;<24, 48;293.52;441.37;590.06;13/03/2014;19;3089.75;BT;1/01/2013;0;CNE
C04422;01/03/2014;<=10;0;0;<24, 48;413.87;830.12;1250.94;17/03/2014;14;6437.51;BT;1/01/2012;1;CNE
C04423;01/03/2014;>10;0;0;<24, 48;277.26;277.38;277.75;10/03/2014;9;1116.02;BT;1/01/2011;1;CNE
C04424;01/03/2014;<=10;0;0;<24, 48;568.29;545.04;0;5/03/2014;10;16081;BT;1/01/2013;1;COEF
C04426;01/03/2014;>10;0;0;>48;1103.49;1660.56;0;12/03/2014;11;12557.6;BT;1/01/2012;0;CNE
C04428;01/03/2014;<=10;0;0;<24, 48;597.69;0;0;6/03/2014;8;1455.62;BT;1/01/2013;1;COEF
C04429;01/03/2014;<=10;0;0;>48;1912.59;2875.39;0;3/03/2014;10;29828.2;BT;1/01/2013;1;CNE
C04430;01/03/2014;<=10;>0;0;<24, 48;698.03;669.13;0;17/03/2014;7;18246.7;BT;1/01/2013;1;CNE
C04431;01/03/2014;>10;>0;1;<24, 48;3386.48;0;0;21/03/2014;8;24879.3;BT;1/01/2011;0;CNE
C04432;01/03/2014;<=10;0;0;<24, 48;732.48;731.84;1483.76;12/03/2014;9;14060;BT;1/01/2013;1;COEF
C04436;01/03/2014;>10;0;0;>48;584.98;591.08;0;25/03/2014;15;2982.15;BT;1/01/2010;1;CNE
C04437;01/03/2014;>10;0;0;<24, 48;275.01;550.12;0;12/03/2014;7;995.87;BT;1/01/2011;1;CNE
C04439;01/03/2014;<=10;0;0;<24, 48;295.79;0;0;19/03/2014;19;8605.82;BT;1/01/2013;1;COEF
C04440;01/03/2014;>10;>0;0;>48;926.7;1676.92;0;20/03/2014;10;17584.9;BT;1/01/2012;0;COEF
C04444;01/03/2014;<=10;0;0;<24, 48;250.67;502.21;252.1;21/03/2014;7;4689.24;BT;1/01/2013;1;CNE
C04446;01/03/2014;>10;0;0;>48;108.81;106.75;0;10/03/2014;9;1494.83;BT;1/01/2011;1;CNE
C04447;01/03/2014;<=10;0;0;<24, 48;760.68;798.64;798.78;18/03/2014;12;22532.5;BT;1/01/2013;1;CNE
C04448;01/03/2014;<=10;0;0;<24, 48;180.92;0;368.58;6/03/2014;11;8796.02;BT;1/01/2012;1;CNE
C04449;01/03/2014;>10;0;0;>48;537.65;539.08;0;17/03/2014;16;6928.01;BT;1/01/2011;1;CNE
C04450;01/03/2014;<=10;>0;0;<24, 48;83.68;167.42;0;31/03/2014;10;1054.4;BT;1/01/2012;1;CNE
C04451;01/03/2014;>10;0;0;<24, 48;40.1;45.14;171.75;21/03/2014;8;2058.38;BT;1/01/2013;1;CNE
C04452;01/03/2014;<=10;>0;0;<24, 48;764.57;1023.04;0;27/03/2014;12;4518.66;BT;1/01/2012;0;CNE
C04453;01/03/2014;<=10;0;0;>48;527.23;705.06;0;31/03/2014;18;4503.98;BT;1/01/2012;0;CNE
C04454;01/03/2014;<=10;>0;0;<24, 48;281.18;0;0;18/03/2014;8;1068.34;BT;1/01/2011;1;CNE
C04456;01/03/2014;>10;0;0;<24, 48;305.12;0;0;21/03/2014;9;2003.66;BT;1/01/2011;0;CNE
C04457;01/03/2014;>10;0;0;<24, 48;81.49;0;0;6/03/2014;7;10541.6;BT;1/01/2013;1;COEF
C04459;01/03/2014;>10;>0;0;<24, 48;161.32;605.15;0;21/03/2014;7;5825.57;BT;1/01/2011;1;COEF
C04460;01/03/2014;<=10;>0;0;<24, 48;344.5;691.09;342.64;28/03/2014;17;5444.67;BT;1/01/2011;1;COEF
C04463;01/03/2014;<=10;0;0;<24, 48;351.08;356.27;0;12/03/2014;18;9133.78;BT;1/01/2013;1;CNE
C04464;01/03/2014;<=10;>0;0;>48;2663.74;2664.45;0;17/03/2014;7;75805.7;BT;1/01/2013;1;CNE
C04465;01/03/2014;<=10;0;0;<24, 48;365.15;735.03;0;24/03/2014;17;6723.01;BT;1/01/2013;1;CNE
C04466;01/03/2014;<=10;0;0;>48;1914.74;1599.98;0;18/03/2014;19;65399.6;BT;1/01/2013;1;CNE
C04467;01/03/2014;<=10;0;0;<24, 48;243.9;154.56;0;6/03/2014;10;9354.18;BT;1/01/2013;1;CNE
C04468;01/03/2014;<=10;0;0;>48;2389.82;0;0;24/03/2014;14;79984;BT;1/01/2013;1;COEF
C04469;01/03/2014;<=10;0;0;<=24;596.8;0;0;6/03/2014;20;596.8;BT;1/01/2013;0;CNE
C04470;01/03/2014;<=10;0;0;<24, 48;464.3;949.67;0;28/03/2014;9;11678.8;BT;1/01/2013;1;CNE
C04471;01/03/2014;>10;0;0;<24, 48;412.84;414.17;0;28/03/2014;17;10773.1;BT;1/01/2012;1;CNE
C04472;01/03/2014;<=10;0;0;<24, 48;224.87;0;0;4/03/2014;15;23196.1;BT;1/01/2013;1;CNE
C04473;01/03/2014;<=10;0;0;<24, 48;897.66;1800.96;14.96;27/03/2014;7;24058.2;BT;1/01/2013;1;COEF
C04474;01/03/2014;<=10;>0;0;<24, 48;1123.16;914.12;1335.95;3/03/2014;10;7283.62;BT;1/01/2012;0;CNE
C04475;01/03/2014;<=10;0;0;<24, 48;2381.5;2381.5;0;14/03/2014;8;56054.6;BT;1/01/2012;1;CNE
C04476;01/03/2014;<=10;0;0;<24, 48;287.34;0;0;7/03/2014;15;7707.76;BT;1/01/2012;1;CNE
C04477;01/03/2014;>10;0;0;<24, 48;518.27;519.64;0;12/03/2014;13;4485.5;BT;1/01/2011;1;CNE
C04478;01/03/2014;<=10;0;0;<24, 48;76.83;115.6;0;7/03/2014;10;3479.68;BT;1/01/2012;1;CNE
C04479;01/03/2014;<=10;0;0;<24, 48;353.74;0;0;5/03/2014;7;35309.5;BT;1/01/2012;1;CNE
C04480;01/03/2014;<=10;>0;1;>48;1577.24;1577.24;0;27/03/2014;7;24049.2;BT;1/01/2013;1;CNE
C04482;01/03/2014;<=10;0;0;>48;884.11;1158.27;0;27/03/2014;13;23936.3;BT;1/01/2012;1;COEF
C04484;01/03/2014;<=10;0;0;<24, 48;202.51;203.04;408.11;7/03/2014;10;2075.28;BT;1/01/2011;1;CNE
C04485;01/03/2014;<=10;0;0;>48;97.38;0;0;6/03/2014;13;1395.39;BT;1/01/2013;1;CNE
C04486;01/03/2014;<=10;0;0;<24, 48;129.92;129.98;0;31/03/2014;9;2560.35;BT;1/01/2013;1;CNE
C04488;01/03/2014;<=10;0;0;<24, 48;443.56;875.9;0;24/03/2014;16;10432.6;BT;1/01/2013;0;CNE
C04490;01/03/2014;<=10;>0;0;<24, 48;773.64;1.65;0;11/03/2014;20;24366.8;BT;1/01/2013;1;CNE
C04492;01/03/2014;<=10;0;0;<24, 48;25.06;0;0;4/03/2014;9;4952.82;BT;1/01/2013;1;CNE
C04493;01/03/2014;>10;0;0;>48;622.41;298.47;607.12;6/03/2014;9;6076.7;BT;1/01/2011;0;CNE
C04494;01/03/2014;<=10;>0;0;<24, 48;1395.63;1395.63;0;12/03/2014;10;18791.3;BT;1/01/2013;1;CNE
C04498;01/03/2014;>10;0;0;>48;346.29;129.03;0;6/03/2014;11;7603.85;BT;1/01/2011;1;COEF
C04499;01/03/2014;<=10;0;0;<24, 48;760.43;0;760.64;7/03/2014;11;7132.39;BT;1/01/2011;1;COEF
C04500;01/03/2014;<=10;>0;0;<24, 48;1480.38;2233.55;0;6/03/2014;9;23830.1;BT;1/01/2013;0;CNE
C04501;01/03/2014;<=10;0;0;<=24;1897.14;2619.93;0;10/03/2014;18;12836.3;BT;1/01/2013;0;CNE
C04502;01/03/2014;<=10;>0;0;>48;1539.01;2320.01;0;5/03/2014;17;22118.5;BT;1/01/2012;0;CNE
C04503;01/03/2014;<=10;0;0;<24, 48;268.3;0;0;6/03/2014;10;7052.26;BT;1/01/2012;1;COEF
C04504;01/03/2014;>10;0;0;>48;743.98;0;0;25/03/2014;12;8405.03;BT;1/01/2012;1;COEF
C04505;01/03/2014;<=10;0;0;<24, 48;96.15;589.14;0;6/03/2014;13;20360.2;BT;1/01/2013;1;COEF
C04506;01/03/2014;>10;0;0;<24, 48;1233.71;1235.24;1235.24;11/03/2014;10;28007.8;BT;1/01/2012;1;COEF
C04507;01/03/2014;<=10;>0;0;<24, 48;961.81;0;0;25/03/2014;10;5966.64;BT;1/01/2012;0;COEF
C04508;01/03/2014;>10;0;0;>48;499;498.66;500.84;3/03/2014;12;3578.17;BT;1/01/2010;1;CNE
C04509;01/03/2014;<=10;0;0;<24, 48;232.75;235.11;0;11/03/2014;8;3835.56;BT;1/01/2013;1;COEF
C04510;01/03/2014;>10;0;0;<24, 48;705.44;1091.4;0;3/03/2014;13;1061.26;BT;1/01/2011;0;CNE
C04511;01/03/2014;<=10;>0;0;>48;1785.62;1772.25;768.78;18/03/2014;11;59955.7;BT;1/01/2012;1;COEF
C04512;01/03/2014;>10;0;0;<24, 48;1635.38;0;0;17/03/2014;9;34508.4;BT;1/01/2012;1;CNE
C04513;01/03/2014;<=10;>0;1;<24, 48;1540.15;1540.15;0;11/03/2014;7;14653.4;BT;1/01/2013;0;CNE
C04514;01/03/2014;>10;0;0;<24, 48;709.29;709.29;0;19/03/2014;12;4324.86;BT;1/01/2012;0;CNE
C04515;01/03/2014;<=10;0;0;>48;1176.8;1771.29;0;11/03/2014;14;6536.52;BT;1/01/2010;1;CNE
C04516;01/03/2014;<=10;0;0;<24, 48;1566.42;2354.63;1535.19;21/03/2014;11;14667.6;BT;1/01/2011;0;CNE
C04518;01/03/2014;<=10;0;0;<24, 48;401.47;202.66;302.38;28/03/2014;19;1192.71;BT;1/01/2011;0;CNE
C04519;01/03/2014;>10;0;0;<24, 48;32.42;26.86;75.19;5/03/2014;10;4395.65;BT;1/01/2012;1;CNE
C04520;01/03/2014;<=10;>0;0;<24, 48;114.93;476.95;0;27/03/2014;9;8983.36;BT;1/01/2013;1;COEF
C04521;01/03/2014;>10;0;0;<24, 48;869.08;868.49;0;4/03/2014;9;12859.9;BT;1/01/2012;1;CNE
C04522;01/03/2014;<=10;0;0;>48;521.96;524.46;524.52;20/03/2014;10;15206.3;BT;1/01/2013;1;CNE
C04523;01/03/2014;<=10;0;0;<24, 48;256.7;257.65;0;10/03/2014;14;6183.82;BT;1/01/2013;1;CNE
C04525;01/03/2014;<=10;0;0;<24, 48;191.58;0;0;6/03/2014;12;2070.1;BT;1/01/2012;1;COEF
C04526;01/03/2014;<=10;0;0;<24, 48;586.06;588.01;588.01;26/03/2014;7;7968.49;BT;1/01/2012;1;CNE
C04527;01/03/2014;<=10;0;0;<24, 48;563.21;566.39;0;24/03/2014;12;7961.02;BT;1/01/2012;1;CNE
C04528;01/03/2014;<=10;0;0;<24, 48;614.96;1233.74;0;19/03/2014;14;2943.9;BT;1/01/2010;1;CNE
C04529;01/03/2014;<=10;0;0;<=24;222.58;0;0;19/03/2014;15;1991.59;BT;1/01/2013;1;COEF
C04531;01/03/2014;<=10;>0;1;<24, 48;640.57;1304.93;0;12/03/2014;9;14068.4;BT;1/01/2012;1;COEF
C04532;01/03/2014;<=10;0;0;<24, 48;310.18;467.19;0;12/03/2014;12;1003.85;BT;1/01/2011;0;CNE
C04534;01/03/2014;<=10;0;0;<24, 48;203.35;408.46;0;26/03/2014;13;4696.53;BT;1/01/2013;1;CNE
C04535;01/03/2014;<=10;0;0;<=24;355.15;691.71;334.52;31/03/2014;16;1312.33;BT;1/01/2012;0;CNE
C04536;01/03/2014;<=10;0;0;<24, 48;888.09;888.84;0;4/03/2014;9;13619.6;BT;1/01/2012;1;CNE
C04537;01/03/2014;>10;>0;0;<24, 48;334.1;683.5;1035.11;31/03/2014;19;6556.38;BT;1/01/2012;1;CNE
C04539;01/03/2014;<=10;0;0;<24, 48;414.12;829.71;0;26/03/2014;9;8761.41;BT;1/01/2013;1;CNE
C04540;01/03/2014;<=10;0;0;>48;245.86;0.09;245.88;3/03/2014;18;5410.92;BT;1/01/2011;1;CNE
C04541;01/03/2014;<=10;0;0;<24, 48;35.81;35.81;197.9;21/03/2014;18;2081.74;BT;1/01/2012;1;CNE
C04543;01/03/2014;<=10;>0;1;>48;342.03;838.11;0;14/03/2014;11;20596;BT;1/01/2012;1;CNE
C04544;01/03/2014;<=10;0;0;>48;785.69;773.79;763.44;12/03/2014;10;14122.1;BT;1/01/2011;1;COEF
C04545;01/03/2014;<=10;>0;0;<24, 48;73.21;571.3;655.2;7/03/2014;14;10848.8;BT;1/01/2013;1;COEF
C04546;01/03/2014;<=10;0;0;<24, 48;504.09;505.67;0;10/03/2014;8;10670.5;BT;1/01/2013;1;COEF
C04547;01/03/2014;>10;0;0;<24, 48;183.79;138.43;0;28/03/2014;10;4575.27;BT;1/01/2011;1;COEF
C04548;01/03/2014;>10;>0;0;<24, 48;1317.85;1758.96;0;5/03/2014;11;3556.54;BT;1/01/2010;0;CNE
C04549;01/03/2014;>10;0;0;>48;513.31;513.27;513.16;3/03/2014;10;9478.07;BT;1/01/2012;1;COEF
C04551;01/03/2014;<=10;0;0;>48;1602.09;2150.4;0;17/03/2014;9;3212.67;BT;1/01/2013;0;CNE
C04554;01/03/2014;>10;0;0;>48;750.94;1.89;0;18/03/2014;11;33290;BT;1/01/2011;1;CNE
C04555;01/03/2014;<=10;0;0;<24, 48;823.61;0;0;4/03/2014;10;24115.7;BT;1/01/2012;1;COEF
C04557;01/03/2014;<=10;0;0;>48;187.15;187.46;375.26;20/03/2014;16;3027.57;BT;1/01/2011;1;CNE
C04558;01/03/2014;<=10;0;0;<24, 48;409.03;0;0;18/03/2014;7;5624;BT;1/01/2012;1;COEF
C04559;01/03/2014;<=10;0;0;<=24;283.38;283.38;0;31/03/2014;17;1597.53;BT;1/01/2013;0;CNE
C04560;01/03/2014;<=10;0;0;>48;1503.64;0;0;7/03/2014;8;14307.2;BT;1/01/2012;0;CNE
C04561;01/03/2014;<=10;>0;0;<=24;835.87;835.87;0;14/03/2014;8;2311.76;BT;1/01/2013;0;CNE
C04562;01/03/2014;<=10;0;0;<24, 48;494.88;0;0;20/03/2014;14;9173.84;BT;1/01/2011;1;COEF
C04563;01/03/2014;<=10;>0;0;>48;609.64;610.55;610.55;24/03/2014;14;13983.5;BT;1/01/2012;1;CNE
C04564;01/03/2014;<=10;0;0;>48;384.02;0;0;5/03/2014;20;5096.72;BT;1/01/2010;1;CNE
C04566;01/03/2014;>10;0;0;>48;374.34;0;0;10/03/2014;13;5505.87;BT;1/01/2011;1;CNE
C04567;01/03/2014;<=10;0;0;<24, 48;743.64;994.91;0;14/03/2014;9;5603.81;BT;1/01/2013;0;CNE
C04568;01/03/2014;<=10;0;0;>48;156.47;313.66;0;31/03/2014;8;787.39;BT;1/01/2010;1;CNE
C04569;01/03/2014;<=10;0;0;<=24;268.39;270.02;0;13/03/2014;13;812.93;BT;1/01/2012;1;CNE
C04570;01/03/2014;>10;0;0;<24, 48;351.04;712.04;0;25/03/2014;10;3347.97;BT;1/01/2011;1;CNE
C04571;01/03/2014;<=10;0;0;<24, 48;328.3;0;0;5/03/2014;8;18350.9;BT;1/01/2013;1;COEF
C04572;01/03/2014;<=10;0;0;>48;1377.74;3.67;0;6/03/2014;11;56007.5;BT;1/01/2012;1;COEF
C04573;01/03/2014;<=10;0;0;>48;310.85;0;0;12/03/2014;18;14293.5;BT;1/01/2012;1;COEF
C04574;01/03/2014;<=10;0;0;>48;534.53;1071.35;1071.35;28/03/2014;16;7285;BT;1/01/2011;1;CNE
C04575;01/03/2014;>10;0;0;<24, 48;362.34;363.43;0;24/03/2014;18;7633.76;BT;1/01/2012;1;CNE
C04576;01/03/2014;<=10;>0;0;<24, 48;871.86;0;53.03;18/03/2014;11;15235.5;BT;1/01/2012;1;CNE
C04577;01/03/2014;<=10;0;0;>48;2259.6;2259.79;0;17/03/2014;8;70766.4;BT;1/01/2013;1;COEF
C04578;01/03/2014;>10;0;0;<24, 48;606.09;1214.23;270.14;28/03/2014;15;8287.14;BT;1/01/2011;1;CNE
C04579;01/03/2014;<=10;0;0;<24, 48;736.59;736.74;0;12/03/2014;10;15601.2;BT;1/01/2012;1;COEF
C04581;01/03/2014;<=10;0;0;>48;1768.56;1048.31;0;14/03/2014;11;26740.2;BT;1/01/2012;0;COEF
C04582;01/03/2014;<=10;>0;0;<24, 48;2271.34;0;0;3/03/2014;14;25107.4;BT;1/01/2012;0;COEF
C04583;01/03/2014;<=10;0;0;<24, 48;180.28;0;0;17/03/2014;14;1062.82;BT;1/01/2011;1;COEF
C04585;01/03/2014;<=10;0;0;<24, 48;498.85;499.09;0;20/03/2014;7;13069.8;BT;1/01/2014;1;COEF
C04586;01/03/2014;<=10;0;0;<24, 48;2141.4;2873.5;0;5/03/2014;8;20278.3;BT;1/01/2013;0;CNE
C04587;01/03/2014;>10;0;0;>48;510.21;0;0;4/03/2014;11;9407.03;BT;1/01/2012;1;COEF
C04588;01/03/2014;>10;>0;0;>48;1208.92;1208.92;0;21/03/2014;7;3212.57;BT;1/01/2011;0;CNE
C04589;01/03/2014;<=10;0;0;>48;2104.85;2396.91;1291.59;24/03/2014;7;49478.2;BT;1/01/2012;1;COEF
C04590;01/03/2014;<=10;0;0;>48;735.55;1472.6;0;4/03/2014;10;15544.5;BT;1/01/2012;1;COEF
C04591;01/03/2014;<=10;0;0;>48;2130.15;649.99;0;5/03/2014;15;79570.6;BT;1/01/2013;1;CNE
C04592;01/03/2014;>10;0;0;<24, 48;413.92;0.58;413.51;10/03/2014;14;3268.84;BT;1/01/2011;1;CNE
C04594;01/03/2014;<=10;0;0;<24, 48;235.46;235.75;0;20/03/2014;15;2571.86;BT;1/01/2012;1;CNE
C04596;01/03/2014;<=10;0;0;>48;1698.37;1698.37;846.05;19/03/2014;14;21930.1;BT;1/01/2013;1;CNE
C04597;01/03/2014;<=10;0;0;<24, 48;659.52;756.73;0;6/03/2014;14;16801.9;BT;1/01/2013;1;CNE
C04598;01/03/2014;>10;0;0;<24, 48;336.59;74.87;250.77;18/03/2014;19;3797.1;BT;1/01/2012;1;CNE
C04599;01/03/2014;<=10;0;0;>48;552.74;1125.19;0;11/03/2014;13;12144.6;BT;1/01/2012;1;CNE
C04600;01/03/2014;<=10;0;0;<=24;141.93;0;0;5/03/2014;9;863.48;BT;1/01/2013;1;CNE
C04601;01/03/2014;<=10;0;0;<24, 48;164.04;328.49;493.61;5/03/2014;9;3544.89;BT;1/01/2012;1;CNE
C04602;01/03/2014;<=10;0;0;<24, 48;415.64;0;0;18/03/2014;7;16983.8;BT;1/01/2014;1;CNE
C04603;01/03/2014;<=10;0;0;<24, 48;56.47;0;0;11/03/2014;11;9904.8;BT;1/01/2013;1;CNE
C04604;01/03/2014;<=10;0;0;<24, 48;81.37;72.96;0;7/03/2014;10;5019.99;BT;1/01/2013;1;CNE
C04605;01/03/2014;<=10;0;0;<24, 48;406.06;0;0;11/03/2014;12;18313.8;BT;1/01/2012;1;CNE
C04606;01/03/2014;<=10;0;0;<24, 48;894.35;135.53;0;21/03/2014;9;10240.5;BT;1/01/2012;0;CNE
C04609;01/03/2014;<=10;0;0;>48;3448.24;4619.45;0;18/03/2014;8;31361.6;BT;1/01/2011;0;CNE
C04610;01/03/2014;<=10;0;0;<24, 48;82.41;0;0;4/03/2014;8;7811.9;BT;1/01/2013;1;CNE
C04611;01/03/2014;>10;>0;0;<24, 48;166.19;332.75;0;21/03/2014;14;3049.09;BT;1/01/2011;1;CNE
C04612;01/03/2014;<=10;0;0;<24, 48;285.81;286.27;174.29;7/03/2014;12;5183.4;BT;1/01/2013;1;CNE
C04615;01/03/2014;<=10;0;0;>48;411.61;228.11;0;26/03/2014;11;25413.3;BT;1/01/2012;1;CNE
C04616;01/03/2014;<=10;0;0;>48;188.96;200.4;0;13/03/2014;18;5443.95;BT;1/01/2013;1;CNE
C04617;01/03/2014;<=10;0;0;>48;1457.24;0;0;4/03/2014;7;39613.2;BT;1/01/2011;1;COEF
C04618;01/03/2014;<=10;0;0;>48;595.24;0;0;14/03/2014;18;39098.4;BT;1/01/2011;1;CNE
C04619;01/03/2014;<=10;>0;0;>48;326.78;0;0;25/03/2014;11;9552;BT;1/01/2013;1;COEF
C04620;01/03/2014;<=10;0;0;>48;362.53;0;0;4/03/2014;16;7362.74;BT;1/01/2012;1;COEF
C04621;01/03/2014;<=10;0;0;>48;195.34;192.45;307.09;5/03/2014;11;668.52;BT;1/01/2010;1;CNE
C04622;01/03/2014;<=10;0;0;>48;657.4;0;0;6/03/2014;20;10342.9;BT;1/01/2011;1;COEF
C04623;01/03/2014;<=10;0;0;>48;107.8;0;1710.42;4/03/2014;18;53983.6;BT;1/01/2012;1;COEF
C04624;01/03/2014;<=10;0;0;<=24;129.72;0;0;10/03/2014;7;4275.32;BT;1/01/2013;1;COEF
C04625;01/03/2014;<=10;0;0;<24, 48;68.82;0;0;12/03/2014;8;771.22;BT;1/01/2011;1;CNE
C04627;01/03/2014;<=10;0;0;<24, 48;1063.71;1070.63;0;19/03/2014;12;34997.1;BT;1/01/2013;1;CNE
C04629;01/03/2014;<=10;>0;0;<24, 48;298.76;372.39;0;20/03/2014;16;646.6;BT;1/01/2010;1;CNE
C04630;01/03/2014;<=10;>0;1;<24, 48;256.58;514.75;773.75;20/03/2014;15;4536.67;BT;1/01/2013;1;COEF
C04631;01/03/2014;<=10;0;0;>48;559.32;527.5;0;18/03/2014;8;17127.8;BT;1/01/2013;1;COEF
C04632;01/03/2014;<=10;0;0;<24, 48;882.79;1180.57;0;13/03/2014;10;6016.99;BT;1/01/2013;0;CNE
C04633;01/03/2014;>10;0;0;<24, 48;319.42;146.61;0;12/03/2014;20;3258.22;BT;1/01/2012;1;CNE
C04634;01/03/2014;<=10;0;0;<=24;1003.59;1455.17;0;5/03/2014;8;2197.52;BT;1/01/2013;0;CNE
C04635;01/03/2014;<=10;0;0;<=24;220.21;449.8;0;5/03/2014;7;3881.14;BT;1/01/2014;1;CNE
C04637;01/03/2014;<=10;0;0;<24, 48;584.43;577.07;577.28;7/03/2014;10;10810.1;BT;1/01/2012;1;COEF
C04639;01/03/2014;<=10;0;0;<24, 48;489.13;0;502.02;4/03/2014;19;10269.6;BT;1/01/2013;1;COEF
C04640;01/03/2014;<=10;0;0;<24, 48;420.62;420.87;420.87;20/03/2014;13;7379.69;BT;1/01/2013;1;CNE
C04642;01/03/2014;<=10;0;0;>48;527.94;528.05;528.05;18/03/2014;12;15535.3;BT;1/01/2014;1;CNE
C04645;01/03/2014;<=10;0;0;<24, 48;646.95;0;0;13/03/2014;8;11890.8;BT;1/01/2011;1;CNE
C04647;01/03/2014;<=10;0;0;<24, 48;287.39;576.18;0;21/03/2014;9;7206.27;BT;1/01/2013;1;CNE
C04648;01/03/2014;<=10;>0;0;<24, 48;575.55;682.79;0;26/03/2014;10;22298.7;BT;1/01/2013;1;COEF
C04650;01/03/2014;<=10;0;0;<24, 48;915.84;915.81;0;14/03/2014;8;23938.5;BT;1/01/2014;1;CNE
C04651;01/03/2014;>10;0;0;<24, 48;1335.81;1877.78;0;26/03/2014;20;10923.6;BT;1/01/2011;0;CNE
C04652;01/03/2014;<=10;0;0;<24, 48;382.56;382.97;0;13/03/2014;19;9655.48;BT;1/01/2013;1;CNE
C04653;01/03/2014;<=10;0;0;<24, 48;243.75;129.97;243.12;13/03/2014;15;922.63;BT;1/01/2011;1;CNE
C04654;01/03/2014;<=10;0;0;>48;797.61;799.9;0;10/03/2014;8;23021.1;BT;1/01/2013;1;CNE
C04655;01/03/2014;<=10;0;0;<24, 48;391.52;0;0;11/03/2014;12;18037.7;BT;1/01/2012;1;COEF
C04656;01/03/2014;<=10;0;0;>48;783.19;546.79;359.27;10/03/2014;7;12873.1;BT;1/01/2012;1;COEF
C04657;01/03/2014;<=10;0;0;>48;231.3;0;0;4/03/2014;15;16382.7;BT;1/01/2012;1;CNE
C04658;01/03/2014;<=10;0;0;>48;437.52;0;0;6/03/2014;9;14936.7;BT;1/01/2012;1;COEF
C04659;01/03/2014;<=10;0;0;>48;817.84;0;0;7/03/2014;11;25652.5;BT;1/01/2013;1;CNE
C04660;01/03/2014;<=10;0;0;<24, 48;585.88;0;0;11/03/2014;7;17499.7;BT;1/01/2013;1;COEF
C04661;01/03/2014;>10;0;0;<24, 48;549.43;549.28;0;6/03/2014;10;7115.31;BT;1/01/2012;1;CNE
C04663;01/03/2014;>10;0;0;>48;344.95;660.16;0;12/03/2014;8;11580.4;BT;1/01/2011;1;COEF
C04664;01/03/2014;<=10;0;0;<24, 48;322.82;0;313.94;11/03/2014;10;1036.03;BT;1/01/2012;1;CNE
C04665;01/03/2014;<=10;>0;0;>48;707.28;0;0;12/03/2014;9;20845.1;BT;1/01/2012;1;COEF
C04666;01/03/2014;<=10;0;0;<24, 48;520.3;520.93;0;11/03/2014;14;12924.6;BT;1/01/2013;1;CNE
C04667;01/03/2014;<=10;>0;0;>48;475.4;471.24;469.11;28/03/2014;8;10499.2;BT;1/01/2012;1;COEF
C04668;01/03/2014;<=10;0;0;<=24;1042.67;947.7;254.66;27/03/2014;9;15529.2;BT;1/01/2013;1;COEF
C04671;01/03/2014;<=10;>0;1;>48;22.92;116.66;0;25/03/2014;17;30473.8;BT;1/01/2012;1;CNE
C04672;01/03/2014;<=10;0;0;>48;716.83;715.91;0;4/03/2014;9;17882;BT;1/01/2012;1;COEF
C04674;01/03/2014;<=10;>0;1;<24, 48;307.95;617.88;928.66;21/03/2014;13;2731.08;BT;1/01/2011;1;CNE
C04675;01/03/2014;<=10;0;0;>48;422.32;652.42;0;4/03/2014;11;39614.5;BT;1/01/2013;1;CNE
C04676;01/03/2014;<=10;0;0;<24, 48;391.03;391.53;0;7/03/2014;11;8166.25;BT;1/01/2013;1;CNE
C04678;01/03/2014;<=10;0;0;<=24;1763.77;2360.9;0;27/03/2014;12;8136.67;BT;1/01/2013;0;CNE
C04680;01/03/2014;>10;0;0;>48;288.11;10.27;0;19/03/2014;18;3755.87;BT;1/01/2010;1;CNE
C04681;01/03/2014;<=10;>0;0;<24, 48;1561.11;1561.11;0;25/03/2014;11;13205.8;BT;1/01/2013;0;CNE
C04682;01/03/2014;<=10;0;0;<24, 48;1872.32;3748.38;0;14/03/2014;19;48283.8;BT;1/01/2012;1;CNE
C04683;01/03/2014;>10;0;0;<24, 48;108.52;41.9;7.47;17/03/2014;11;4415.79;BT;1/01/2012;1;CNE
C04684;01/03/2014;<=10;0;0;>48;110.8;0;0;7/03/2014;15;18761.1;BT;1/01/2013;1;CNE
C04686;01/03/2014;<=10;0;0;<=24;169.49;0;0;6/03/2014;11;1853.96;BT;1/01/2013;1;COEF
C04687;01/03/2014;<=10;0;0;<=24;418.66;839.46;0;3/03/2014;14;4048.98;BT;1/01/2013;0;CNE
C04690;01/03/2014;<=10;0;0;<24, 48;1213.55;0;0;6/03/2014;8;29967.7;BT;1/01/2013;1;CNE
C04691;01/03/2014;<=10;0;0;>48;72.09;0;0;6/03/2014;9;29267.4;BT;1/01/2013;1;COEF
C04692;01/03/2014;>10;0;0;>48;740.21;1015.61;0;4/03/2014;8;50549;BT;1/01/2012;1;COEF
C04693;01/03/2014;<=10;0;0;<24, 48;230.31;231.09;462.42;6/03/2014;14;5660.23;BT;1/01/2013;1;CNE
C04694;01/03/2014;<=10;0;0;<24, 48;573.16;139.06;0;6/03/2014;8;32754.5;BT;1/01/2014;1;CNE
C04695;01/03/2014;<=10;0;0;<24, 48;22.22;122.25;0;11/03/2014;15;17452.1;BT;1/01/2013;1;CNE
C04696;01/03/2014;<=10;0;0;>48;590.32;1181.72;591.15;21/03/2014;16;16949;BT;1/01/2013;1;CNE
C04697;01/03/2014;<=10;0;0;>48;560.02;1120.94;0;26/03/2014;9;15644.6;BT;1/01/2013;1;CNE
C04698;01/03/2014;>10;0;0;<24, 48;340.94;337.46;0;4/03/2014;16;7695.46;BT;1/01/2012;1;CNE
C04699;01/03/2014;<=10;>0;0;<24, 48;623.95;1569.4;0;19/03/2014;12;6841.19;BT;1/01/2010;0;COEF
C04700;01/03/2014;<=10;0;0;<24, 48;529.15;529.15;0;20/03/2014;11;14244;BT;1/01/2013;1;CNE
C04701;01/03/2014;>10;0;0;<24, 48;581.83;685.96;0;5/03/2014;11;11329.6;BT;1/01/2011;1;CNE
C04704;01/03/2014;<=10;0;0;<24, 48;1768.47;0;0;25/03/2014;13;42954.8;BT;1/01/2012;1;COEF
C04705;01/03/2014;<=10;0;0;>48;1029.64;0;0;5/03/2014;7;4295.95;BT;1/01/2011;0;CNE
C04706;01/03/2014;<=10;0;0;<=24;358.67;0;0;26/03/2014;20;2237.18;BT;1/01/2013;0;CNE
C04707;01/03/2014;>10;>0;0;<24, 48;1910.59;0;0;25/03/2014;16;15917.4;BT;1/01/2012;0;COEF
C04708;01/03/2014;>10;0;0;>48;143.58;143.78;0;7/03/2014;9;2770.73;BT;1/01/2012;1;CNE
C04709;01/03/2014;>10;0;0;<24, 48;839.36;0;0;4/03/2014;9;21053.3;BT;1/01/2012;1;CNE
C04710;01/03/2014;<=10;>0;0;>48;1663.63;2232.82;0;24/03/2014;7;16228.6;BT;1/01/2012;0;CNE
C04712;01/03/2014;<=10;0;0;>48;943.55;1421.85;0;31/03/2014;12;8503.16;BT;1/01/2011;0;CNE
C04713;01/03/2014;<=10;>0;1;<24, 48;536.69;1050.17;1567.2;28/03/2014;13;5814.53;BT;1/01/2012;0;COEF
C04714;01/03/2014;>10;>0;0;>48;1248.27;1247.59;1249.03;12/03/2014;8;19612.6;BT;1/01/2011;1;COEF
C04715;01/03/2014;<=10;0;0;<24, 48;962.29;1391.33;0;24/03/2014;20;6564.5;BT;1/01/2011;0;CNE
C04716;01/03/2014;<=10;0;0;<=24;1536.95;1543.87;1536.51;19/03/2014;9;11800.1;BT;1/01/2012;1;CNE
C04717;01/03/2014;<=10;0;0;<24, 48;608.04;0;0;5/03/2014;14;19080.6;BT;1/01/2013;1;CNE
C04718;01/03/2014;<=10;0;0;<24, 48;519.57;516.01;640.42;19/03/2014;14;11257.1;BT;1/01/2013;1;CNE
C04720;01/03/2014;<=10;0;0;>48;1015.13;161.81;0;5/03/2014;18;23444.5;BT;1/01/2012;1;CNE
C04722;01/03/2014;<=10;0;0;<24, 48;90.9;304.3;0;5/03/2014;9;6561.41;BT;1/01/2013;1;CNE
C04723;01/03/2014;<=10;0;0;<=24;564.23;564.23;0;28/03/2014;12;3592.69;BT;1/01/2013;0;CNE
C04724;01/03/2014;<=10;0;0;<24, 48;412.19;0;0;6/03/2014;7;12499.6;BT;1/01/2013;1;CNE
C04725;01/03/2014;<=10;0;0;<24, 48;579.7;587.15;0;31/03/2014;14;14865.5;BT;1/01/2013;1;CNE
C04726;01/03/2014;<=10;0;0;>48;656.57;0;0;18/03/2014;13;20879.3;BT;1/01/2013;1;CNE
C04727;01/03/2014;<=10;0;0;<24, 48;645.19;655.62;0;6/03/2014;14;18358.9;BT;1/01/2013;1;CNE
C04728;01/03/2014;>10;0;0;<24, 48;364.77;364.27;363.83;12/03/2014;7;5269.41;BT;1/01/2010;1;COEF
C04729;01/03/2014;>10;0;0;>48;83.96;133.13;133.1;4/03/2014;8;1570.19;BT;1/01/2012;1;COEF
C04731;01/03/2014;<=10;0;0;<24, 48;800.42;0;1054.23;10/03/2014;20;28025.9;BT;1/01/2012;1;CNE
C04733;01/03/2014;<=10;0;0;<24, 48;47.3;0;220.91;11/03/2014;7;4041.9;BT;1/01/2013;1;CNE
C04734;01/03/2014;>10;0;0;>48;271.98;0;0;3/03/2014;15;7247.77;BT;1/01/2010;1;COEF
C04737;01/03/2014;>10;0;0;>48;467.12;935.81;0;21/03/2014;17;4306.08;BT;1/01/2010;1;CNE
C04738;01/03/2014;<=10;0;0;>48;3116.5;3116.5;0;21/03/2014;12;31527;BT;1/01/2012;0;CNE
C04739;01/03/2014;<=10;0;0;>48;159.03;0;0;5/03/2014;8;25900.7;BT;1/01/2013;1;COEF
C04740;01/03/2014;<=10;0;0;<24, 48;54.15;0;0;7/03/2014;11;18137.6;BT;1/01/2013;1;COEF
C04741;01/03/2014;<=10;>0;0;>48;1266.37;1694.68;0;21/03/2014;11;7607.65;BT;1/01/2012;0;CNE
C04742;01/03/2014;<=10;>0;1;<24, 48;495.45;494.57;741.72;19/03/2014;15;4278.02;BT;1/01/2012;0;COEF
C04743;01/03/2014;<=10;0;0;>48;592.73;0;0;18/03/2014;9;16690.9;BT;1/01/2013;1;COEF
C04744;01/03/2014;<=10;>0;0;<24, 48;841.28;1687.34;0;27/03/2014;19;26196;BT;1/01/2013;1;COEF
C04745;01/03/2014;>10;0;0;>48;589.23;229.34;0;4/03/2014;9;16609.3;BT;1/01/2012;1;CNE
C04746;01/03/2014;<=10;>0;0;<24, 48;234.71;473.36;714.89;13/03/2014;13;2361.9;BT;1/01/2012;1;CNE
C04749;01/03/2014;>10;>0;0;>48;1041.78;0;0;14/03/2014;8;41085.2;BT;1/01/2010;1;COEF
C04751;01/03/2014;<=10;>0;0;<24, 48;1029.96;1039.21;0;20/03/2014;19;7495.06;BT;1/01/2012;0;CNE
C04752;01/03/2014;<=10;0;0;<=24;382.66;807.31;0;11/03/2014;8;779.68;BT;1/01/2012;1;CNE
C04753;01/03/2014;<=10;0;0;<24, 48;288.91;0.19;0;7/03/2014;9;4932.21;BT;1/01/2013;1;CNE
C04754;01/03/2014;>10;0;0;>48;406.46;406.55;0;19/03/2014;18;6405.63;BT;1/01/2011;1;COEF
C04756;01/03/2014;<=10;0;0;>48;285.66;0;0;11/03/2014;18;53029.3;BT;1/01/2012;1;COEF
C04758;01/03/2014;<=10;>0;0;<24, 48;1145.22;1086.85;0;21/03/2014;10;21631.2;BT;1/01/2013;0;CNE
C04759;01/03/2014;<=10;0;0;>48;298.63;0.67;228.4;18/03/2014;9;3533.43;BT;1/01/2012;0;CNE
C04761;01/03/2014;<=10;0;0;<24, 48;356.15;356.26;0;31/03/2014;7;5517.74;BT;1/01/2011;1;CNE
C04762;01/03/2014;>10;0;0;>48;112.5;94.87;404.57;19/03/2014;7;12455.9;BT;1/01/2012;1;CNE
C04763;01/03/2014;<=10;0;0;>48;1812.51;0;0;14/03/2014;9;53494.2;BT;1/01/2011;1;CNE
C04764;01/03/2014;<=10;0;0;>48;127.99;0;0;11/03/2014;20;6676.13;BT;1/01/2013;1;CNE
C04765;01/03/2014;<=10;0;0;>48;301.2;234.72;0;24/03/2014;16;7223.54;BT;1/01/2012;1;COEF
C04767;01/03/2014;>10;>0;0;<24, 48;375.1;501.82;0;18/03/2014;13;2156.62;BT;1/01/2012;0;CNE
C04768;01/03/2014;<=10;0;0;<24, 48;718.59;0;0;18/03/2014;7;7483.32;BT;1/01/2012;1;COEF
C04769;01/03/2014;<=10;>0;0;>48;780.6;1569.46;0;21/03/2014;9;18527.7;BT;1/01/2013;1;CNE
C04771;01/03/2014;<=10;0;0;<24, 48;27.9;0;0;6/03/2014;9;3132.84;BT;1/01/2013;1;COEF
C04773;01/03/2014;>10;0;0;<24, 48;249.8;502.18;756.02;31/03/2014;7;3641.25;BT;1/01/2011;1;CNE
C04774;01/03/2014;>10;0;0;>48;286.45;0;0;5/03/2014;10;17287.6;BT;1/01/2011;1;COEF
C04775;01/03/2014;<=10;>0;0;>48;341.37;464.6;0;25/03/2014;11;17481.2;BT;1/01/2012;1;CNE
C04776;01/03/2014;<=10;0;0;<24, 48;209.85;211.57;0;21/03/2014;11;2501.27;BT;1/01/2011;1;CNE
C04777;01/03/2014;<=10;0;0;<24, 48;2261.28;2261.28;0;21/03/2014;10;12282;BT;1/01/2012;0;COEF
C04783;01/03/2014;>10;0;0;<24, 48;113.82;0;0;7/03/2014;7;8222.63;BT;1/01/2012;1;COEF
C04784;01/03/2014;<=10;0;1;<=24;294.07;194.07;0;31/03/2014;7;4188.71;BT;1/01/2013;1;COEF
C04785;01/03/2014;<=10;0;0;>48;192.8;0;0;6/03/2014;14;4112.85;BT;1/01/2012;1;COEF
C04786;01/03/2014;>10;0;0;<24, 48;950.04;567.96;567.96;12/03/2014;15;12006.7;BT;1/01/2012;1;CNE
C04787;01/03/2014;<=10;0;0;<24, 48;359.31;0;0;5/03/2014;7;7204.87;BT;1/01/2012;1;CNE
C04788;01/03/2014;>10;0;0;<24, 48;1568.58;1790.2;0;4/03/2014;19;45945.8;BT;1/01/2013;1;COEF
C04789;01/03/2014;>10;0;0;<24, 48;850.25;694.88;0;4/03/2014;10;18464;BT;1/01/2012;1;COEF
C04790;01/03/2014;<=10;>0;1;>48;461.62;0;809.71;12/03/2014;9;16839.9;BT;1/01/2012;1;CNE
C04791;01/03/2014;>10;0;0;>48;138.8;253.3;0;26/03/2014;13;1445.31;BT;1/01/2010;1;CNE
C04792;01/03/2014;<=10;0;0;<24, 48;1483.25;1483.68;512.29;27/03/2014;8;41856.7;BT;1/01/2013;1;CNE
C04793;01/03/2014;<=10;0;0;<24, 48;224.47;0;0;4/03/2014;15;13282.5;BT;1/01/2013;1;COEF
C04795;01/03/2014;>10;0;0;>48;426.59;88.66;0;7/03/2014;13;6923.11;BT;1/01/2011;1;CNE
C04796;01/03/2014;<=10;0;0;<24, 48;233.39;326.81;282.92;6/03/2014;10;10208;BT;1/01/2014;1;COEF
C04797;01/03/2014;<=10;>0;0;<24, 48;525.67;792.16;1061.41;7/03/2014;14;2886.35;BT;1/01/2012;1;CNE
C04798;01/03/2014;<=10;0;0;<24, 48;28.03;28.23;0;10/03/2014;10;17992.5;BT;1/01/2012;1;COEF
C04799;01/03/2014;>10;0;0;>48;138.64;1401.01;0;18/03/2014;10;53026.3;BT;1/01/2012;1;CNE
C04800;01/03/2014;>10;>0;0;<24, 48;101.28;101.39;1.39;26/03/2014;18;1344.6;BT;1/01/2012;0;CNE
C04801;01/03/2014;<=10;0;0;>48;886.5;0;0;4/03/2014;10;18858.6;BT;1/01/2012;1;CNE
C04803;01/03/2014;>10;0;0;<24, 48;1503.23;2016.51;0;14/03/2014;18;6414.87;BT;1/01/2012;0;CNE
C04804;01/03/2014;>10;0;0;>48;376.21;376.4;375.76;5/03/2014;11;6908.03;BT;1/01/2012;1;CNE
C04806;01/03/2014;<=10;0;0;<=24;661.2;0;0;10/03/2014;20;4237.61;BT;1/01/2013;1;CNE
C04808;01/03/2014;<=10;0;0;<24, 48;50.75;1188.85;0;25/03/2014;8;38579.8;BT;1/01/2013;1;COEF
C04809;01/03/2014;<=10;>0;0;<=24;554.74;644.31;0;4/03/2014;18;801.82;BT;1/01/2012;0;CNE
C04810;01/03/2014;<=10;0;0;<24, 48;278.27;278.27;280.12;13/03/2014;13;2407.05;BT;1/01/2011;1;CNE
C04811;01/03/2014;<=10;>0;1;<24, 48;1464.3;2204.04;0;3/03/2014;10;22413.2;BT;1/01/2013;1;CNE
C04812;01/03/2014;<=10;0;0;<24, 48;662.46;1329.81;0;25/03/2014;13;9929.62;BT;1/01/2011;1;CNE
C04813;01/03/2014;>10;0;0;<24, 48;361.14;286.5;0;11/03/2014;9;5066.94;BT;1/01/2011;1;CNE
C04814;01/03/2014;<=10;0;0;<24, 48;663.66;664.03;0;6/03/2014;8;17675.2;BT;1/01/2013;1;CNE
C04816;01/03/2014;<=10;0;0;>48;335.29;335.76;0;6/03/2014;9;7353.71;BT;1/01/2012;1;COEF
C04817;01/03/2014;<=10;0;0;>48;2060.7;0;0;18/03/2014;9;78007.7;BT;1/01/2013;1;COEF
C04818;01/03/2014;>10;0;0;>48;1239.25;0;0;4/03/2014;7;32649;BT;1/01/2011;1;COEF
C04819;01/03/2014;<=10;0;0;<24, 48;56.89;419.02;0;24/03/2014;8;9234.92;BT;1/01/2013;1;CNE
C04820;01/03/2014;>10;>0;0;<24, 48;733.22;1004.11;0;6/03/2014;7;2558.15;BT;1/01/2012;0;CNE
C04821;01/03/2014;<=10;0;0;>48;40.5;69.06;662.27;14/03/2014;20;17598.6;BT;1/01/2013;1;CNE
C04822;01/03/2014;<=10;>0;0;<24, 48;524.41;521.36;523.44;19/03/2014;8;12723.5;BT;1/01/2012;1;CNE
C04823;01/03/2014;<=10;0;0;>48;473.81;0;0;4/03/2014;19;12958.7;BT;1/01/2013;1;COEF
C04825;01/03/2014;>10;0;0;>48;62.97;62.81;0;27/03/2014;17;7145.27;BT;1/01/2011;1;CNE
C04826;01/03/2014;<=10;>0;1;<24, 48;340.35;0;0;4/03/2014;16;9525.79;BT;1/01/2013;1;CNE
C04827;01/03/2014;<=10;0;0;>48;320.22;0;0;4/03/2014;19;8003.85;BT;1/01/2013;1;COEF
C04829;01/03/2014;<=10;0;0;<24, 48;797.31;1020.96;0;10/03/2014;11;26120.3;BT;1/01/2012;1;CNE
C04831;01/03/2014;<=10;0;0;>48;670.9;0;0;24/03/2014;7;21686.6;BT;1/01/2013;1;CNE
C04832;01/03/2014;<=10;0;0;<=24;51.94;35.94;0;27/03/2014;17;2146.4;BT;1/01/2013;1;CNE
C04833;01/03/2014;<=10;0;0;>48;707.77;708.16;0;6/03/2014;8;22743.9;BT;1/01/2013;1;CNE
C04834;01/03/2014;>10;0;0;<24, 48;447.93;197.93;0;7/03/2014;16;3438.52;BT;1/01/2012;1;COEF
C04835;01/03/2014;<=10;0;0;>48;198.43;187.04;0;4/03/2014;10;4865.45;BT;1/01/2012;1;COEF
C04836;01/03/2014;>10;0;0;<24, 48;550.08;0;0;7/03/2014;7;13741.7;BT;1/01/2012;1;CNE
C04839;01/03/2014;<=10;0;0;>48;843.17;0;0;4/03/2014;13;20116;BT;1/01/2011;1;COEF
C04841;01/03/2014;<=10;>0;0;>48;37.67;399.47;0;27/03/2014;18;7755.7;BT;1/01/2012;1;COEF
C04842;01/03/2014;<=10;0;0;<24, 48;396.26;478;398.3;19/03/2014;10;9525.59;BT;1/01/2011;1;CNE
C04844;01/03/2014;<=10;0;0;<24, 48;45.35;0;0;4/03/2014;20;8281.89;BT;1/01/2012;1;CNE
C04846;01/03/2014;<=10;0;0;<24, 48;1114.16;0;0;11/03/2014;9;14011.7;BT;1/01/2012;1;COEF
C04847;01/03/2014;<=10;0;0;>48;967.21;0;0;14/03/2014;10;29057;BT;1/01/2012;1;CNE
C04848;01/03/2014;<=10;0;0;>48;470.08;0;0;20/03/2014;11;10470.8;BT;1/01/2012;1;CNE
C04849;01/03/2014;>10;0;0;>48;293.96;286.48;0;17/03/2014;9;10227.7;BT;1/01/2011;1;CNE
C04850;01/03/2014;<=10;0;0;>48;1041.95;2088.6;0;11/03/2014;9;33237;BT;1/01/2013;1;CNE
C04852;01/03/2014;<=10;0;0;>48;1600.39;0;0;17/03/2014;8;27410.5;BT;1/01/2013;0;COEF
C04854;01/03/2014;>10;0;0;>48;1130.99;1130.99;0;14/03/2014;20;6303.65;BT;1/01/2011;0;CNE
C04855;01/03/2014;<=10;0;0;>48;136.25;128.95;0;12/03/2014;8;8575.93;BT;1/01/2013;1;CNE
C04857;01/03/2014;<=10;0;0;<24, 48;2261.35;2266.52;0;11/03/2014;9;47154.9;BT;1/01/2012;1;COEF
C04858;01/03/2014;<=10;0;0;>48;1050.65;1051.15;0;4/03/2014;8;18720.8;BT;1/01/2011;1;CNE
C04860;01/03/2014;<=10;0;0;<24, 48;634.71;635.6;0;10/03/2014;16;16699.5;BT;1/01/2013;1;COEF
C04861;01/03/2014;<=10;0;0;<24, 48;1221.67;0;0;5/03/2014;19;10309.3;BT;1/01/2013;0;COEF
C04862;01/03/2014;<=10;0;0;<24, 48;202.64;56.04;0;11/03/2014;20;9829.47;BT;1/01/2013;1;COEF
C04864;01/03/2014;<=10;>0;0;<24, 48;302.77;304.31;0;20/03/2014;14;4113.1;BT;1/01/2012;1;COEF
C04865;01/03/2014;<=10;0;0;>48;1542.56;0;0;11/03/2014;9;47285.5;BT;1/01/2012;1;CNE
C04866;01/03/2014;<=10;0;0;<24, 48;312.01;633.95;0;18/03/2014;7;2733.82;BT;1/01/2011;1;CNE
C04867;01/03/2014;<=10;0;0;<24, 48;807.16;0;0;10/03/2014;15;5490.99;BT;1/01/2013;0;CNE
C04869;01/03/2014;<=10;0;0;<24, 48;757.61;758.89;0;18/03/2014;12;752.52;BT;1/01/2011;0;COEF
C04870;01/03/2014;<=10;0;0;>48;27.49;335.55;184.37;19/03/2014;14;7248.79;BT;1/01/2013;1;CNE
C04871;01/03/2014;<=10;>0;0;>48;1302.71;1744.4;0;26/03/2014;14;13724.9;BT;1/01/2012;0;CNE
C04872;01/03/2014;<=10;0;0;<=24;277.75;0;0;5/03/2014;8;4490.18;BT;1/01/2013;1;CNE
C04873;01/03/2014;<=10;0;0;<24, 48;674.08;1079.63;0;18/03/2014;12;19357.6;BT;1/01/2012;1;CNE
C04874;01/03/2014;<=10;0;0;>48;71.6;0;0;4/03/2014;11;18809.4;BT;1/01/2011;1;COEF
C04875;01/03/2014;>10;0;0;>48;371.3;298.29;0;6/03/2014;20;33196.6;BT;1/01/2011;1;CNE
C04876;01/03/2014;>10;0;0;<24, 48;49.98;126.13;0;4/03/2014;7;4389.49;BT;1/01/2010;1;CNE
C04877;01/03/2014;>10;>0;0;<24, 48;1249.98;1692.19;0;3/03/2014;16;6459.35;BT;1/01/2012;0;CNE
C04879;01/03/2014;<=10;0;0;<24, 48;69.6;98.76;124.71;4/03/2014;13;10415.1;BT;1/01/2013;1;CNE
C04881;01/03/2014;<=10;0;0;<24, 48;573.11;0;0;4/03/2014;12;15525;BT;1/01/2012;1;CNE
C04882;01/03/2014;<=10;0;0;<24, 48;237.76;0;0;7/03/2014;9;3867.14;BT;1/01/2012;1;CNE
C04883;01/03/2014;<=10;0;0;<24, 48;412.07;835.9;0;18/03/2014;19;10865.3;BT;1/01/2013;1;CNE
C04884;01/03/2014;>10;0;0;<24, 48;239.93;0;0;4/03/2014;11;4340.68;BT;1/01/2012;1;COEF
C04886;01/03/2014;<=10;0;0;>48;654.56;0;0;4/03/2014;12;17978.4;BT;1/01/2013;1;COEF
C04887;01/03/2014;<=10;0;0;>48;1189.26;677.46;0;25/03/2014;13;17247.2;BT;1/01/2012;0;CNE
C04888;01/03/2014;<=10;0;0;<24, 48;2281.42;3049.97;0;14/03/2014;19;16509.8;BT;1/01/2011;0;CNE
C04889;01/03/2014;>10;0;0;<24, 48;62.62;0;0;7/03/2014;8;1108.01;BT;1/01/2011;1;CNE
C04890;01/03/2014;<=10;>0;0;>48;3652.25;4912.44;0;7/03/2014;12;32179.5;BT;1/01/2012;0;CNE
C04891;01/03/2014;<=10;0;0;<24, 48;132.98;461.62;0;7/03/2014;13;11819;BT;1/01/2012;1;CNE
C04892;01/03/2014;<=10;0;0;<24, 48;221.54;648.21;0;10/03/2014;13;8836.98;BT;1/01/2012;1;CNE
C04894;01/03/2014;>10;0;0;<24, 48;357.54;355.79;0;19/03/2014;10;5642.38;BT;1/01/2012;1;CNE
C04895;01/03/2014;>10;0;0;>48;1055.01;441.74;0;27/03/2014;15;34325.8;BT;1/01/2012;1;CNE
C04896;01/03/2014;<=10;0;0;<24, 48;591.28;0;0;18/03/2014;9;14309.3;BT;1/01/2013;1;COEF
C04897;01/03/2014;<=10;0;0;<24, 48;1194.02;1701.29;0;13/03/2014;14;9911.73;BT;1/01/2012;0;COEF
C04898;01/03/2014;<=10;0;0;<24, 48;253.56;253.71;253.69;19/03/2014;16;4573.68;BT;1/01/2013;1;CNE
C04899;01/03/2014;>10;0;0;<24, 48;302.97;455.69;609.24;3/03/2014;13;991.25;BT;1/01/2011;1;CNE
C04900;01/03/2014;<=10;0;0;>48;1245.13;17.55;17.54;21/03/2014;10;24578.1;BT;1/01/2013;0;COEF
C04902;01/03/2014;<=10;0;0;<24, 48;3031.84;3031.84;0;18/03/2014;7;27914;BT;1/01/2013;0;CNE
C04903;01/03/2014;<=10;0;0;>48;291.93;0;292.21;11/03/2014;8;6803.63;BT;1/01/2013;1;CNE
C04905;01/03/2014;<=10;0;0;<24, 48;75.78;247.48;0;10/03/2014;15;4878.9;BT;1/01/2013;1;CNE
C04906;01/03/2014;<=10;0;0;<24, 48;668.15;0;0;4/03/2014;11;15750.2;BT;1/01/2013;1;COEF
C04907;01/03/2014;<=10;>0;0;<24, 48;1322.41;0;0;12/03/2014;12;4270.48;BT;1/01/2010;0;CNE
C04909;01/03/2014;<=10;>0;0;>48;824.55;1119.39;0;26/03/2014;18;5668.88;BT;1/01/2013;0;CNE
C04911;01/03/2014;<=10;>0;0;>48;542.3;2647.33;0;24/03/2014;11;59015.6;BT;1/01/2012;1;CNE
C04913;01/03/2014;<=10;0;0;<24, 48;633.6;658.13;0;26/03/2014;10;19483.7;BT;1/01/2013;1;CNE
C04914;01/03/2014;>10;0;0;>48;660.21;659.41;0;18/03/2014;12;17523.3;BT;1/01/2011;1;CNE
C04916;01/03/2014;<=10;>0;1;<24, 48;372.82;750.86;0;24/03/2014;16;8405.75;BT;1/01/2013;1;CNE
C04917;01/03/2014;>10;>0;0;>48;2644.31;2651.73;0;28/03/2014;9;66352.5;BT;1/01/2011;1;CNE
C04918;01/03/2014;<=10;>0;1;>48;845.29;0;0;10/03/2014;13;10029.2;BT;1/01/2011;0;CNE
C04919;01/03/2014;<=10;0;0;<24, 48;1176.69;0;0;25/03/2014;19;32830.2;BT;1/01/2012;1;COEF
C04920;01/03/2014;<=10;0;0;<24, 48;566.41;566.59;0;7/03/2014;12;9826.57;BT;1/01/2013;1;CNE
C04921;01/03/2014;<=10;0;0;<=24;709.8;1460.06;0;25/03/2014;13;10151.5;BT;1/01/2013;1;CNE
C04922;01/03/2014;<=10;0;0;<24, 48;689.82;1482.95;0;26/03/2014;19;23802;BT;1/01/2013;1;CNE
C04923;01/03/2014;<=10;0;0;<24, 48;1118.86;1117.74;1110.39;6/03/2014;7;25827.2;BT;1/01/2012;1;CNE
C04924;01/03/2014;<=10;0;0;<=24;234.33;0;0;7/03/2014;12;2454.43;BT;1/01/2013;1;COEF
C04925;01/03/2014;<=10;0;0;>48;622.31;0;0;4/03/2014;7;16963.8;BT;1/01/2013;1;COEF
C04926;01/03/2014;<=10;0;0;<24, 48;85.8;0;0;6/03/2014;11;5057.22;BT;1/01/2013;1;CNE
C04927;01/03/2014;<=10;0;0;>48;768.76;673.64;764.83;10/03/2014;7;21388.3;BT;1/01/2013;1;CNE
C04928;01/03/2014;<=10;0;0;>48;441.83;201.4;0;4/03/2014;17;9376.9;BT;1/01/2012;1;COEF
C04929;01/03/2014;<=10;>0;0;<24, 48;1084.51;0;0;7/03/2014;10;11476.5;BT;1/01/2013;0;CNE
C04930;01/03/2014;>10;0;0;>48;35.97;287.45;272.42;5/03/2014;8;870.4;BT;1/01/2010;1;CNE
C04932;01/03/2014;>10;>0;0;<24, 48;278.73;418.74;0;25/03/2014;14;1626.89;BT;1/01/2012;0;CNE
C04933;01/03/2014;<=10;>0;0;<24, 48;681.03;815.07;1092.21;31/03/2014;11;4926.5;BT;1/01/2012;0;COEF
C04934;01/03/2014;>10;0;0;>48;355.97;0;0;7/03/2014;9;5564.24;BT;1/01/2011;1;COEF
C04935;01/03/2014;<=10;>0;0;>48;981.73;2226.81;0;26/03/2014;14;68036.6;BT;1/01/2012;1;CNE
C04936;01/03/2014;<=10;0;0;>48;389.48;385.49;375.49;13/03/2014;10;6411.61;BT;1/01/2011;1;CNE
C04937;01/03/2014;<=10;0;0;<24, 48;1142.98;1533.51;0;4/03/2014;7;4645.9;BT;1/01/2012;0;CNE
C04938;01/03/2014;<=10;0;0;>48;477.29;0;0;4/03/2014;16;11040.3;BT;1/01/2012;1;COEF
C04939;01/03/2014;<=10;0;0;<24, 48;142.35;0;0;4/03/2014;15;2467.62;BT;1/01/2013;1;COEF
C04940;01/03/2014;<=10;0;0;>48;217.82;327.94;0;12/03/2014;12;3191.03;BT;1/01/2013;0;CNE
C04942;01/03/2014;>10;0;0;<24, 48;258.86;258.94;0;31/03/2014;17;3287.32;BT;1/01/2012;1;CNE
C04943;01/03/2014;>10;>0;0;<24, 48;386.79;774.4;0;13/03/2014;11;7968.78;BT;1/01/2012;1;COEF
C04944;01/03/2014;>10;0;0;>48;463.13;0;0;4/03/2014;13;6499.78;BT;1/01/2011;1;CNE
C04946;01/03/2014;<=10;>0;0;>48;216.2;324.53;107.13;17/03/2014;11;2366.7;BT;1/01/2012;0;CNE
C04947;01/03/2014;>10;>0;1;>48;896.36;407.93;0;20/03/2014;16;33058.3;BT;1/01/2012;1;COEF
C04948;01/03/2014;<=10;0;0;>48;642.67;0;0;12/03/2014;19;642.67;BT;1/01/2010;1;CNE
C04949;01/03/2014;<=10;0;0;>48;49.18;0;0;25/03/2014;11;63351.1;BT;1/01/2012;1;CNE
C04950;01/03/2014;<=10;>0;0;>48;753.78;360.69;625.9;26/03/2014;17;2760.38;BT;1/01/2011;0;COEF
C04952;01/03/2014;<=10;0;0;<=24;33.25;0;0;6/03/2014;11;1022.6;BT;1/01/2012;1;CNE
C04953;01/03/2014;<=10;>0;0;<=24;632.1;637.79;0;19/03/2014;14;630.42;BT;1/01/2013;0;CNE
C04955;01/03/2014;<=10;0;0;<=24;326.82;331.98;331.98;31/03/2014;12;3357.26;BT;1/01/2014;1;CNE
C04956;01/03/2014;<=10;0;0;<=24;135.72;135.92;0;13/03/2014;20;2155.53;BT;1/01/2013;1;COEF
C04957;01/03/2014;<=10;>0;0;<24, 48;40.84;45.44;0;20/03/2014;15;14054.6;BT;1/01/2013;1;CNE
C04958;01/03/2014;<=10;>0;0;<24, 48;703.19;394.48;1106.08;24/03/2014;10;21590.1;BT;1/01/2013;1;CNE
C04959;01/03/2014;<=10;>0;0;<24, 48;1823.69;1823.69;0;12/03/2014;8;14546.1;BT;1/01/2012;0;CNE
C04960;01/03/2014;>10;0;0;<24, 48;671.02;671.02;18.17;18/03/2014;9;4342.71;BT;1/01/2012;1;CNE
C04962;01/03/2014;>10;0;0;>48;391.01;391.13;0;7/03/2014;7;6576.18;BT;1/01/2011;1;COEF
C04964;01/03/2014;<=10;>0;1;>48;655.5;878;0;12/03/2014;12;5635.91;BT;1/01/2012;0;CNE
C04966;01/03/2014;>10;0;0;<24, 48;427.23;427.42;0;18/03/2014;8;5176.9;BT;1/01/2012;1;COEF
C04967;01/03/2014;<=10;0;0;>48;1175.84;0;0;5/03/2014;16;39145.6;BT;1/01/2012;1;COEF
C04968;01/03/2014;<=10;0;0;<24, 48;289.66;0;290.41;5/03/2014;12;7131.53;BT;1/01/2013;1;CNE
C04970;01/03/2014;<=10;>0;0;<24, 48;233.46;0;229.63;5/03/2014;20;4324.09;BT;1/01/2012;1;CNE
C04971;01/03/2014;>10;0;0;>48;488.4;488.5;488.5;11/03/2014;8;9341.03;BT;1/01/2011;1;CNE
C04973;01/03/2014;<=10;0;0;>48;984.16;0;0;18/03/2014;8;32161.6;BT;1/01/2013;1;COEF
C04974;01/03/2014;<=10;>0;0;<24, 48;354.05;705.62;0;27/03/2014;9;6036.49;BT;1/01/2012;1;COEF
C04975;01/03/2014;<=10;0;0;>48;838.32;809.91;0;4/03/2014;10;18917.7;BT;1/01/2013;1;COEF
C04976;01/03/2014;>10;0;0;<24, 48;159.35;618.76;1080.5;12/03/2014;10;7004.98;BT;1/01/2012;1;CNE
C04977;01/03/2014;>10;0;0;<24, 48;1036.61;1036.61;0;27/03/2014;8;5230.56;BT;1/01/2010;1;CNE
C04978;01/03/2014;<=10;0;0;<24, 48;82.03;99.64;0;7/03/2014;9;1644.52;BT;1/01/2012;1;CNE
C04980;01/03/2014;>10;0;0;>48;649.55;0;0;12/03/2014;7;7316.15;BT;1/01/2011;1;CNE
C04982;01/03/2014;<=10;0;0;<=24;547.47;873.3;1201.83;6/03/2014;16;4409.22;BT;1/01/2013;0;COEF
C04985;01/03/2014;<=10;0;0;<24, 48;366.69;0;0;5/03/2014;7;1610.56;BT;1/01/2010;1;CNE
C04986;01/03/2014;<=10;0;0;<24, 48;243.92;489.6;736.94;11/03/2014;18;4434.14;BT;1/01/2013;1;CNE
C04987;01/03/2014;<=10;0;0;>48;2324.81;0;0;3/03/2014;10;20834.6;BT;1/01/2013;0;COEF
C04989;01/03/2014;<=10;0;0;<24, 48;139.97;140.27;0;6/03/2014;13;2698.68;BT;1/01/2013;1;COEF
C04990;01/03/2014;<=10;0;0;<24, 48;203.67;0;0;12/03/2014;8;2765.85;BT;1/01/2012;1;CNE
C04991;01/03/2014;<=10;0;0;<24, 48;500.65;497.22;0;11/03/2014;16;12335.9;BT;1/01/2013;1;CNE
C04992;01/03/2014;>10;>0;0;<24, 48;515.56;689.13;0;14/03/2014;16;3223.96;BT;1/01/2011;0;CNE
C04993;01/03/2014;>10;0;0;>48;795.63;797.6;798;5/03/2014;19;14398.6;BT;1/01/2011;1;CNE
C04995;01/03/2014;<=10;0;0;<24, 48;411.01;411.01;0;24/03/2014;11;10128.7;BT;1/01/2013;1;CNE
C04996;01/03/2014;>10;0;0;>48;2225.91;2226.98;2226.02;11/03/2014;11;62720.5;BT;1/01/2012;1;COEF
C04998;01/03/2014;>10;0;0;<24, 48;869.93;819.17;869.16;31/03/2014;19;14782.4;BT;1/01/2011;1;CNE
C04999;01/03/2014;>10;0;0;<24, 48;1481.67;1481.95;1659.19;4/03/2014;7;30093.6;BT;1/01/2011;1;COEF
C05000;01/03/2014;<=10;>0;0;>48;1765.78;1481.13;1773.24;26/03/2014;20;45382.9;BT;1/01/2012;1;COEF
C05001;01/03/2014;<=10;>0;0;>48;1475.42;1480.29;2978.13;27/03/2014;9;36589.8;BT;1/01/2012;1;COEF
C05002;01/03/2014;<=10;0;0;>48;249.12;279.23;0;7/03/2014;9;21918.8;BT;1/01/2013;1;CNE
C05003;01/03/2014;>10;0;0;<24, 48;555.53;555.75;0;12/03/2014;13;8840.09;BT;1/01/2011;1;COEF
C05004;01/03/2014;<=10;0;0;<=24;259.82;526.85;798.14;31/03/2014;8;1683.87;BT;1/01/2013;1;CNE
C05005;01/03/2014;<=10;0;0;<=24;802.33;0;0;19/03/2014;19;9274.21;BT;1/01/2013;0;CNE
C05006;01/03/2014;<=10;0;0;<24, 48;1368.66;1833.52;0;5/03/2014;13;12797.7;BT;1/01/2013;0;CNE
C05007;01/03/2014;<=10;0;0;>48;209.52;0;0;5/03/2014;11;6150.2;BT;1/01/2011;1;CNE
C05009;01/03/2014;<=10;0;0;>48;1466.34;0;0;13/03/2014;9;10616;BT;1/01/2012;0;CNE
C05010;01/03/2014;>10;0;0;<24, 48;333.67;383.3;0;25/03/2014;12;6647.11;BT;1/01/2013;1;CNE
C05012;01/03/2014;<=10;0;0;<24, 48;922.01;922.01;1222.81;12/03/2014;8;35709.2;BT;1/01/2013;1;CNE
C05013;01/03/2014;<=10;0;0;<24, 48;201.51;0;0;13/03/2014;13;3153.06;BT;1/01/2012;1;CNE
C05014;01/03/2014;>10;0;0;<24, 48;523.77;290.24;0;5/03/2014;16;12104;BT;1/01/2012;1;COEF
C05015;01/03/2014;<=10;0;0;<24, 48;264.4;265.13;264.63;11/03/2014;20;5750.38;BT;1/01/2013;1;CNE
C05016;01/03/2014;<=10;>0;0;<24, 48;703.41;1057.24;0;31/03/2014;19;4604.89;BT;1/01/2012;0;CNE
C05017;01/03/2014;<=10;0;0;>48;320.81;0;0;7/03/2014;14;16485.9;BT;1/01/2013;1;COEF
C05018;01/03/2014;>10;0;0;<24, 48;67.92;26.22;0;11/03/2014;9;14995.7;BT;1/01/2012;1;COEF
C05019;01/03/2014;<=10;0;0;<24, 48;802.52;903.06;35.58;20/03/2014;17;52465.2;BT;1/01/2012;1;COEF
C05021;01/03/2014;<=10;0;0;<24, 48;24.35;587.3;587.88;4/03/2014;11;14069.8;BT;1/01/2013;1;CNE
C05022;01/03/2014;<=10;0;0;<=24;92.38;0;0;4/03/2014;14;6411.7;BT;1/01/2013;1;COEF
C05023;01/03/2014;<=10;0;0;<24, 48;311.77;0;0;5/03/2014;8;6282.83;BT;1/01/2013;1;COEF
C05024;01/03/2014;<=10;>0;0;>48;360.33;542.75;0;12/03/2014;16;1333.22;BT;1/01/2011;0;CNE
C05025;01/03/2014;<=10;0;0;>48;409.69;824.44;0;27/03/2014;15;11345.7;BT;1/01/2014;1;COEF
C05026;01/03/2014;<=10;0;0;>48;33.54;0;255.45;4/03/2014;8;5296.25;BT;1/01/2013;1;CNE
C05027;01/03/2014;<=10;>0;0;<24, 48;546.56;429.88;174.46;11/03/2014;7;3895.97;BT;1/01/2013;0;CNE
C05028;01/03/2014;>10;>0;0;>48;306.33;0;0;20/03/2014;15;920.19;BT;1/01/2012;0;CNE
C05031;01/03/2014;<=10;>0;0;<24, 48;912.24;914.23;914.18;28/03/2014;16;25095;BT;1/01/2013;1;CNE
C05032;01/03/2014;<=10;0;0;<24, 48;722.84;0;0;4/03/2014;9;20521.7;BT;1/01/2013;1;COEF
C05033;01/03/2014;>10;>0;1;<24, 48;359.71;0;0;3/03/2014;10;4771.43;BT;1/01/2011;1;CNE
C05034;01/03/2014;<=10;0;0;<24, 48;503.45;254.54;0;12/03/2014;12;5703.24;BT;1/01/2013;0;CNE
C05038;01/03/2014;<=10;0;0;>48;129.07;0;0;11/03/2014;8;4821.29;BT;1/01/2013;1;COEF
C05040;01/03/2014;>10;0;0;>48;23;148.92;102.82;7/03/2014;8;8469.28;BT;1/01/2012;1;COEF
C05041;01/03/2014;<=10;0;0;>48;920.24;25.66;0;5/03/2014;12;23577.3;BT;1/01/2013;1;COEF
C05042;01/03/2014;<=10;0;0;<24, 48;830.22;0;0;19/03/2014;7;32510.5;BT;1/01/2013;1;CNE
C05043;01/03/2014;<=10;0;0;>48;22.23;451.12;442.3;7/03/2014;11;9878.93;BT;1/01/2012;1;CNE
C05044;01/03/2014;<=10;0;0;<24, 48;1361.46;1822.27;0;31/03/2014;19;12538.2;BT;1/01/2012;0;CNE
C05045;01/03/2014;>10;0;0;<24, 48;359.5;0;0;4/03/2014;13;4182.31;BT;1/01/2012;1;CNE
C05046;01/03/2014;>10;0;0;>48;541.48;543.01;543.01;27/03/2014;10;10407.8;BT;1/01/2012;1;CNE
C05047;01/03/2014;>10;0;0;<24, 48;388.55;0;0;11/03/2014;12;6470.63;BT;1/01/2012;1;CNE
C05048;01/03/2014;<=10;0;0;<24, 48;192.24;385.68;580.41;11/03/2014;10;3978.96;BT;1/01/2013;1;CNE
C05051;01/03/2014;<=10;>0;0;<24, 48;533.32;531.02;0;27/03/2014;8;5608;BT;1/01/2013;0;CNE
C05052;01/03/2014;<=10;0;0;<24, 48;842.62;788.45;0;10/03/2014;9;26195.2;BT;1/01/2013;1;CNE
C05053;01/03/2014;<=10;0;0;<24, 48;359.88;724.06;0;24/03/2014;10;8671.18;BT;1/01/2013;1;COEF
C05054;01/03/2014;>10;0;0;<24, 48;236.78;235.63;0;6/03/2014;12;2229.86;BT;1/01/2011;1;CNE
C05055;01/03/2014;<=10;0;0;<=24;764.93;764.93;410.84;7/03/2014;16;1025.71;BT;1/01/2013;0;CNE
C05056;01/03/2014;<=10;0;0;<24, 48;315.3;210.66;130.83;31/03/2014;14;3495.06;BT;1/01/2012;1;CNE
C05058;01/03/2014;<=10;>0;0;>48;753.37;1656.14;0;25/03/2014;14;22610.2;BT;1/01/2012;1;CNE
C05059;01/03/2014;<=10;>0;1;<24, 48;1778.48;0;0;5/03/2014;17;14359.4;BT;1/01/2012;0;COEF
C05060;01/03/2014;<=10;0;0;>48;53.1;40.63;0;24/03/2014;19;7841.2;BT;1/01/2012;1;CNE
C05061;01/03/2014;<=10;0;0;<24, 48;575.99;0;0;6/03/2014;7;12761.6;BT;1/01/2014;1;COEF
C05062;01/03/2014;>10;0;0;<24, 48;518.36;315.84;0;27/03/2014;19;780.26;BT;1/01/2011;0;COEF
C05063;01/03/2014;>10;0;0;>48;554.53;549.04;0;21/03/2014;10;11375.6;BT;1/01/2012;1;CNE
C05065;01/03/2014;<=10;0;0;<=24;615.63;0;0;19/03/2014;15;615.96;BT;1/01/2014;1;CNE
C05066;01/03/2014;<=10;0;0;>48;739.72;747.65;0;10/03/2014;7;27434.5;BT;1/01/2013;1;COEF
C05067;01/03/2014;<=10;0;0;<24, 48;840.39;0;0;4/03/2014;9;24369.6;BT;1/01/2013;1;CNE
C05068;01/03/2014;<=10;0;0;>48;357.26;101.91;0;7/03/2014;13;9306.14;BT;1/01/2013;1;CNE
C05069;01/03/2014;<=10;0;0;<24, 48;647.25;0;0;4/03/2014;11;19231.8;BT;1/01/2013;1;COEF
C05071;01/03/2014;<=10;0;0;>48;154.57;0;0;5/03/2014;10;1560.59;BT;1/01/2013;1;CNE
C05072;01/03/2014;<=10;>0;0;<24, 48;1200.52;1807;0;20/03/2014;10;7219.22;BT;1/01/2011;0;CNE
C05074;01/03/2014;<=10;>0;0;<24, 48;328.2;675.17;673.99;12/03/2014;14;19457.7;BT;1/01/2012;1;COEF
C05075;01/03/2014;<=10;0;0;>48;283.55;284.03;0;4/03/2014;13;9641.95;BT;1/01/2012;1;COEF
C05078;01/03/2014;<=10;0;0;>48;713.84;802.63;0;7/03/2014;9;20839.8;BT;1/01/2013;1;CNE
C05079;01/03/2014;<=10;>0;1;<24, 48;426.58;847.66;0;20/03/2014;12;8837.48;BT;1/01/2013;0;CNE
C05080;01/03/2014;>10;0;0;<24, 48;243.59;242.92;0;5/03/2014;16;3361.18;BT;1/01/2011;1;CNE
C05081;01/03/2014;<=10;0;0;<=24;284.07;21.19;45.94;28/03/2014;11;2762.26;BT;1/01/2013;1;COEF
C05082;01/03/2014;>10;0;0;<24, 48;157.83;158.03;0;6/03/2014;16;1796.56;BT;1/01/2012;1;CNE
C05085;01/03/2014;<=10;0;0;>48;1196.99;1196.55;7.05;4/03/2014;8;27493.8;BT;1/01/2011;1;COEF
C05086;01/03/2014;<=10;0;0;<24, 48;30.27;437.1;0;7/03/2014;16;11106.1;BT;1/01/2013;1;CNE
C05087;01/03/2014;>10;0;0;<24, 48;449.72;450.17;0;10/03/2014;10;3058.17;BT;1/01/2011;1;CNE
C05088;01/03/2014;<=10;0;0;>48;326.68;2.04;0;17/03/2014;20;8599.94;BT;1/01/2013;1;CNE
C05090;01/03/2014;>10;0;0;<24, 48;1754;2640.33;0;25/03/2014;13;7577.05;BT;1/01/2010;0;CNE
C05091;01/03/2014;>10;0;0;<24, 48;253.68;254.3;0;19/03/2014;18;3719.47;BT;1/01/2011;1;COEF
C05092;01/03/2014;<=10;0;0;<24, 48;413.66;411.06;0;10/03/2014;10;6776.69;BT;1/01/2011;1;CNE
C05093;01/03/2014;<=10;0;0;<24, 48;234.12;0;233.69;6/03/2014;11;5162.36;BT;1/01/2013;1;CNE
C05094;01/03/2014;<=10;0;0;>48;453.82;0;0;4/03/2014;19;9135.52;BT;1/01/2012;1;COEF
C05096;01/03/2014;<=10;0;0;<24, 48;1414.26;2131.06;0;5/03/2014;7;18011.1;BT;1/01/2012;0;CNE
C05097;01/03/2014;<=10;>0;1;<24, 48;764.23;0;0;21/03/2014;14;5511.39;BT;1/01/2012;0;COEF
C05098;01/03/2014;<=10;0;0;>48;654.18;576.12;0;18/03/2014;11;18546.6;BT;1/01/2013;1;COEF
C05099;01/03/2014;<=10;0;0;<24, 48;675.49;0;0;19/03/2014;11;20153.8;BT;1/01/2013;1;CNE
C05100;01/03/2014;>10;0;0;<24, 48;473.22;0;0;4/03/2014;19;7378.41;BT;1/01/2011;1;COEF
C05101;01/03/2014;>10;0;0;<=24;603.57;0;0;5/03/2014;15;4591.97;BT;1/01/2012;1;COEF
C05102;01/03/2014;<=10;0;0;<24, 48;126.6;11.03;0;12/03/2014;8;2012.54;BT;1/01/2011;1;CNE
C05103;01/03/2014;<=10;0;0;<24, 48;256.92;248.27;241.69;28/03/2014;10;5682.09;BT;1/01/2014;1;CNE
C05104;01/03/2014;<=10;>0;0;<24, 48;341.63;341.76;0;14/03/2014;13;8048.75;BT;1/01/2012;1;COEF
C05105;01/03/2014;<=10;>0;0;<24, 48;674.41;674.41;0;31/03/2014;10;8603.2;BT;1/01/2012;0;COEF
C05106;01/03/2014;<=10;0;0;<=24;419.55;0;0;6/03/2014;11;7367.84;BT;1/01/2013;1;CNE
C05107;01/03/2014;<=10;0;0;<24, 48;475.97;0;0;6/03/2014;8;13921;BT;1/01/2012;1;COEF
C05108;01/03/2014;<=10;0;0;<=24;291.16;282.66;0;21/03/2014;14;2194.95;BT;1/01/2013;1;CNE
C05109;01/03/2014;<=10;0;0;>48;42.91;189.77;0;17/03/2014;12;6898.05;BT;1/01/2011;1;CNE
C05110;01/03/2014;<=10;0;0;<=24;658.07;658.07;0;24/03/2014;8;1843.27;BT;1/01/2013;0;COEF
C05112;01/03/2014;>10;0;0;>48;371.56;0;0;7/03/2014;9;636.54;BT;1/01/2010;1;COEF
C05114;01/03/2014;<=10;0;0;>48;119.45;430.72;0;28/03/2014;12;14419;BT;1/01/2012;1;COEF
C05115;01/03/2014;<=10;0;0;<24, 48;443.27;593.17;0;17/03/2014;12;1799.61;BT;1/01/2012;0;COEF
C05116;01/03/2014;<=10;0;0;>48;600.93;602.74;0;6/03/2014;13;17578.6;BT;1/01/2013;1;CNE
C05117;01/03/2014;<=10;0;0;<=24;1931.9;975.43;929.09;26/03/2014;7;9095.37;BT;1/01/2013;1;COEF
C05118;01/03/2014;<=10;>0;1;<24, 48;610.49;0;0;12/03/2014;9;9647.62;BT;1/01/2012;1;COEF
C05119;01/03/2014;<=10;0;0;>48;420.89;842.13;0;25/03/2014;15;9207.91;BT;1/01/2012;1;CNE
C05120;01/03/2014;<=10;>0;0;>48;940.92;1494.44;0;6/03/2014;8;1475.39;BT;1/01/2010;0;CNE
C05121;01/03/2014;<=10;0;0;<=24;173.85;0;0;6/03/2014;11;2685.49;BT;1/01/2013;1;CNE
C05122;01/03/2014;<=10;>0;0;<24, 48;362.35;595.01;829.01;17/03/2014;18;5014.83;BT;1/01/2013;0;COEF
C05123;01/03/2014;<=10;0;0;<24, 48;1827.58;0;0;21/03/2014;13;16098.5;BT;1/01/2012;0;CNE
C05125;01/03/2014;<=10;0;0;<24, 48;247.78;0;0;4/03/2014;20;4229.73;BT;1/01/2012;1;CNE
C05127;01/03/2014;<=10;0;0;<=24;156.85;156.85;156.73;27/03/2014;9;1977.5;BT;1/01/2013;1;CNE
C05129;01/03/2014;<=10;>0;0;<=24;503.26;674.29;0;11/03/2014;19;1282.05;BT;1/01/2012;0;COEF
C05130;01/03/2014;<=10;0;0;<24, 48;425.79;425.29;0;4/03/2014;16;10094.2;BT;1/01/2013;1;COEF
C05131;01/03/2014;<=10;0;0;>48;34.56;0;0;25/03/2014;20;17051.8;BT;1/01/2012;1;CNE
C05132;01/03/2014;<=10;0;1;>48;3637.24;5214.47;0;10/03/2014;11;42538;BT;1/01/2011;0;CNE
C05135;01/03/2014;<=10;0;0;<=24;127.74;231.09;0;19/03/2014;17;1318.82;BT;1/01/2013;1;CNE
C05136;01/03/2014;>10;>0;0;>48;891.78;413.55;0;31/03/2014;7;25573.9;BT;1/01/2012;1;CNE
C05137;01/03/2014;<=10;0;0;>48;374.08;0;391.56;4/03/2014;13;11652.3;BT;1/01/2013;1;COEF
C05138;01/03/2014;<=10;0;0;>48;143.93;58.2;0;6/03/2014;8;20134.8;BT;1/01/2013;1;CNE
C05139;01/03/2014;<=10;0;0;<24, 48;1071.32;2602.14;0;28/03/2014;10;37482.6;BT;1/01/2013;1;CNE
C05140;01/03/2014;<=10;0;0;<24, 48;70.24;0;0;4/03/2014;9;14441.8;BT;1/01/2012;1;COEF
C05143;01/03/2014;<=10;0;0;<24, 48;838.74;833.76;193.6;6/03/2014;18;25014.8;BT;1/01/2013;1;COEF
C05144;01/03/2014;<=10;0;0;>48;4360.23;5833.31;0;4/03/2014;12;41608.1;BT;1/01/2011;0;CNE
C05145;01/03/2014;<=10;0;0;>48;670.48;0;0;5/03/2014;16;18428.5;BT;1/01/2013;1;CNE
C05146;01/03/2014;<=10;0;0;<24, 48;56.3;0;0;21/03/2014;17;5762.25;BT;1/01/2012;1;CNE
C05147;01/03/2014;<=10;0;0;<24, 48;225.71;226.12;225.98;27/03/2014;10;4069.42;BT;1/01/2013;1;COEF
C05148;01/03/2014;<=10;0;0;<24, 48;161.28;0;0;4/03/2014;7;4821.15;BT;1/01/2013;1;CNE
C05149;01/03/2014;<=10;0;0;<24, 48;280.72;281.11;281.36;18/03/2014;7;1606.89;BT;1/01/2011;1;COEF
C05150;01/03/2014;<=10;>0;0;<24, 48;837.45;0;0;3/03/2014;12;10394.5;BT;1/01/2013;1;CNE
C05151;01/03/2014;>10;0;0;>48;411.41;825.26;0;27/03/2014;19;5609.85;BT;1/01/2012;1;CNE
C05152;01/03/2014;>10;0;0;>48;632.15;0;0;24/03/2014;11;8092.27;BT;1/01/2011;1;CNE
C05153;01/03/2014;>10;0;0;<24, 48;638.49;3.78;0;4/03/2014;13;13316.7;BT;1/01/2012;1;COEF
C05154;01/03/2014;>10;0;0;>48;506.1;507.91;0;10/03/2014;20;8310.72;BT;1/01/2011;1;CNE
C05157;01/03/2014;<=10;0;0;<24, 48;125.07;128.85;119.76;31/03/2014;7;2714.85;BT;1/01/2012;1;CNE
C05160;01/03/2014;>10;0;0;>48;96.56;284.84;0;12/03/2014;15;1799.62;BT;1/01/2010;0;CNE
C05161;01/03/2014;<=10;0;0;>48;363.3;0;0;10/03/2014;7;9746.97;BT;1/01/2013;1;COEF
C05162;01/03/2014;<=10;>0;0;<=24;817.62;618.85;280.7;27/03/2014;10;3453.07;BT;1/01/2013;0;CNE
C05165;01/03/2014;<=10;0;0;<=24;850.03;851.88;0;3/03/2014;9;836.23;BT;1/01/2012;0;CNE
C05167;01/03/2014;<=10;0;0;<24, 48;253.55;0;0;12/03/2014;8;3708.31;BT;1/01/2012;1;COEF
C05168;01/03/2014;<=10;0;0;<24, 48;565.52;559.91;61.21;4/03/2014;11;12814.7;BT;1/01/2013;1;COEF
C05169;01/03/2014;>10;0;0;<24, 48;184.44;165.33;0;5/03/2014;10;3228.18;BT;1/01/2011;1;COEF
C05170;01/03/2014;>10;0;0;>48;936.15;661.92;0;6/03/2014;8;13693.5;BT;1/01/2012;0;CNE
C05171;01/03/2014;>10;0;0;<24, 48;433.31;420.67;328.64;12/03/2014;11;5198.42;BT;1/01/2012;1;CNE
C05172;01/03/2014;>10;0;0;<24, 48;305.09;610.41;918.44;28/03/2014;15;4347.58;BT;1/01/2012;1;CNE
C05173;01/03/2014;>10;0;0;<24, 48;136.33;136.6;0;5/03/2014;12;1770.92;BT;1/01/2011;1;CNE
C05174;01/03/2014;>10;0;0;<24, 48;342.01;468.03;738.1;18/03/2014;13;948.12;BT;1/01/2011;1;CNE
C05177;01/03/2014;<=10;>0;0;<24, 48;749.05;0;0;10/03/2014;16;7690.61;BT;1/01/2013;0;CNE
C05179;01/03/2014;<=10;0;0;<24, 48;253.5;253.58;0;28/03/2014;15;3180.68;BT;1/01/2012;1;CNE
C05180;01/03/2014;<=10;0;0;<24, 48;522.17;523.6;523.6;28/03/2014;8;9295.84;BT;1/01/2013;1;CNE
C05181;01/03/2014;<=10;0;0;<24, 48;313.96;314.4;0;4/03/2014;14;5332.29;BT;1/01/2013;1;CNE
C05182;01/03/2014;<=10;0;0;<24, 48;233.51;468.86;216.28;17/03/2014;9;4117.65;BT;1/01/2013;1;CNE
C05183;01/03/2014;<=10;>0;0;<=24;967.86;1297.73;0;5/03/2014;14;2972.91;BT;1/01/2013;0;CNE
C05185;01/03/2014;<=10;0;0;<24, 48;243.69;0;0;18/03/2014;20;3839.98;BT;1/01/2012;1;COEF
C05186;01/03/2014;>10;0;0;<24, 48;176.25;183.26;0;7/03/2014;8;2369.6;BT;1/01/2012;1;CNE
C05187;01/03/2014;<=10;0;0;<=24;625.69;0;0;20/03/2014;15;937.39;BT;1/01/2012;0;CNE
C05189;01/03/2014;>10;0;0;<24, 48;488.84;489.73;0;24/03/2014;9;10010.8;BT;1/01/2012;1;CNE
C05190;01/03/2014;<=10;0;0;>48;446.59;447.39;0;11/03/2014;12;10914;BT;1/01/2013;1;COEF
C05194;01/03/2014;<=10;0;0;<24, 48;193.03;386.4;0;7/03/2014;15;579.09;BT;1/01/2010;1;CNE
C05198;01/03/2014;<=10;0;0;>48;956.29;789.72;0;7/03/2014;10;30742.8;BT;1/01/2013;1;CNE
C05199;01/03/2014;<=10;0;0;>48;410.56;1472.36;472.36;18/03/2014;11;13383.4;BT;1/01/2010;1;COEF
C05200;01/03/2014;<=10;0;0;>48;174.37;174.37;1152.81;27/03/2014;9;4090.58;BT;1/01/2013;1;CNE
C05201;01/03/2014;<=10;0;0;<24, 48;669.62;1351.21;0;25/03/2014;13;17585.2;BT;1/01/2013;1;CNE
C05203;01/03/2014;<=10;0;0;<24, 48;187.92;189.36;0;5/03/2014;10;3383.23;BT;1/01/2013;1;COEF
C05204;01/03/2014;<=10;0;0;<24, 48;192.13;286.54;0;4/03/2014;9;7489.88;BT;1/01/2012;1;CNE
C05205;01/03/2014;<=10;0;0;<24, 48;741.57;456.02;0;4/03/2014;9;2937.47;BT;1/01/2011;1;COEF
C05206;01/03/2014;<=10;0;0;>48;206.84;413.68;620.52;6/03/2014;16;5356.29;BT;1/01/2014;1;CNE
C05207;01/03/2014;<=10;>0;0;>48;1413.22;629.04;0;25/03/2014;13;23198.8;BT;1/01/2013;0;CNE
C05208;01/03/2014;<=10;0;0;>48;88.76;516.11;0;27/03/2014;17;12056;BT;1/01/2013;1;CNE
C05209;01/03/2014;<=10;0;0;<24, 48;188.45;0;0;5/03/2014;8;5294.74;BT;1/01/2012;1;COEF
C05210;01/03/2014;<=10;>0;0;>48;343.7;352.47;0;21/03/2014;7;6771.84;BT;1/01/2012;1;CNE
C05211;01/03/2014;>10;0;0;<24, 48;253.97;222.92;0;27/03/2014;9;7261.1;BT;1/01/2012;1;CNE
C05212;01/03/2014;>10;0;0;<24, 48;613.91;613.75;0;10/03/2014;7;9677.53;BT;1/01/2011;1;COEF
C05213;01/03/2014;>10;0;0;>48;332.38;0;0;13/03/2014;11;2425.35;BT;1/01/2011;1;CNE
C05214;01/03/2014;<=10;0;0;>48;25.24;0;0;11/03/2014;7;9750.65;BT;1/01/2013;1;COEF
C05215;01/03/2014;<=10;0;0;>48;1638.22;0;0;7/03/2014;8;25439.9;BT;1/01/2012;0;CNE
C05216;01/03/2014;<=10;>0;0;<=24;637.79;0;0;5/03/2014;20;630.42;BT;1/01/2013;0;CNE
C05217;01/03/2014;<=10;>0;0;<=24;272.65;429.77;588.1;17/03/2014;19;2735.38;BT;1/01/2013;0;CNE
C05218;01/03/2014;<=10;0;0;<24, 48;510.88;657.49;0;13/03/2014;9;32669.7;BT;1/01/2013;1;CNE
C05219;01/03/2014;<=10;0;0;<24, 48;626.12;0;0;11/03/2014;7;12674.8;BT;1/01/2013;1;COEF
C05220;01/03/2014;>10;>0;0;>48;684.76;1371.88;0;17/03/2014;8;11899.1;BT;1/01/2011;1;CNE
C05221;01/03/2014;<=10;>0;0;>48;2322.16;3108.41;0;10/03/2014;15;25725.7;BT;1/01/2013;0;COEF
C05222;01/03/2014;<=10;>0;0;>48;310.41;428.59;0;27/03/2014;19;3829.85;BT;1/01/2013;0;CNE
C05223;01/03/2014;<=10;0;0;<=24;492.51;989.51;0;26/03/2014;10;4871.17;BT;1/01/2013;1;CNE
C05224;01/03/2014;<=10;0;0;<24, 48;60.37;72.77;246.67;6/03/2014;16;4780.97;BT;1/01/2013;1;CNE
C05225;01/03/2014;<=10;0;0;>48;328.96;624.7;765.48;24/03/2014;13;23182.7;BT;1/01/2012;1;CNE
C05227;01/03/2014;<=10;0;0;<24, 48;352.84;352.66;0;7/03/2014;10;8155.85;BT;1/01/2013;1;CNE
C05228;01/03/2014;<=10;>0;0;<24, 48;443.01;907.89;0;24/03/2014;11;5454.01;BT;1/01/2012;1;CNE
C05229;01/03/2014;<=10;0;0;<24, 48;1208.94;1208.94;0;26/03/2014;8;18525.8;BT;1/01/2013;0;CNE
C05230;01/03/2014;<=10;>0;1;<24, 48;941.81;729.8;0;3/03/2014;9;22691.3;BT;1/01/2013;0;CNE
C05231;01/03/2014;<=10;0;0;<=24;308.75;619.28;0;18/03/2014;14;3553.2;BT;1/01/2013;1;CNE
C05232;01/03/2014;<=10;0;0;<24, 48;873.25;0;0;6/03/2014;16;21614.6;BT;1/01/2013;1;COEF
C05233;01/03/2014;<=10;0;0;<=24;857.67;161.71;0;7/03/2014;14;17624.9;BT;1/01/2013;1;CNE
C05235;01/03/2014;>10;0;0;<24, 48;127.07;0;0;11/03/2014;15;12927.4;BT;1/01/2012;1;CNE
C05236;01/03/2014;<=10;0;0;<=24;369.06;373.31;0;26/03/2014;11;5080.56;BT;1/01/2013;1;CNE
C05237;01/03/2014;<=10;>0;1;<24, 48;247.81;0;0;11/03/2014;19;3228.83;BT;1/01/2012;1;CNE
C05238;01/03/2014;<=10;0;0;<24, 48;188.81;500.89;0;21/03/2014;13;8858.02;BT;1/01/2013;1;CNE
C05239;01/03/2014;<=10;0;0;<24, 48;554.47;558.4;0;24/03/2014;17;551.33;BT;1/01/2012;0;CNE
C05240;01/03/2014;<=10;0;0;>48;104.41;0;0;6/03/2014;12;75499.4;BT;1/01/2012;1;CNE
C05241;01/03/2014;<=10;0;0;<24, 48;39.15;204.41;0;18/03/2014;17;4162.77;BT;1/01/2013;1;COEF
C05242;01/03/2014;<=10;0;0;<24, 48;853.3;1281.53;0;5/03/2014;8;3355.27;BT;1/01/2011;0;CNE
C05244;01/03/2014;<=10;0;0;>48;55.02;0;0;6/03/2014;13;3549.44;BT;1/01/2011;1;COEF
C05245;01/03/2014;<=10;0;0;<24, 48;1426.86;1350.35;0;28/03/2014;8;43831.6;BT;1/01/2013;1;CNE
C05248;01/03/2014;<=10;0;0;<=24;906.02;906.02;0;28/03/2014;15;4083.99;BT;1/01/2013;0;CNE
C05249;01/03/2014;<=10;0;0;<=24;184.03;0;0;7/03/2014;10;1901.35;BT;1/01/2014;1;CNE
C05250;01/03/2014;>10;0;0;>48;34.34;889.87;0;10/03/2014;10;19084.2;BT;1/01/2012;1;CNE
C05251;01/03/2014;<=10;0;0;<24, 48;290.39;0;0;4/03/2014;14;3450.87;BT;1/01/2012;1;CNE
C05252;01/03/2014;<=10;0;0;<24, 48;326.37;0;0;19/03/2014;18;8355.21;BT;1/01/2012;1;COEF
C05253;01/03/2014;<=10;0;0;>48;654.99;57.03;0;5/03/2014;14;16782.1;BT;1/01/2013;1;CNE
C05255;01/03/2014;<=10;0;0;<24, 48;379.21;0;0;3/03/2014;11;10764.9;BT;1/01/2013;0;COEF
C05256;01/03/2014;<=10;0;0;<24, 48;457.32;0;0;6/03/2014;10;7470.04;BT;1/01/2011;1;CNE
C05257;01/03/2014;>10;0;0;>48;52.34;251.33;0;3/03/2014;20;3479.51;BT;1/01/2011;1;COEF
C05259;01/03/2014;<=10;0;0;>48;556.82;0;0;7/03/2014;15;16321.5;BT;1/01/2013;1;CNE
C05260;01/03/2014;<=10;0;0;>48;1987.07;0;0;14/03/2014;8;19177;BT;1/01/2013;0;CNE
C05261;01/03/2014;<=10;0;0;<24, 48;169.95;0;0;4/03/2014;15;3020.01;BT;1/01/2013;1;CNE
C05262;01/03/2014;<=10;>0;0;<24, 48;280.98;0;0;12/03/2014;17;2399.64;BT;1/01/2011;1;COEF
C05263;01/03/2014;<=10;>0;1;<24, 48;221.34;272.93;0;12/03/2014;17;4934.15;BT;1/01/2013;1;CNE
C05264;01/03/2014;<=10;0;0;>48;616.1;0;0;20/03/2014;9;19660.2;BT;1/01/2013;1;CNE
C05266;01/03/2014;<=10;0;0;>48;202.99;202.99;0;13/03/2014;12;11511.4;BT;1/01/2013;1;CNE
C05267;01/03/2014;<=10;0;0;<24, 48;325.47;183.18;326.8;13/03/2014;12;4994.65;BT;1/01/2012;1;CNE
C05268;01/03/2014;>10;0;0;>48;117.18;0;0;4/03/2014;8;6376.49;BT;1/01/2011;1;COEF
C05269;01/03/2014;<=10;>0;0;<24, 48;1329.61;0;0;5/03/2014;15;18245.4;BT;1/01/2013;1;CNE
C05270;01/03/2014;<=10;0;0;<24, 48;156.68;0;0;6/03/2014;10;5109.88;BT;1/01/2014;1;COEF
C05271;01/03/2014;<=10;0;0;>48;1255.7;2831.89;0;19/03/2014;12;47647.8;BT;1/01/2012;1;CNE
C05272;01/03/2014;<=10;0;0;>48;901.1;0;0;21/03/2014;19;36270;BT;1/01/2013;1;CNE
C05273;01/03/2014;>10;0;0;<24, 48;259;0;0;19/03/2014;7;3782.13;BT;1/01/2011;1;CNE
C05274;01/03/2014;<=10;>0;0;<24, 48;774.51;774.51;0;28/03/2014;16;4970.31;BT;1/01/2013;0;CNE
C05275;01/03/2014;<=10;>0;0;<24, 48;926.09;1251.28;0;26/03/2014;15;5059.13;BT;1/01/2012;0;CNE
C05276;01/03/2014;<=10;0;0;<24, 48;471.97;0;0;6/03/2014;7;9671.54;BT;1/01/2012;1;CNE
C05277;01/03/2014;<=10;0;0;<24, 48;971.27;1949.68;0;5/03/2014;16;33166.9;BT;1/01/2013;1;CNE
C05279;01/03/2014;<=10;0;0;<24, 48;576.89;771.46;0;6/03/2014;10;4416.48;BT;1/01/2013;0;CNE
C05280;01/03/2014;<=10;0;0;>48;39.61;0;0;4/03/2014;8;51914.1;BT;1/01/2013;1;COEF
C05281;01/03/2014;>10;>0;0;<24, 48;812.41;1622.28;801.54;26/03/2014;8;17671.8;BT;1/01/2012;1;CNE
C05282;01/03/2014;<=10;0;0;<24, 48;393.6;0;0;12/03/2014;8;10099;BT;1/01/2012;1;CNE
C05283;01/03/2014;>10;0;0;<24, 48;584.82;0;0;10/03/2014;17;9413.39;BT;1/01/2011;1;CNE
C05284;01/03/2014;<=10;0;0;<24, 48;808.33;808.33;0;4/03/2014;15;16578.5;BT;1/01/2013;1;CNE
C05286;01/03/2014;<=10;0;0;<24, 48;372.18;0;0;5/03/2014;7;1537.71;BT;1/01/2011;1;CNE
C05287;01/03/2014;<=10;0;0;<24, 48;212.31;211.13;0;6/03/2014;10;4166.22;BT;1/01/2013;1;CNE
C05289;01/03/2014;<=10;0;0;<24, 48;853.87;1308.88;0;21/03/2014;8;10068.9;BT;1/01/2013;0;CNE
C05291;01/03/2014;<=10;>0;1;>48;2067.21;2765.69;0;4/03/2014;8;20867.2;BT;1/01/2013;0;COEF
C05292;01/03/2014;<=10;0;0;<24, 48;162.29;0;0;4/03/2014;8;2227.92;BT;1/01/2012;1;CNE
C05294;01/03/2014;<=10;0;0;<24, 48;1282.95;0;0;24/03/2014;11;35912.5;BT;1/01/2012;1;CNE
C05295;01/03/2014;<=10;0;0;<24, 48;357.29;0;0;20/03/2014;7;10447;BT;1/01/2013;1;COEF
C05296;01/03/2014;>10;0;0;>48;387.49;389.96;383.46;7/03/2014;15;3069.15;BT;1/01/2010;1;CNE
C05297;01/03/2014;>10;0;0;>48;322.86;415.38;0;25/03/2014;14;6973.51;BT;1/01/2011;1;CNE
C05298;01/03/2014;<=10;0;0;<24, 48;129.45;346.03;0;12/03/2014;7;7566.23;BT;1/01/2011;1;COEF
C05299;01/03/2014;<=10;0;0;<24, 48;387.04;775.74;0;6/03/2014;13;6097.55;BT;1/01/2011;1;CNE
C05300;01/03/2014;<=10;0;0;<24, 48;517.91;521.73;521.73;21/03/2014;10;10445.8;BT;1/01/2013;1;COEF
C05302;01/03/2014;<=10;0;0;<=24;313.19;0;0;6/03/2014;10;3882.18;BT;1/01/2013;1;COEF
C05303;01/03/2014;>10;>0;0;<24, 48;355.96;712.4;356.05;21/03/2014;14;2196.89;BT;1/01/2011;1;CNE
C05304;01/03/2014;<=10;0;0;>48;1073.53;0;0;13/03/2014;12;4863.33;BT;1/01/2010;0;CNE
C05305;01/03/2014;<=10;0;0;<24, 48;300.3;602.59;907.23;20/03/2014;11;4954.75;BT;1/01/2013;1;CNE
C05306;01/03/2014;<=10;0;0;>48;1368.05;0;0;6/03/2014;10;48406.3;BT;1/01/2013;1;COEF
C05307;01/03/2014;<=10;0;0;<=24;272.8;0;365.18;5/03/2014;12;2582.29;BT;1/01/2013;1;CNE
C05308;01/03/2014;<=10;0;0;>48;332.36;0;0;5/03/2014;16;36497.4;BT;1/01/2013;1;CNE
C05310;01/03/2014;>10;0;0;<24, 48;1772.51;0;0;18/03/2014;17;5712.16;BT;1/01/2011;0;CNE
C05312;01/03/2014;<=10;>0;0;>48;424.53;421.65;300.96;18/03/2014;13;12785.9;BT;1/01/2013;1;COEF
C05313;01/03/2014;<=10;0;0;>48;423.49;848.56;0;14/03/2014;10;7201.97;BT;1/01/2011;1;CNE
C05314;01/03/2014;<=10;>0;1;>48;1088.24;2238.66;0;25/03/2014;11;35474.1;BT;1/01/2012;1;CNE
C05315;01/03/2014;<=10;0;0;<24, 48;121.03;33.42;0;5/03/2014;9;18705;BT;1/01/2013;1;CNE
C05316;01/03/2014;>10;>0;0;<24, 48;595.63;954.67;0;27/03/2014;8;6943.57;BT;1/01/2012;0;CNE
C05317;01/03/2014;<=10;>0;0;<24, 48;199.99;199.99;0;28/03/2014;11;8648.35;BT;1/01/2013;1;CNE
C05319;01/03/2014;>10;>0;0;<24, 48;2671.8;0;0;3/03/2014;17;11865.4;BT;1/01/2011;0;CNE
C05321;01/03/2014;>10;>0;0;<24, 48;1191.91;1191.91;0;18/03/2014;7;6026.94;BT;1/01/2011;0;COEF
C05322;01/03/2014;<=10;>0;0;<=24;385.83;385.83;1169.64;31/03/2014;10;1824.52;BT;1/01/2012;1;CNE
C05323;01/03/2014;<=10;0;0;<24, 48;995.37;997.92;0;4/03/2014;9;28893.8;BT;1/01/2013;1;COEF
C05324;01/03/2014;>10;0;0;>48;852.23;0;0;19/03/2014;11;4963.45;BT;1/01/2011;1;COEF
C05325;01/03/2014;<=10;0;0;>48;762.76;0;86.08;4/03/2014;10;16236.5;BT;1/01/2012;1;CNE
C05326;01/03/2014;<=10;0;0;<=24;1012.48;1014.15;0;26/03/2014;7;1010.8;BT;1/01/2014;1;COEF
C05327;01/03/2014;>10;0;0;>48;612.58;0;0;5/03/2014;15;6093.94;BT;1/01/2011;1;CNE
C05329;01/03/2014;<=10;0;0;>48;359.41;553.93;0;4/03/2014;12;9634.3;BT;1/01/2013;1;CNE
C05330;01/03/2014;<=10;>0;0;<24, 48;413.14;0;0;17/03/2014;8;8496.81;BT;1/01/2013;1;CNE
C05331;01/03/2014;<=10;0;0;<24, 48;581.94;583.13;578.43;13/03/2014;9;11075.1;BT;1/01/2011;1;CNE
C05334;01/03/2014;>10;0;0;>48;232.36;467.77;0;28/03/2014;11;2576.34;BT;1/01/2012;1;CNE
C05335;01/03/2014;<=10;0;0;>48;339.16;329.95;0;7/03/2014;16;4058.21;BT;1/01/2012;0;CNE
C05336;01/03/2014;>10;0;0;<24, 48;73.45;833.45;0;27/03/2014;18;11655.5;BT;1/01/2011;1;COEF
C05337;01/03/2014;>10;0;0;<24, 48;693.57;694.64;0;11/03/2014;15;10988.2;BT;1/01/2012;1;CNE
C05338;01/03/2014;<=10;0;0;<24, 48;455.25;0;0;6/03/2014;7;13823.2;BT;1/01/2013;1;COEF
C05339;01/03/2014;>10;0;0;>48;1240.72;2486.02;0;10/03/2014;11;26541.8;BT;1/01/2011;1;CNE
C05340;01/03/2014;>10;>0;0;<24, 48;199.4;199.4;0;26/03/2014;12;4288.6;BT;1/01/2011;1;CNE
C05343;01/03/2014;<=10;>0;0;<24, 48;418.58;419.95;0;17/03/2014;8;3232.56;BT;1/01/2011;1;COEF
C05345;01/03/2014;>10;>0;0;<24, 48;467.25;1192.25;0;28/03/2014;14;12286.4;BT;1/01/2011;1;CNE
C05347;01/03/2014;<=10;0;0;<24, 48;1263.14;264;1279.18;6/03/2014;17;35000.8;BT;1/01/2012;1;CNE
C05349;01/03/2014;<=10;0;0;<24, 48;380.98;0;0;10/03/2014;11;7262.92;BT;1/01/2012;1;CNE
C05351;01/03/2014;<=10;0;0;>48;690.16;0;94.11;7/03/2014;15;21700.8;BT;1/01/2013;1;COEF
C05352;01/03/2014;<=10;0;0;<24, 48;125.33;0;0;14/03/2014;7;825.48;BT;1/01/2012;1;COEF
C05353;01/03/2014;<=10;0;0;<24, 48;499.55;0;0;4/03/2014;18;15267.5;BT;1/01/2012;1;CNE
C05354;01/03/2014;>10;0;0;<24, 48;223.27;223.33;447.39;3/03/2014;13;1142.14;BT;1/01/2011;0;COEF
C05356;01/03/2014;<=10;0;0;<24, 48;783.64;783.64;0;17/03/2014;17;21239.8;BT;1/01/2013;1;CNE
C05358;01/03/2014;<=10;0;0;<24, 48;918.1;923.91;0;14/03/2014;17;21469.5;BT;1/01/2013;1;CNE
C05360;01/03/2014;<=10;0;0;<24, 48;209.25;63.77;0;17/03/2014;14;3287.5;BT;1/01/2012;1;CNE
C05361;01/03/2014;<=10;>0;1;<24, 48;262.15;262.15;0;27/03/2014;11;5052.43;BT;1/01/2013;1;COEF
C05362;01/03/2014;<=10;0;0;>48;1200.42;1197.94;0;7/03/2014;15;35438.8;BT;1/01/2013;1;CNE
C05363;01/03/2014;>10;>0;1;<24, 48;1012.45;1.39;0;17/03/2014;7;34998.8;BT;1/01/2011;1;CNE
C05364;01/03/2014;>10;>0;0;<24, 48;661.92;884.37;0;27/03/2014;10;3531.53;BT;1/01/2011;0;COEF
C05366;01/03/2014;<=10;0;0;<24, 48;221.95;314.95;0;11/03/2014;19;5300.02;BT;1/01/2013;1;COEF
C05367;01/03/2014;<=10;>0;0;<24, 48;614.4;1230.7;0;27/03/2014;8;15602;BT;1/01/2013;1;COEF
C05369;01/03/2014;>10;0;0;<24, 48;143.17;179.36;0;3/03/2014;17;694.27;BT;1/01/2010;1;CNE
C05370;01/03/2014;<=10;0;0;<24, 48;196.88;0;0;4/03/2014;9;3398.8;BT;1/01/2012;1;CNE
C05371;01/03/2014;>10;0;0;>48;273.07;0;428.37;10/03/2014;11;12535;BT;1/01/2012;1;COEF
C05373;01/03/2014;<=10;0;0;>48;195.3;0;0;26/03/2014;8;13135.8;BT;1/01/2013;1;CNE
C05374;01/03/2014;<=10;0;0;<24, 48;69.82;0;0;10/03/2014;8;2346.1;BT;1/01/2013;1;COEF
C05375;01/03/2014;<=10;>0;0;<24, 48;255.95;293.24;0;21/03/2014;7;8072.86;BT;1/01/2013;1;CNE
C05376;01/03/2014;<=10;0;0;>48;1368.61;0;0;24/03/2014;13;36575.1;BT;1/01/2012;1;COEF
C05377;01/03/2014;>10;0;0;<24, 48;879;0;0;6/03/2014;14;9304.81;BT;1/01/2011;1;COEF
C05378;01/03/2014;<=10;0;0;<24, 48;485.74;0;0;6/03/2014;7;8070.51;BT;1/01/2011;1;CNE
C05379;01/03/2014;<=10;>0;0;>48;467.15;1.78;0;20/03/2014;11;14640.3;BT;1/01/2013;1;COEF
C05380;01/03/2014;<=10;0;0;>48;1065.32;1605.76;0;28/03/2014;10;19218.9;BT;1/01/2013;0;CNE
C05381;01/03/2014;<=10;0;0;<24, 48;446.6;599.87;0;27/03/2014;14;4710.37;BT;1/01/2013;0;CNE
C05382;01/03/2014;<=10;>0;1;<24, 48;94.56;305.31;0;17/03/2014;9;5935.55;BT;1/01/2013;1;CNE
C05383;01/03/2014;<=10;0;0;>48;551.44;1000.85;0;26/03/2014;7;30221.4;BT;1/01/2012;1;CNE
C05384;01/03/2014;<=10;0;0;<24, 48;341.46;0;0;6/03/2014;10;8133.33;BT;1/01/2013;1;COEF
C05385;01/03/2014;<=10;0;0;<24, 48;512.34;495.83;161.24;14/03/2014;12;6426.61;BT;1/01/2012;0;COEF
C05386;01/03/2014;<=10;>0;0;<24, 48;945.65;0;0;7/03/2014;18;13723.3;BT;1/01/2012;1;COEF
C05387;01/03/2014;<=10;0;0;<24, 48;520.83;277.85;0;19/03/2014;13;5228.48;BT;1/01/2013;0;CNE
C05388;01/03/2014;<=10;0;0;>48;258.48;536.62;0;27/03/2014;19;6897.84;BT;1/01/2013;1;CNE
C05389;01/03/2014;<=10;0;0;>48;59.25;0;0;4/03/2014;8;17688.5;BT;1/01/2013;1;COEF
C05391;01/03/2014;>10;0;0;>48;1512.01;0;0;5/03/2014;14;52590.7;BT;1/01/2012;1;COEF
C05392;01/03/2014;>10;0;0;<24, 48;364.49;364.91;0;10/03/2014;10;4327.22;BT;1/01/2011;1;CNE
C05393;01/03/2014;<=10;0;0;>48;482.5;984.43;0;27/03/2014;7;12648.6;BT;1/01/2014;1;CNE
C05394;01/03/2014;<=10;0;0;>48;834.86;832.42;832.37;18/03/2014;19;20843.6;BT;1/01/2012;1;CNE
C05395;01/03/2014;<=10;0;0;>48;253.13;253.13;0;13/03/2014;15;9941.63;BT;1/01/2013;1;CNE
C05396;01/03/2014;<=10;0;0;>48;90.39;181.47;0;28/03/2014;16;2428.22;BT;1/01/2013;1;CNE
C05397;01/03/2014;>10;0;0;<24, 48;459.62;691.63;0;19/03/2014;8;3980.77;BT;1/01/2012;0;CNE
C05398;01/03/2014;>10;0;0;<24, 48;1615.7;0;0;27/03/2014;17;11683.9;BT;1/01/2012;0;COEF
C05400;01/03/2014;<=10;0;0;<=24;350.98;46.88;0;11/03/2014;16;5178.72;BT;1/01/2013;1;CNE
C05401;01/03/2014;<=10;0;0;>48;1114.78;1523.7;0;3/03/2014;9;11941.6;BT;1/01/2012;0;CNE
C05403;01/03/2014;<=10;0;0;<24, 48;213.8;428.89;646.15;21/03/2014;7;2509.89;BT;1/01/2012;1;CNE
C05404;01/03/2014;<=10;0;0;>48;438.8;444.57;449.4;26/03/2014;15;6017.2;BT;1/01/2011;1;CNE
C05405;01/03/2014;<=10;0;0;>48;42.57;58.25;0;7/03/2014;10;13640;BT;1/01/2013;1;CNE
C05406;01/03/2014;<=10;0;0;<24, 48;245.81;253.35;0;14/03/2014;7;3443.48;BT;1/01/2012;1;CNE
C05408;01/03/2014;<=10;0;0;<24, 48;210.84;210.82;0;18/03/2014;16;4246.54;BT;1/01/2014;1;CNE
C05409;01/03/2014;>10;>0;0;<24, 48;917.3;922.37;0;20/03/2014;8;9395.7;BT;1/01/2011;1;COEF
C05410;01/03/2014;<=10;0;0;<24, 48;719.71;2.19;0;11/03/2014;18;22350.3;BT;1/01/2013;1;COEF
C05411;01/03/2014;<=10;0;0;>48;501.92;0;0;7/03/2014;7;13965.2;BT;1/01/2013;1;CNE
C05412;01/03/2014;<=10;>0;0;>48;1729.52;1729.52;0;24/03/2014;20;18641;BT;1/01/2013;0;CNE
C05413;01/03/2014;<=10;>0;0;<24, 48;323.11;320.43;320.21;7/03/2014;8;3615.44;BT;1/01/2012;0;COEF
C05417;01/03/2014;>10;0;0;<24, 48;926.7;0;1395.19;12/03/2014;14;8062.19;BT;1/01/2012;1;CNE
C05418;01/03/2014;<=10;>0;1;<=24;84.18;459.29;476.58;10/03/2014;8;3152.39;BT;1/01/2013;1;CNE
C05419;01/03/2014;<=10;>0;1;>48;381.99;381.99;428.88;25/03/2014;10;8207.88;BT;1/01/2011;1;CNE
C05421;01/03/2014;<=10;0;0;<24, 48;632.54;632.73;1268.27;24/03/2014;11;13984.9;BT;1/01/2013;1;CNE
C05426;01/03/2014;<=10;0;0;>48;1208.64;0;0;11/03/2014;20;13154.4;BT;1/01/2012;0;CNE
C05427;01/03/2014;<=10;0;0;<=24;238.38;0;0;12/03/2014;8;926.44;BT;1/01/2013;1;COEF
C05428;01/03/2014;<=10;0;0;<24, 48;868.05;858.12;0;12/03/2014;9;12225.7;BT;1/01/2012;1;CNE
C05429;01/03/2014;<=10;>0;0;<24, 48;386.61;390.58;0;20/03/2014;11;8207.9;BT;1/01/2012;1;CNE
C05430;01/03/2014;<=10;>0;0;<24, 48;645.28;0.19;645.48;27/03/2014;8;14193.8;BT;1/01/2012;1;CNE
C05432;01/03/2014;<=10;0;0;<24, 48;892.75;0;0;24/03/2014;15;1591.68;BT;1/01/2012;1;CNE
C05434;01/03/2014;<=10;0;0;>48;469.24;469.24;0;24/03/2014;11;9574.17;BT;1/01/2012;1;CNE
C05435;01/03/2014;<=10;>0;0;>48;270.07;407.04;0;20/03/2014;20;2628.32;BT;1/01/2013;0;CNE
C05436;01/03/2014;<=10;>0;0;<=24;208.54;224.53;229.58;19/03/2014;8;1527.99;BT;1/01/2012;1;CNE
C05437;01/03/2014;>10;>0;0;<24, 48;180.98;342.32;341.46;12/03/2014;16;5702.13;BT;1/01/2013;1;COEF
C05438;01/03/2014;<=10;0;0;<24, 48;205.83;346.78;158.95;10/03/2014;15;4000.91;BT;1/01/2012;1;CNE
C05439;01/03/2014;<=10;0;0;<24, 48;238.83;218.22;0;24/03/2014;13;13211.1;BT;1/01/2013;1;CNE
C05440;01/03/2014;<=10;0;0;>48;295.86;321.11;0;5/03/2014;8;2016.91;BT;1/01/2010;1;COEF
C05442;01/03/2014;>10;0;0;<24, 48;333.43;0;0;5/03/2014;9;5913.29;BT;1/01/2012;1;CNE
C05443;01/03/2014;<=10;>0;0;<24, 48;90.56;0;0;14/03/2014;18;10134.1;BT;1/01/2012;1;CNE
C05444;01/03/2014;<=10;0;0;>48;310.46;311.59;0;6/03/2014;14;9887.34;BT;1/01/2013;1;COEF
C05445;01/03/2014;<=10;0;0;>48;68.99;0;0;4/03/2014;9;14841.7;BT;1/01/2013;1;COEF
C05446;01/03/2014;>10;0;0;<24, 48;166.56;0;0;4/03/2014;14;896.68;BT;1/01/2011;1;COEF
C05447;01/03/2014;<=10;0;0;<=24;773.91;773.91;0;31/03/2014;16;4922.72;BT;1/01/2013;1;COEF
C05448;01/03/2014;<=10;>0;0;<24, 48;774.72;775.8;381.79;11/03/2014;19;5751.7;BT;1/01/2012;0;CNE
C05449;01/03/2014;>10;0;0;<24, 48;230.66;480.45;731.51;27/03/2014;11;3065.47;BT;1/01/2012;1;CNE
C05450;01/03/2014;>10;>0;0;>48;255.61;242.08;0;17/03/2014;8;5608.22;BT;1/01/2011;1;CNE
C05451;01/03/2014;>10;0;0;>48;309.22;195.58;0;17/03/2014;20;7827.85;BT;1/01/2013;1;CNE
C05452;01/03/2014;<=10;0;0;<24, 48;143.77;286.53;47.01;13/03/2014;17;6616.24;BT;1/01/2013;1;CNE
C05453;01/03/2014;<=10;0;0;<24, 48;775.79;0;0;11/03/2014;13;16351.3;BT;1/01/2012;1;CNE
C05454;01/03/2014;<=10;>0;0;<24, 48;222.69;0;0;19/03/2014;8;4663.03;BT;1/01/2013;1;CNE
C05455;01/03/2014;>10;0;0;<24, 48;1134.77;1709.46;0;3/03/2014;16;13530.4;BT;1/01/2012;0;CNE
C05456;01/03/2014;<=10;0;0;<24, 48;757.22;0;760.32;6/03/2014;18;21074.3;BT;1/01/2013;1;CNE
C05457;01/03/2014;<=10;>0;1;>48;1478.89;1481.06;1184.87;14/03/2014;9;43789;BT;1/01/2013;1;CNE
C05458;01/03/2014;>10;0;0;<24, 48;1105.06;1606.13;0;17/03/2014;8;1586.08;BT;1/01/2011;0;CNE
C05459;01/03/2014;<=10;>0;0;<24, 48;1222.8;0;0;6/03/2014;11;10194.3;BT;1/01/2013;0;COEF
C05460;01/03/2014;>10;0;0;>48;793.63;1061.81;0;20/03/2014;15;2683.5;BT;1/01/2011;0;CNE
C05461;01/03/2014;<=10;0;0;<24, 48;814.71;0;0;4/03/2014;10;21954.8;BT;1/01/2013;1;COEF
C05462;01/03/2014;<=10;0;0;<24, 48;656.14;668.87;0;21/03/2014;19;17163.3;BT;1/01/2014;1;CNE
C05464;01/03/2014;>10;>0;0;<24, 48;307.41;307.48;0;31/03/2014;16;3063.49;BT;1/01/2011;1;CNE
C05465;01/03/2014;<=10;>0;0;<24, 48;369.74;1144.05;0;24/03/2014;15;21980.8;BT;1/01/2013;1;CNE
C05466;01/03/2014;<=10;0;0;>48;385.32;0;0;5/03/2014;7;7370.91;BT;1/01/2012;1;CNE
C05467;01/03/2014;<=10;>0;0;<24, 48;544.51;820.09;1098.81;4/03/2014;20;3255.67;BT;1/01/2012;1;COEF
C05468;01/03/2014;<=10;0;0;<24, 48;282.37;282.37;0;18/03/2014;8;3158.15;BT;1/01/2012;1;CNE
C05471;01/03/2014;<=10;>0;0;<24, 48;288.93;810.38;0;19/03/2014;7;20461.4;BT;1/01/2013;1;COEF
C05472;01/03/2014;>10;>0;1;<24, 48;1165.5;0;0;7/03/2014;20;8053.65;BT;1/01/2011;0;CNE
C05474;01/03/2014;>10;0;0;<24, 48;341.57;341.76;0;24/03/2014;18;2840.66;BT;1/01/2011;1;CNE
C05475;01/03/2014;>10;0;0;>48;1364.45;1821.16;0;7/03/2014;7;6718.82;BT;1/01/2011;0;CNE
C05476;01/03/2014;<=10;0;0;<=24;163.79;131.47;0;4/03/2014;14;1273.41;BT;1/01/2012;1;COEF
C05477;01/03/2014;<=10;>0;1;<24, 48;184.09;221.61;248.34;31/03/2014;8;4965.53;BT;1/01/2013;1;CNE
C05478;01/03/2014;>10;0;0;<24, 48;788.54;788.87;0;4/03/2014;9;6627.87;BT;1/01/2012;1;COEF
C05479;01/03/2014;<=10;0;0;>48;432.97;0;0;18/03/2014;20;7118.98;BT;1/01/2012;1;CNE
C05480;01/03/2014;<=10;0;0;<24, 48;556.99;0;0;20/03/2014;9;16366.8;BT;1/01/2013;1;COEF
C05481;01/03/2014;<=10;0;0;>48;166.57;0;0;12/03/2014;7;7916.38;BT;1/01/2012;1;COEF
C05482;01/03/2014;>10;0;0;<24, 48;725.19;1454.09;0;24/03/2014;11;11793.6;BT;1/01/2012;1;CNE
C05483;01/03/2014;<=10;0;0;<24, 48;1564.86;783.43;784.18;24/03/2014;18;15043;BT;1/01/2013;0;CNE
C05485;01/03/2014;>10;0;0;<24, 48;568.76;569.89;568.71;21/03/2014;10;10884.2;BT;1/01/2013;1;CNE
C05486;01/03/2014;<=10;0;0;<=24;202.66;203.93;0;4/03/2014;16;1572.21;BT;1/01/2013;1;CNE
C05487;01/03/2014;>10;>0;0;<24, 48;237.47;0;240.22;26/03/2014;17;3185.94;BT;1/01/2012;1;COEF
C05488;01/03/2014;>10;0;0;<24, 48;413.54;35.67;0;18/03/2014;15;16125.4;BT;1/01/2012;1;CNE
C05489;01/03/2014;<=10;0;0;<24, 48;452.58;42.03;0;7/03/2014;11;12125.9;BT;1/01/2013;1;CNE
C05490;01/03/2014;<=10;0;0;>48;1769.68;1769.68;0;7/03/2014;11;18101.7;BT;1/01/2013;0;CNE
C05491;01/03/2014;<=10;0;0;<24, 48;1712.08;0;0;5/03/2014;12;11954.8;BT;1/01/2013;0;CNE
C05492;01/03/2014;<=10;>0;0;<24, 48;2004.06;2004.06;0;28/03/2014;14;18401.5;BT;1/01/2012;0;CNE
C05493;01/03/2014;<=10;>0;0;>48;1660.1;3344.29;1694.51;11/03/2014;12;64964.1;BT;1/01/2013;0;CNE
C05495;01/03/2014;<=10;0;0;>48;239.56;0;0;13/03/2014;13;7649.28;BT;1/01/2013;1;CNE
C05496;01/03/2014;<=10;0;0;<24, 48;300.79;452.25;604.51;7/03/2014;9;3105.01;BT;1/01/2013;1;CNE
C05497;01/03/2014;<=10;>0;0;<24, 48;644.76;666.46;0;19/03/2014;7;19695.8;BT;1/01/2012;1;CNE
C05498;01/03/2014;<=10;0;0;<24, 48;995.56;2008.03;0;7/03/2014;10;25716;BT;1/01/2012;1;CNE
C05499;01/03/2014;<=10;0;0;>48;677.51;663.14;280.94;24/03/2014;7;14503.8;BT;1/01/2013;1;CNE
C05500;01/03/2014;<=10;0;0;>48;176.21;366.55;0;5/03/2014;20;22326.9;BT;1/01/2012;1;CNE
C05501;01/03/2014;<=10;0;0;<24, 48;798.07;800.23;799.51;12/03/2014;9;18145.9;BT;1/01/2012;1;CNE
C05502;01/03/2014;<=10;0;0;<24, 48;435.12;0;0;6/03/2014;11;11375.1;BT;1/01/2013;1;CNE
C05504;01/03/2014;<=10;>0;0;<=24;1759.91;2357.59;0;10/03/2014;16;10961.7;BT;1/01/2013;0;CNE
C05505;01/03/2014;<=10;0;0;>48;171.97;36.59;0;27/03/2014;17;4970.82;BT;1/01/2013;1;CNE
C05506;01/03/2014;>10;0;0;<24, 48;893.81;895.94;0;5/03/2014;14;8320.46;BT;1/01/2011;1;CNE
C05507;01/03/2014;<=10;0;0;<24, 48;153.13;153.13;0;26/03/2014;19;4138.04;BT;1/01/2013;1;CNE
C05508;01/03/2014;<=10;>0;1;<24, 48;653.64;0;0;13/03/2014;19;8327.04;BT;1/01/2012;1;COEF
C05509;01/03/2014;<=10;0;0;>48;26.4;161.31;0;6/03/2014;18;22338.4;BT;1/01/2013;1;CNE
C05510;01/03/2014;<=10;0;0;<24, 48;1092.86;1092.86;0;21/03/2014;13;6784.88;BT;1/01/2011;0;CNE
C05511;01/03/2014;<=10;0;0;>48;295.19;298.75;298.39;18/03/2014;17;5573.85;BT;1/01/2012;1;CNE
C05512;01/03/2014;<=10;0;0;<24, 48;85.02;233.2;0;7/03/2014;8;1718.82;BT;1/01/2011;1;COEF
C05513;01/03/2014;<=10;0;0;<=24;144.94;660.54;0;21/03/2014;8;2068.87;BT;1/01/2013;1;CNE
C05515;01/03/2014;<=10;0;0;<24, 48;258.66;268.56;258.75;4/03/2014;12;7172.95;BT;1/01/2013;1;COEF
C05516;01/03/2014;<=10;0;0;<24, 48;270.08;270.13;0;7/03/2014;9;4351.61;BT;1/01/2013;1;CNE
C05517;01/03/2014;<=10;0;0;>48;2330.72;2317.19;0;25/03/2014;11;73429.1;BT;1/01/2012;1;CNE
C05518;01/03/2014;<=10;0;0;>48;41.03;0;0;4/03/2014;10;28552.3;BT;1/01/2013;1;CNE
C05520;01/03/2014;<=10;>0;0;>48;486.42;970.82;485.91;31/03/2014;20;16908;BT;1/01/2013;0;CNE
C05521;01/03/2014;<=10;0;0;<24, 48;1053.85;1410.75;0;31/03/2014;19;6675.41;BT;1/01/2013;0;CNE
C05522;01/03/2014;<=10;>0;0;<24, 48;184.34;69.69;0;19/03/2014;9;8978.64;BT;1/01/2013;1;CNE
C05523;01/03/2014;<=10;>0;0;>48;410.92;0;0;14/03/2014;11;16201.4;BT;1/01/2013;1;COEF
C05524;01/03/2014;<=10;0;0;<24, 48;1233.53;1645.39;0;31/03/2014;16;6145.25;BT;1/01/2012;0;CNE
C05525;01/03/2014;<=10;0;0;>48;885.44;1187.91;0;7/03/2014;17;6365.36;BT;1/01/2012;0;CNE
C05526;01/03/2014;<=10;0;0;<24, 48;255.41;255.21;0;10/03/2014;14;4790.68;BT;1/01/2013;1;CNE
C05529;01/03/2014;>10;>0;0;<24, 48;683.2;1369.79;0;3/03/2014;10;12891.4;BT;1/01/2012;0;COEF
C05530;01/03/2014;<=10;0;0;>48;388.53;352.93;400.33;13/03/2014;8;21450.3;BT;1/01/2013;1;COEF
C05531;01/03/2014;<=10;0;0;>48;425.81;0;0;21/03/2014;12;5316.43;BT;1/01/2011;1;CNE
C05532;01/03/2014;<=10;0;0;<=24;266.43;0;37.26;4/03/2014;14;1464.13;BT;1/01/2013;1;COEF
C05533;01/03/2014;<=10;0;0;<24, 48;61.14;0;0;24/03/2014;8;3666.15;BT;1/01/2012;1;CNE
C05534;01/03/2014;<=10;0;0;<24, 48;837.25;1576.96;0;5/03/2014;10;20184.5;BT;1/01/2013;0;CNE
C05535;01/03/2014;<=10;0;0;<24, 48;673.06;232.86;673.94;4/03/2014;9;18777;BT;1/01/2013;1;COEF
C05536;01/03/2014;<=10;0;0;<24, 48;296.04;32.63;0;13/03/2014;13;6490.35;BT;1/01/2013;1;CNE
C05537;01/03/2014;<=10;0;0;<24, 48;279.25;276.9;0;4/03/2014;13;3903.68;BT;1/01/2012;1;COEF
C05539;01/03/2014;>10;0;0;<24, 48;316.23;343.1;0;28/03/2014;8;3992.29;BT;1/01/2012;1;CNE
C05540;01/03/2014;<=10;0;0;<24, 48;645.05;969.87;1296.96;3/03/2014;12;6046.53;BT;1/01/2013;1;CNE
C05543;01/03/2014;<=10;0;0;<24, 48;553.6;552.85;553.14;18/03/2014;12;6200.17;BT;1/01/2013;0;CNE
C05544;01/03/2014;<=10;0;0;<24, 48;448.75;172.24;0;4/03/2014;9;20546.5;BT;1/01/2013;1;COEF
C05545;01/03/2014;<=10;>0;0;<24, 48;178.23;337.47;0;31/03/2014;7;4862.35;BT;1/01/2012;1;COEF
C05546;01/03/2014;<=10;0;0;<=24;144.56;144.05;145.83;6/03/2014;9;915.37;BT;1/01/2013;1;CNE
C05547;01/03/2014;<=10;0;0;>48;247.34;0;0;10/03/2014;7;3655.79;BT;1/01/2012;1;CNE
C05548;01/03/2014;>10;0;0;>48;801.11;802.6;0;12/03/2014;9;16215.3;BT;1/01/2012;1;CNE
C05549;01/03/2014;<=10;0;0;<24, 48;279.18;0;0;4/03/2014;15;4757.04;BT;1/01/2012;1;COEF
C05550;01/03/2014;>10;0;0;<24, 48;1954.61;1969.34;0;3/03/2014;12;10136.5;BT;1/01/2012;0;CNE
C05554;01/03/2014;<=10;0;0;>48;259.79;260.29;260.26;5/03/2014;18;6076.2;BT;1/01/2013;1;CNE
C05555;01/03/2014;<=10;>0;0;>48;1002.6;1172.99;2347.42;21/03/2014;16;43265.8;BT;1/01/2013;1;CNE
C05556;01/03/2014;<=10;0;0;<24, 48;305.17;16.5;0;18/03/2014;14;4625.99;BT;1/01/2012;1;CNE
C05557;01/03/2014;<=10;0;0;<24, 48;348.96;699.88;0;19/03/2014;18;7903.47;BT;1/01/2012;1;CNE
C05558;01/03/2014;<=10;0;0;<24, 48;776.66;776.66;0;11/03/2014;10;9291.81;BT;1/01/2013;0;COEF
C05559;01/03/2014;<=10;0;0;<24, 48;90.47;401.18;0;18/03/2014;9;9076.73;BT;1/01/2013;1;CNE
C05560;01/03/2014;<=10;0;0;<24, 48;562.94;0;0;13/03/2014;7;15283.9;BT;1/01/2012;1;CNE
C05561;01/03/2014;<=10;0;0;<=24;136.74;13.05;0;13/03/2014;18;5073.75;BT;1/01/2013;1;CNE
C05563;01/03/2014;<=10;0;0;<24, 48;384.88;0;0;19/03/2014;18;21139.1;BT;1/01/2013;1;COEF
C05564;01/03/2014;>10;>0;0;<24, 48;314.1;645.66;0;5/03/2014;12;4964.12;BT;1/01/2012;0;COEF
C05565;01/03/2014;<=10;0;0;<24, 48;1039.2;0;0;10/03/2014;15;6356.67;BT;1/01/2013;0;COEF
C05567;01/03/2014;<=10;0;0;<24, 48;258.41;11.1;0;6/03/2014;7;14794.2;BT;1/01/2013;1;CNE
C05568;01/03/2014;<=10;0;0;<24, 48;237.57;89.39;0;5/03/2014;10;1332.98;BT;1/01/2011;1;CNE
C05569;01/03/2014;<=10;0;0;<24, 48;347.75;0;347.75;6/03/2014;7;10344.9;BT;1/01/2014;1;COEF
C05570;01/03/2014;>10;0;0;<24, 48;325.67;325.67;0;28/03/2014;8;6848.27;BT;1/01/2012;1;CNE
C05571;01/03/2014;<=10;0;0;>48;696.72;698.6;0;17/03/2014;16;20077.3;BT;1/01/2013;1;COEF
C05572;01/03/2014;<=10;0;0;<24, 48;263.39;397.22;0;20/03/2014;17;5039.29;BT;1/01/2013;1;COEF
C05575;01/03/2014;<=10;0;0;<24, 48;1546.69;0;0;21/03/2014;20;11329.5;BT;1/01/2011;1;CNE
C05576;01/03/2014;<=10;>0;0;>48;576.63;576.63;0;24/03/2014;11;15196.2;BT;1/01/2014;1;CNE
C05577;01/03/2014;<=10;0;0;<=24;514.43;517.58;0;19/03/2014;19;1529.09;BT;1/01/2012;1;COEF
C05579;01/03/2014;<=10;0;0;<24, 48;597.49;600.79;397.15;25/03/2014;14;13814.3;BT;1/01/2012;1;CNE
C05580;01/03/2014;>10;0;0;<24, 48;441.1;38.14;0;7/03/2014;9;6985.69;BT;1/01/2011;1;CNE
C05581;01/03/2014;<=10;0;0;<24, 48;825.32;0;0;4/03/2014;9;23916.8;BT;1/01/2013;1;COEF
C05582;01/03/2014;<=10;0;0;<24, 48;187.41;188.42;0;10/03/2014;10;1309.05;BT;1/01/2011;1;CNE
C05583;01/03/2014;<=10;0;0;<24, 48;165.47;0;246.47;10/03/2014;8;8187.44;BT;1/01/2013;1;CNE
C05584;01/03/2014;<=10;0;0;<24, 48;601.87;1205.48;0;25/03/2014;19;16257;BT;1/01/2013;1;CNE
C05585;01/03/2014;<=10;0;0;>48;522.1;1047.01;0;31/03/2014;13;15311;BT;1/01/2013;1;CNE
C05586;01/03/2014;<=10;0;0;<24, 48;1251.98;1251.98;0;18/03/2014;7;12711.6;BT;1/01/2013;0;CNE
C05587;01/03/2014;<=10;0;0;<=24;453.48;468.78;0;12/03/2014;11;7959.19;BT;1/01/2013;1;CNE
C05588;01/03/2014;<=10;>0;1;>48;257.43;0;0;5/03/2014;20;8115.38;BT;1/01/2013;1;CNE
C05589;01/03/2014;>10;0;0;>48;268.02;639.01;0;19/03/2014;14;17487.6;BT;1/01/2012;1;CNE
C05591;01/03/2014;<=10;0;0;>48;320.39;617.96;616.88;13/03/2014;11;18822.4;BT;1/01/2013;1;CNE
C05592;01/03/2014;<=10;0;0;>48;76.01;115.73;0;17/03/2014;9;2893.5;BT;1/01/2010;1;CNE
C05593;01/03/2014;>10;0;0;<24, 48;253.38;323.99;0;11/03/2014;8;5876.12;BT;1/01/2012;1;CNE
C05594;01/03/2014;>10;0;0;<24, 48;286.88;0;0;18/03/2014;16;4449.56;BT;1/01/2012;1;CNE
C05595;01/03/2014;>10;0;0;<24, 48;1526.05;1529.8;0;12/03/2014;9;5317.47;BT;1/01/2011;0;CNE
C05596;01/03/2014;<=10;0;0;<24, 48;333.68;1232.18;0;28/03/2014;15;16781.9;BT;1/01/2013;1;CNE
C05597;01/03/2014;<=10;0;0;<24, 48;505.92;1039.56;0;4/03/2014;12;8882.39;BT;1/01/2011;1;CNE
C05599;01/03/2014;<=10;0;0;<=24;642.69;647.91;647.91;20/03/2014;10;4326.39;BT;1/01/2013;1;COEF
C05600;01/03/2014;>10;0;0;<24, 48;444.03;454.43;193.42;27/03/2014;19;19291.6;BT;1/01/2012;1;CNE
C05601;01/03/2014;<=10;0;0;>48;524.66;0;0;6/03/2014;9;16296.3;BT;1/01/2013;1;COEF
C05602;01/03/2014;<=10;0;0;<24, 48;22.87;0;0;10/03/2014;15;1652.86;BT;1/01/2011;1;CNE
C05603;01/03/2014;<=10;0;0;>48;282.41;516.86;0;5/03/2014;8;25874;BT;1/01/2013;1;CNE
C05604;01/03/2014;>10;0;0;>48;174.16;112.99;0;26/03/2014;10;7303.46;BT;1/01/2011;1;CNE
C05605;01/03/2014;<=10;0;0;<24, 48;416.03;416.3;416.3;28/03/2014;8;7793.33;BT;1/01/2013;1;COEF
C05606;01/03/2014;<=10;>0;1;>48;994.54;0;0;4/03/2014;11;13365.9;BT;1/01/2012;0;COEF
C05607;01/03/2014;>10;0;0;>48;242.86;244.33;0;28/03/2014;10;5722.19;BT;1/01/2012;1;CNE
C05608;01/03/2014;<=10;>0;0;>48;778.56;391.73;391.73;5/03/2014;17;10095.4;BT;1/01/2013;1;CNE
C05609;01/03/2014;>10;0;0;<24, 48;561.91;844.71;0;14/03/2014;11;1159.24;BT;1/01/2011;0;CNE
C05610;01/03/2014;<=10;0;0;<24, 48;583.13;584.32;0;13/03/2014;8;10284.3;BT;1/01/2011;1;CNE
C05612;01/03/2014;<=10;0;0;<24, 48;364.04;530.86;0;17/03/2014;20;4944.48;BT;1/01/2012;1;CNE
C05613;01/03/2014;<=10;0;0;<24, 48;293.3;517.98;0;6/03/2014;8;11727.1;BT;1/01/2013;1;CNE
C05615;01/03/2014;<=10;0;0;>48;1564.66;0;0;10/03/2014;16;8089.73;BT;1/01/2011;0;CNE
C05616;01/03/2014;<=10;>0;0;<24, 48;414.48;0;0;17/03/2014;7;1615.13;BT;1/01/2011;1;COEF
C05617;01/03/2014;<=10;0;0;<24, 48;510.68;0;0;11/03/2014;12;8485.81;BT;1/01/2011;1;CNE
C05618;01/03/2014;<=10;0;0;<24, 48;1077.37;1440.82;1805.72;11/03/2014;15;5911.87;BT;1/01/2011;0;CNE
C05619;01/03/2014;<=10;0;0;<24, 48;935.62;0;0;4/03/2014;9;29417.3;BT;1/01/2013;1;COEF
C05620;01/03/2014;<=10;>0;0;>48;612.08;1226.79;1226.79;27/03/2014;13;14314.9;BT;1/01/2013;1;CNE
C05621;01/03/2014;<=10;>0;0;<24, 48;171.05;157.41;0;20/03/2014;10;3045.01;BT;1/01/2013;0;CNE
C05622;01/03/2014;<=10;0;0;>48;714.99;700.44;717.86;7/03/2014;15;20977.1;BT;1/01/2013;1;CNE
C05624;01/03/2014;<=10;0;0;>48;328.13;0;0;11/03/2014;20;12178;BT;1/01/2013;1;CNE
C05625;01/03/2014;<=10;0;0;<=24;652.79;227.78;0;13/03/2014;9;4928.64;BT;1/01/2013;1;CNE
C05626;01/03/2014;<=10;>0;1;<24, 48;270.63;540.88;0;11/03/2014;20;4316.69;BT;1/01/2012;1;CNE
C05627;01/03/2014;<=10;0;0;<24, 48;854.87;0;0;17/03/2014;7;75289.9;BT;1/01/2013;1;CNE
C05628;01/03/2014;<=10;0;0;<24, 48;233.55;482.39;0;10/03/2014;10;10766.9;BT;1/01/2012;1;CNE
C05631;01/03/2014;>10;0;0;>48;212.99;0;0;20/03/2014;17;1852.29;BT;1/01/2011;1;CNE
C05632;01/03/2014;<=10;0;0;<24, 48;327.88;2.07;323.06;27/03/2014;19;6537.57;BT;1/01/2013;1;CNE
C05633;01/03/2014;<=10;0;0;<24, 48;153.44;155.28;155.16;14/03/2014;7;1522.19;BT;1/01/2013;1;CNE
C05636;01/03/2014;<=10;0;0;<24, 48;268.27;469.5;0;7/03/2014;9;9292.52;BT;1/01/2013;1;COEF
C05637;01/03/2014;<=10;>0;0;>48;28.77;0;117.47;20/03/2014;15;2767.25;BT;1/01/2013;1;COEF
C05638;01/03/2014;<=10;>0;0;<24, 48;442.83;132.28;127.53;26/03/2014;17;20188.5;BT;1/01/2013;1;CNE
C05640;01/03/2014;<=10;0;0;>48;299.69;0;0;21/03/2014;12;3461.24;BT;1/01/2013;1;COEF
C05641;01/03/2014;<=10;0;0;<24, 48;264.37;0;0;25/03/2014;16;7463.57;BT;1/01/2012;1;CNE
C05642;01/03/2014;<=10;0;0;>48;113.55;112.44;0;11/03/2014;20;2447.79;BT;1/01/2013;1;CNE
C05644;01/03/2014;>10;>0;1;>48;2078.58;755.78;899.81;10/03/2014;10;21744.2;BT;1/01/2012;1;COEF
C05645;01/03/2014;>10;0;0;<24, 48;550.54;548.1;0;10/03/2014;12;13888.3;BT;1/01/2012;1;COEF
C05646;01/03/2014;<=10;0;0;<24, 48;492.83;0;0;4/03/2014;19;13139.9;BT;1/01/2013;1;CNE
C05647;01/03/2014;<=10;>0;0;<24, 48;886.8;886.8;0;19/03/2014;18;3445.72;BT;1/01/2013;0;CNE
C05648;01/03/2014;>10;0;0;<24, 48;528.91;539.27;0;12/03/2014;13;15999.8;BT;1/01/2013;1;COEF
C05649;01/03/2014;>10;0;0;<24, 48;369.71;0;0;7/03/2014;10;8023.87;BT;1/01/2012;1;CNE
C05650;01/03/2014;<=10;>0;0;<24, 48;1055.39;1055.39;0;20/03/2014;10;8212.08;BT;1/01/2013;0;CNE
C05651;01/03/2014;<=10;0;0;<24, 48;260.42;424.27;0;4/03/2014;16;9687.76;BT;1/01/2012;1;CNE
C05652;01/03/2014;<=10;0;0;<24, 48;84.33;0;0;4/03/2014;9;4819.24;BT;1/01/2013;1;CNE
C05653;01/03/2014;<=10;0;0;<24, 48;121.34;121.74;0;4/03/2014;10;1956;BT;1/01/2011;1;COEF
C05654;01/03/2014;>10;>0;1;>48;460;461.19;0;13/03/2014;10;10144.5;BT;1/01/2012;1;COEF
C05655;01/03/2014;>10;0;0;<24, 48;215.49;216.18;0;5/03/2014;9;6391.97;BT;1/01/2011;1;CNE
C05656;01/03/2014;<=10;0;0;<24, 48;135.9;0;0;7/03/2014;7;18522.7;BT;1/01/2013;1;CNE
C05657;01/03/2014;<=10;0;0;>48;944.95;884.29;0;7/03/2014;15;5616.37;BT;1/01/2013;1;CNE
C05659;01/03/2014;<=10;>0;0;>48;631.23;652.32;0;26/03/2014;12;644.35;BT;1/01/2011;0;COEF
C05660;01/03/2014;<=10;0;0;<24, 48;22.88;0;0;21/03/2014;18;10331.9;BT;1/01/2013;1;CNE
C05661;01/03/2014;<=10;0;0;<=24;204.99;0;0;5/03/2014;9;4269.92;BT;1/01/2013;1;CNE
C05662;01/03/2014;<=10;>0;0;<=24;1572.64;2107.77;0;21/03/2014;15;5331.16;BT;1/01/2013;0;CNE
C05663;01/03/2014;<=10;0;0;<=24;432.84;274.89;273.94;19/03/2014;18;1532.9;BT;1/01/2013;0;CNE
C05664;01/03/2014;<=10;0;0;>48;817.32;818.16;817.66;5/03/2014;16;32918.8;BT;1/01/2012;1;CNE
C05665;01/03/2014;<=10;>0;0;<24, 48;390.91;390.91;0;26/03/2014;12;2516.68;BT;1/01/2013;0;CNE
C05667;01/03/2014;>10;0;0;>48;494.86;0;0;10/03/2014;10;5379.46;BT;1/01/2012;1;CNE
C05669;01/03/2014;>10;0;0;<24, 48;150.52;151.08;0;5/03/2014;13;943.93;BT;1/01/2012;1;CNE
C05670;01/03/2014;<=10;0;0;>48;1994.45;0;0;17/03/2014;7;20811.2;BT;1/01/2013;0;CNE
C05671;01/03/2014;<=10;0;0;<24, 48;158.58;0;0;6/03/2014;8;5786.88;BT;1/01/2013;1;CNE
C05672;01/03/2014;<=10;0;0;>48;896.92;0;0;4/03/2014;9;27289.9;BT;1/01/2014;1;COEF
C05673;01/03/2014;<=10;0;0;>48;368.71;313.27;0;18/03/2014;9;6451.31;BT;1/01/2011;1;CNE
C05674;01/03/2014;<=10;0;0;<24, 48;104.51;89.41;80.67;4/03/2014;8;9142.86;BT;1/01/2013;1;CNE
C05675;01/03/2014;>10;0;0;<24, 48;693.33;726.09;0;20/03/2014;7;16126.5;BT;1/01/2012;1;CNE
C05676;01/03/2014;<=10;0;0;<24, 48;633.92;633.92;0;14/03/2014;10;5133.97;BT;1/01/2012;1;CNE
C05678;01/03/2014;>10;>0;0;<24, 48;691.91;924.91;0;26/03/2014;17;2243.74;BT;1/01/2011;0;CNE
C05680;01/03/2014;<=10;>0;1;<24, 48;251.23;308.77;0;11/03/2014;19;12778.1;BT;1/01/2013;1;COEF
C05682;01/03/2014;<=10;0;0;<24, 48;785.89;1050.63;0;10/03/2014;9;5092.65;BT;1/01/2013;0;CNE
C05684;01/03/2014;<=10;>0;0;>48;1218.92;1832.33;415.57;11/03/2014;19;17137.8;BT;1/01/2013;0;COEF
C05685;01/03/2014;<=10;0;0;>48;206.78;391.7;374.07;20/03/2014;7;9733.84;BT;1/01/2013;1;COEF
C05689;01/03/2014;<=10;0;0;<24, 48;722.41;0;0;18/03/2014;9;11939.9;BT;1/01/2011;1;COEF
C05690;01/03/2014;<=10;>0;0;<24, 48;721.01;1006.15;0;18/03/2014;12;3564.46;BT;1/01/2012;0;CNE
C05691;01/03/2014;>10;0;0;<24, 48;336.6;337.24;314.22;21/03/2014;12;4317.3;BT;1/01/2012;1;COEF
C05693;01/03/2014;>10;>0;0;>48;480.89;1011.62;1546.36;21/03/2014;18;3084.72;BT;1/01/2010;1;CNE
C05694;01/03/2014;<=10;0;0;<=24;217.26;212.21;217.95;4/03/2014;15;3463.13;BT;1/01/2013;1;COEF
C05695;01/03/2014;<=10;0;0;<=24;450.03;0;0;7/03/2014;11;906.25;BT;1/01/2013;1;CNE
C05697;01/03/2014;<=10;>0;0;>48;476.33;970.88;0;24/03/2014;15;12553;BT;1/01/2013;1;CNE
C05698;01/03/2014;<=10;0;0;<24, 48;229.89;229.89;256.96;28/03/2014;8;16166.2;BT;1/01/2013;1;CNE
C05699;01/03/2014;>10;>0;0;<24, 48;286.47;0;0;24/03/2014;19;4719.26;BT;1/01/2012;1;CNE
C05700;01/03/2014;<=10;>0;1;<=24;635.44;637.79;0;14/03/2014;9;635.1;BT;1/01/2013;0;CNE
C05701;01/03/2014;<=10;0;0;<24, 48;333.06;333.06;44.07;4/03/2014;18;4836.99;BT;1/01/2013;1;COEF
C05703;01/03/2014;<=10;>0;0;<=24;651.01;1328.74;0;17/03/2014;18;3918.1;BT;1/01/2013;1;CNE
C05704;01/03/2014;<=10;0;0;<=24;286.33;0;0;26/03/2014;8;842.84;BT;1/01/2013;1;CNE
C05706;01/03/2014;<=10;0;0;>48;190.62;548.86;0;10/03/2014;15;14514.7;BT;1/01/2013;1;CNE
C05707;01/03/2014;<=10;0;0;<=24;197.65;197.65;0;25/03/2014;20;1511.79;BT;1/01/2013;0;CNE
C05709;01/03/2014;<=10;0;0;<24, 48;157.14;161.26;161.19;5/03/2014;17;2979.4;BT;1/01/2013;1;CNE
C05710;01/03/2014;<=10;0;0;<=24;199.94;200.06;0;7/03/2014;10;2074.68;BT;1/01/2013;1;CNE
C05711;01/03/2014;<=10;0;0;<24, 48;258.47;258.68;258.61;7/03/2014;10;3956.99;BT;1/01/2012;1;CNE
C05712;01/03/2014;<=10;>0;1;<=24;377.03;378.74;0;13/03/2014;11;4082.87;BT;1/01/2013;1;COEF
C05713;01/03/2014;<=10;0;0;>48;507.63;0;0;17/03/2014;11;8525.92;BT;1/01/2013;0;CNE
C05714;01/03/2014;>10;0;0;<24, 48;65.42;210.91;0;7/03/2014;17;3272.61;BT;1/01/2013;1;CNE
C05716;01/03/2014;<=10;0;0;>48;1118.45;1536.18;0;13/03/2014;9;10706.6;BT;1/01/2013;0;CNE
C05717;01/03/2014;<=10;0;0;<24, 48;70.79;110.8;0;10/03/2014;10;3326.45;BT;1/01/2013;1;CNE
C05718;01/03/2014;<=10;0;0;>48;377.39;0;451.54;20/03/2014;12;8373.12;BT;1/01/2012;1;COEF
C05719;01/03/2014;<=10;0;0;<24, 48;365.85;0;0;4/03/2014;15;3043.72;BT;1/01/2010;1;COEF
C05720;01/03/2014;<=10;>0;0;>48;1016.67;1528;0;31/03/2014;9;12974.8;BT;1/01/2013;0;CNE
C05721;01/03/2014;<=10;0;0;>48;642.2;282.42;0;4/03/2014;11;8592.6;BT;1/01/2011;1;CNE
C05723;01/03/2014;<=10;>0;0;<=24;431.73;0;0;14/03/2014;13;2168.35;BT;1/01/2013;0;CNE
C05724;01/03/2014;>10;>0;0;>48;1221.22;215.05;194.11;12/03/2014;10;10511.2;BT;1/01/2011;1;COEF
C05725;01/03/2014;>10;0;0;>48;477.45;477.61;0;20/03/2014;7;4936.38;BT;1/01/2012;1;CNE
C05726;01/03/2014;<=10;>0;0;<24, 48;269.59;0;0;21/03/2014;13;5339.44;BT;1/01/2013;1;COEF
C05727;01/03/2014;>10;>0;0;<24, 48;639.27;0;0;17/03/2014;12;2867.59;BT;1/01/2012;0;CNE
C05729;01/03/2014;>10;0;0;>48;522.4;0;182.55;13/03/2014;9;9188.02;BT;1/01/2011;1;COEF
C05730;01/03/2014;<=10;0;0;<24, 48;69.97;70.83;0;5/03/2014;16;1759.89;BT;1/01/2011;1;COEF
C05731;01/03/2014;<=10;0;0;>48;135.89;505.72;0;17/03/2014;16;17575.3;BT;1/01/2013;1;CNE
C05732;01/03/2014;<=10;0;0;<24, 48;210.65;0;0;7/03/2014;9;1354.94;BT;1/01/2011;1;CNE
C05733;01/03/2014;>10;0;0;>48;920.09;1123.71;0;19/03/2014;14;3681.78;BT;1/01/2012;0;CNE
C05734;01/03/2014;<=10;0;0;>48;507.13;507.13;506.44;31/03/2014;12;13608.2;BT;1/01/2013;1;CNE
C05735;01/03/2014;<=10;0;0;<24, 48;416.18;414.79;0;12/03/2014;10;7949.27;BT;1/01/2013;1;CNE
C05736;01/03/2014;<=10;0;0;>48;1762.44;767.09;0;20/03/2014;7;56843.6;BT;1/01/2012;1;COEF
C05737;01/03/2014;<=10;>0;1;<24, 48;157.4;0;0;6/03/2014;18;7178.38;BT;1/01/2012;1;COEF
C05738;01/03/2014;<=10;0;0;<=24;139.53;275.56;0;13/03/2014;15;3451.25;BT;1/01/2013;1;CNE
C05739;01/03/2014;<=10;0;0;<24, 48;98.78;0;0;6/03/2014;11;8559.01;BT;1/01/2013;1;CNE
C05740;01/03/2014;>10;>0;0;<24, 48;92.64;66.44;0;17/03/2014;8;1814.95;BT;1/01/2012;1;CNE
C05741;01/03/2014;<=10;0;0;>48;870.13;0;973.3;20/03/2014;7;25156.1;BT;1/01/2012;1;CNE
C05742;01/03/2014;>10;0;0;>48;266.59;0;258.72;14/03/2014;11;4823.67;BT;1/01/2011;1;CNE
C05744;01/03/2014;<=10;0;0;<24, 48;392.98;786.54;0;19/03/2014;8;12275.4;BT;1/01/2014;1;CNE
C05745;01/03/2014;<=10;0;0;<=24;277.78;0;0;13/03/2014;7;1911.67;BT;1/01/2013;1;COEF
C05747;01/03/2014;<=10;>0;1;<24, 48;251.53;251.53;0;17/03/2014;8;1630.26;BT;1/01/2011;1;CNE
C05748;01/03/2014;<=10;0;0;<24, 48;673.67;687.48;208.73;25/03/2014;7;15080.9;BT;1/01/2013;1;COEF
C05749;01/03/2014;<=10;0;0;<24, 48;980.79;0;0;12/03/2014;10;34094.5;BT;1/01/2013;1;CNE
C05750;01/03/2014;<=10;>0;0;<24, 48;447.69;674.43;0;20/03/2014;9;2180.82;BT;1/01/2011;0;CNE
C05752;01/03/2014;>10;>0;0;>48;806.42;0;402.36;19/03/2014;8;8864.24;BT;1/01/2012;1;CNE
C05753;01/03/2014;<=10;0;0;<24, 48;131.1;162.79;0;4/03/2014;17;7347.29;BT;1/01/2011;1;COEF
C05754;01/03/2014;<=10;0;0;>48;259.65;0;0;19/03/2014;9;6917.09;BT;1/01/2012;1;COEF
C05755;01/03/2014;<=10;>0;0;>48;790.47;790.47;0;5/03/2014;8;5422.81;BT;1/01/2013;0;CNE
C05756;01/03/2014;<=10;>0;0;>48;3057.07;2.55;37.06;12/03/2014;9;57101.8;BT;1/01/2013;0;CNE
C05757;01/03/2014;<=10;>0;0;<=24;196.68;395.09;0;11/03/2014;9;800.11;BT;1/01/2012;0;COEF
C05758;01/03/2014;<=10;>0;0;<24, 48;1795.89;882.23;1711.65;7/03/2014;15;19036.8;BT;1/01/2013;0;CNE
C05759;01/03/2014;<=10;0;0;<24, 48;466.46;672.75;0;10/03/2014;8;16758.6;BT;1/01/2012;1;CNE
C05761;01/03/2014;<=10;0;0;<24, 48;190.67;44.36;0;6/03/2014;10;4314.89;BT;1/01/2013;1;CNE
C05762;01/03/2014;<=10;0;0;<24, 48;612.58;613.87;615.46;13/03/2014;9;13626.1;BT;1/01/2013;1;CNE
C05763;01/03/2014;<=10;0;0;<24, 48;755.6;1565.36;0;6/03/2014;8;16361.3;BT;1/01/2013;1;CNE
C05764;01/03/2014;<=10;>0;1;<24, 48;4024.28;0;0;6/03/2014;20;31264.3;BT;1/01/2013;0;CNE
C05765;01/03/2014;<=10;0;0;<24, 48;298.83;277.92;0;10/03/2014;15;3511.24;BT;1/01/2012;1;CNE
C05766;01/03/2014;<=10;0;0;>48;461.46;925.37;0;27/03/2014;9;13336.3;BT;1/01/2013;1;CNE
C05769;01/03/2014;<=10;0;0;<24, 48;286.82;287.74;0;20/03/2014;18;4275.14;BT;1/01/2012;1;CNE
C05771;01/03/2014;>10;0;0;<24, 48;242.35;243.09;0;25/03/2014;16;988.79;BT;1/01/2011;1;CNE
C05772;01/03/2014;>10;0;0;>48;244.5;244.65;0;21/03/2014;8;2951.19;BT;1/01/2012;1;CNE
C05773;01/03/2014;<=10;>0;0;<=24;486.43;653.52;0;10/03/2014;18;1256.39;BT;1/01/2013;0;CNE
C05774;01/03/2014;<=10;0;0;>48;199.61;0;0;13/03/2014;17;7292.45;BT;1/01/2013;1;CNE
C05775;01/03/2014;>10;0;0;<24, 48;291.2;582.86;0;17/03/2014;11;5445.02;BT;1/01/2012;1;CNE
C05776;01/03/2014;<=10;>0;0;<24, 48;2100.29;2100.29;0;17/03/2014;7;20434.2;BT;1/01/2013;0;CNE
C05777;01/03/2014;<=10;0;0;<24, 48;596.57;545.33;0;25/03/2014;15;16707.2;BT;1/01/2013;1;CNE
C05780;01/03/2014;<=10;0;0;>48;63.99;322.13;0;5/03/2014;9;9012.4;BT;1/01/2013;1;COEF
C05781;01/03/2014;<=10;>0;1;<=24;630.09;634.1;0;26/03/2014;12;627.74;BT;1/01/2013;0;CNE
C05782;01/03/2014;<=10;0;0;<24, 48;750.7;1127.68;0;13/03/2014;16;8976.93;BT;1/01/2013;0;CNE
C05783;01/03/2014;>10;0;0;<24, 48;193.94;193.96;194.74;13/03/2014;17;2940.99;BT;1/01/2012;1;CNE
C05785;01/03/2014;<=10;0;0;<24, 48;689.29;689.54;690.34;12/03/2014;9;17044.5;BT;1/01/2013;1;CNE
C05786;01/03/2014;>10;0;0;<24, 48;619.58;0;0;25/03/2014;8;12667.7;BT;1/01/2012;1;CNE
C05787;01/03/2014;<=10;0;0;<24, 48;274.24;304.1;305.24;26/03/2014;18;6115.3;BT;1/01/2013;1;CNE
C05788;01/03/2014;>10;>0;0;<24, 48;348.62;697.98;1052.17;24/03/2014;9;1612.64;BT;1/01/2011;1;COEF
C05789;01/03/2014;>10;0;0;>48;1526.78;0;0;7/03/2014;11;9145.14;BT;1/01/2011;0;CNE
C05790;01/03/2014;<=10;>0;0;<24, 48;559.84;843.05;0;17/03/2014;16;5324.57;BT;1/01/2013;0;CNE
C05793;01/03/2014;<=10;0;0;<24, 48;779.66;763.27;0;14/03/2014;17;7308.19;BT;1/01/2010;1;COEF
C05794;01/03/2014;<=10;0;0;<24, 48;112.96;0;0;5/03/2014;9;8333.39;BT;1/01/2011;1;COEF
C05795;01/03/2014;<=10;0;0;<=24;580.61;1225.73;0;27/03/2014;18;1190.1;BT;1/01/2013;1;CNE
C05796;01/03/2014;<=10;0;0;<24, 48;243.04;295.4;0;11/03/2014;10;7940.31;BT;1/01/2013;1;CNE
C05797;01/03/2014;<=10;0;0;>48;1396.15;2799.68;0;6/03/2014;17;41934.1;BT;1/01/2013;1;CNE
C05800;01/03/2014;<=10;>0;0;>48;1238.66;1660.12;0;12/03/2014;10;6395.38;BT;1/01/2012;0;COEF
C05801;01/03/2014;<=10;0;0;<=24;315.39;316.46;23.28;10/03/2014;10;2814.98;BT;1/01/2013;1;CNE
C05802;01/03/2014;<=10;0;0;<24, 48;103.7;0;0;4/03/2014;9;20707.4;BT;1/01/2013;1;COEF
C05803;01/03/2014;<=10;0;0;<24, 48;83.85;0;0;6/03/2014;16;8293.88;BT;1/01/2013;1;CNE
C05804;01/03/2014;<=10;>0;0;<24, 48;429;0;0;26/03/2014;10;9531.37;BT;1/01/2013;1;COEF
C05805;01/03/2014;<=10;>0;0;<24, 48;1919.16;0;0;14/03/2014;15;45268.3;BT;1/01/2013;1;COEF
C05807;01/03/2014;<=10;0;0;>48;364.6;729.4;0;24/03/2014;15;7657.9;BT;1/01/2012;1;CNE
C05808;01/03/2014;>10;0;0;>48;599.04;0;0;14/03/2014;8;37897.2;BT;1/01/2011;1;CNE
C05810;01/03/2014;<=10;0;0;<24, 48;654.01;655.48;0;28/03/2014;9;13226.2;BT;1/01/2012;1;CNE
C05811;01/03/2014;<=10;>0;0;<24, 48;554.53;741.74;0;6/03/2014;19;4765.15;BT;1/01/2013;0;CNE
C05812;01/03/2014;<=10;0;0;<24, 48;433.18;433.67;0;11/03/2014;17;4542.26;BT;1/01/2010;1;CNE
C05813;01/03/2014;<=10;0;0;<24, 48;298.12;645.04;643.62;11/03/2014;15;18389.2;BT;1/01/2013;1;COEF
C05814;01/03/2014;<=10;0;0;<=24;311.96;311.84;0;13/03/2014;14;2815.86;BT;1/01/2013;1;CNE
C05815;01/03/2014;<=10;0;0;<24, 48;775.31;775.8;775.8;4/03/2014;10;15230.8;BT;1/01/2012;1;COEF
C05816;01/03/2014;>10;0;0;<24, 48;103.13;205.27;0;27/03/2014;7;2318.28;BT;1/01/2012;1;CNE
C05817;01/03/2014;>10;>0;0;>48;1281.51;1928.21;0;17/03/2014;9;10761.4;BT;1/01/2012;0;COEF
C05818;01/03/2014;<=10;0;0;<24, 48;32.24;31.69;0;5/03/2014;8;7883.92;BT;1/01/2012;1;CNE
C05819;01/03/2014;<=10;0;0;<=24;608.59;117.91;0;28/03/2014;15;606.92;BT;1/01/2014;1;CNE
C05820;01/03/2014;<=10;0;0;>48;342.9;339.06;343.6;28/03/2014;16;7413.04;BT;1/01/2013;1;CNE
C05821;01/03/2014;<=10;0;0;<24, 48;324.06;0;263.97;5/03/2014;7;5754.54;BT;1/01/2011;1;CNE
C05823;01/03/2014;<=10;0;0;>48;873.81;439.54;436.95;31/03/2014;14;7657.61;BT;1/01/2011;0;CNE
C05824;01/03/2014;>10;0;0;<=24;477.37;638.4;0;5/03/2014;13;960.52;BT;1/01/2012;0;CNE
C05825;01/03/2014;<=10;0;0;<=24;190.16;175.79;0;28/03/2014;13;1922.51;BT;1/01/2013;1;CNE
C05826;01/03/2014;<=10;0;0;>48;1575.39;1109.46;0;18/03/2014;8;16365.6;BT;1/01/2013;0;CNE
C05827;01/03/2014;<=10;0;0;>48;172.57;0;0;7/03/2014;14;4363.55;BT;1/01/2013;1;CNE
C05830;01/03/2014;<=10;0;0;<24, 48;700.54;223.18;0;11/03/2014;10;10260.4;BT;1/01/2013;1;CNE
C05831;01/03/2014;>10;0;0;<24, 48;68.14;247.12;0;13/03/2014;17;927.2;BT;1/01/2011;1;CNE
C05832;01/03/2014;<=10;0;0;<24, 48;280.68;562.16;0;13/03/2014;13;5765.92;BT;1/01/2013;1;CNE
C05834;01/03/2014;<=10;0;0;<24, 48;395.34;0;0;7/03/2014;15;7972.1;BT;1/01/2012;1;COEF
C05835;01/03/2014;<=10;0;0;>48;862.85;1300.08;0;18/03/2014;14;11728.5;BT;1/01/2012;0;CNE
C05836;01/03/2014;<=10;0;0;<24, 48;276.59;1015.41;0;31/03/2014;16;6152.7;BT;1/01/2013;1;CNE
C05837;01/03/2014;<=10;0;0;<24, 48;80.27;257.23;0;18/03/2014;13;8451.97;BT;1/01/2013;0;CNE
C05838;01/03/2014;<=10;0;0;<=24;387.99;387.98;0;24/03/2014;17;4715.35;BT;1/01/2013;1;CNE
C05839;01/03/2014;<=10;>0;1;<24, 48;1012.84;0;0;10/03/2014;15;13414.5;BT;1/01/2013;0;CNE
C05840;01/03/2014;<=10;>0;0;<24, 48;2417.06;0;0;12/03/2014;12;21408.2;BT;1/01/2012;0;CNE
C05841;01/03/2014;>10;0;0;<24, 48;122.95;123.19;123.2;4/03/2014;8;1315.85;BT;1/01/2012;1;CNE
C05842;01/03/2014;<=10;0;0;>48;1062.31;1063.47;1062.49;17/03/2014;15;26317.1;BT;1/01/2013;1;CNE
C05843;01/03/2014;<=10;0;0;<24, 48;375.44;564.46;0;12/03/2014;12;3565.94;BT;1/01/2013;0;CNE
C05844;01/03/2014;<=10;0;0;>48;551.67;604.51;0;7/03/2014;19;16533.1;BT;1/01/2012;1;CNE
C05845;01/03/2014;>10;0;0;<24, 48;566.27;0;239.3;17/03/2014;11;3233.78;BT;1/01/2011;0;CNE
C05846;01/03/2014;<=10;>0;0;<24, 48;582.57;582.01;582.01;7/03/2014;15;7918.21;BT;1/01/2013;1;CNE
C05847;01/03/2014;<=10;0;0;<24, 48;222.23;222.46;223.08;6/03/2014;11;4530.93;BT;1/01/2013;1;COEF
C05850;01/03/2014;<=10;0;0;<24, 48;43.61;0;0;5/03/2014;7;4440.46;BT;1/01/2011;1;CNE
C05851;01/03/2014;<=10;>0;0;>48;527.58;846.06;0;6/03/2014;17;8469.36;BT;1/01/2013;0;CNE
C05852;01/03/2014;<=10;0;0;>48;702.55;939.22;0;12/03/2014;13;2000.41;BT;1/01/2011;0;CNE
C05853;01/03/2014;<=10;0;0;>48;464.07;456.28;0;7/03/2014;8;12930.7;BT;1/01/2013;1;CNE
C05854;01/03/2014;>10;0;0;>48;186.11;192.95;0;4/03/2014;7;1484.15;BT;1/01/2012;1;CNE
C05855;01/03/2014;<=10;0;0;<24, 48;205.81;205.68;205.68;6/03/2014;13;2582.42;BT;1/01/2012;1;COEF
C05856;01/03/2014;<=10;>0;0;>48;1272.09;1916.13;0;11/03/2014;12;21068.7;BT;1/01/2013;0;CNE
C05857;01/03/2014;<=10;0;0;<24, 48;563.32;0;0;6/03/2014;11;8047.78;BT;1/01/2012;1;COEF
C05858;01/03/2014;<=10;0;0;<=24;167.17;167.4;167.39;21/03/2014;13;2095.41;BT;1/01/2013;1;CNE
C05859;01/03/2014;<=10;0;0;<24, 48;681.41;370.32;370.32;11/03/2014;15;6783.73;BT;1/01/2013;1;CNE
C05860;01/03/2014;<=10;>0;1;>48;274.39;0;0;13/03/2014;13;17106.5;BT;1/01/2012;1;COEF
C05861;01/03/2014;<=10;0;0;<24, 48;84.17;74.99;0;17/03/2014;9;2289.18;BT;1/01/2012;1;CNE
C05862;01/03/2014;>10;0;0;<24, 48;1329.83;1777.96;0;6/03/2014;19;6258.62;BT;1/01/2011;0;CNE
C05863;01/03/2014;>10;0;0;>48;3210.81;3265.37;0;19/03/2014;11;19699.4;BT;1/01/2011;0;COEF
C05864;01/03/2014;<=10;0;0;<=24;159.46;0;0;13/03/2014;17;2191.14;BT;1/01/2013;1;COEF
C05865;01/03/2014;<=10;0;0;<=24;306.56;306.56;930.86;25/03/2014;11;3998.36;BT;1/01/2013;1;CNE
C05866;01/03/2014;<=10;0;0;<=24;85.09;208.89;0;10/03/2014;14;2483.09;BT;1/01/2013;1;CNE
C05867;01/03/2014;<=10;0;0;<24, 48;705.57;705.69;706.77;27/03/2014;19;7802.11;BT;1/01/2011;1;CNE
C05868;01/03/2014;<=10;0;0;>48;145.58;69.65;65.65;19/03/2014;11;7253.9;BT;1/01/2012;1;CNE
C05869;01/03/2014;<=10;0;0;>48;24.13;636.53;337.01;5/03/2014;8;19121.6;BT;1/01/2014;1;CNE
C05871;01/03/2014;<=10;0;0;<24, 48;239.01;646.09;127.82;19/03/2014;13;17025.6;BT;1/01/2013;1;CNE
C05872;01/03/2014;>10;0;0;<24, 48;253.33;253.96;0;5/03/2014;7;2026.88;BT;1/01/2011;1;CNE
C05873;01/03/2014;<=10;>0;0;<=24;325.22;0;0;21/03/2014;10;4457.4;BT;1/01/2013;1;COEF
C05874;01/03/2014;<=10;0;0;<24, 48;110.27;104.44;0;7/03/2014;13;2356.54;BT;1/01/2013;1;CNE
C05875;01/03/2014;>10;0;0;>48;161.3;324.95;489.72;31/03/2014;8;942.64;BT;1/01/2010;1;CNE
C05876;01/03/2014;<=10;>0;0;<=24;285.85;573.4;864.17;17/03/2014;7;3646.49;BT;1/01/2013;1;CNE
C05877;01/03/2014;<=10;0;0;>48;2093.74;2093.84;2094.91;7/03/2014;11;53343.3;BT;1/01/2012;1;COEF
C05878;01/03/2014;<=10;0;0;<24, 48;429.44;194.2;0;20/03/2014;11;10482.2;BT;1/01/2013;0;CNE
C05879;01/03/2014;<=10;0;0;<24, 48;39.1;0;0;7/03/2014;11;11617;BT;1/01/2013;1;COEF
C05880;01/03/2014;<=10;0;0;<24, 48;387.67;0;0;4/03/2014;16;9781.41;BT;1/01/2013;1;CNE
C05881;01/03/2014;<=10;>0;0;<=24;1057.64;0;0;26/03/2014;12;1053.19;BT;1/01/2013;0;CNE
C05882;01/03/2014;<=10;>0;0;<=24;635.1;121.6;0;10/03/2014;9;633.77;BT;1/01/2013;0;COEF
C05883;01/03/2014;>10;0;0;>48;747.64;999.66;0;25/03/2014;9;6061.62;BT;1/01/2012;0;CNE
C05884;01/03/2014;<=10;0;0;<24, 48;147.29;294.89;148.36;10/03/2014;8;1458.79;BT;1/01/2012;1;CNE
C05885;01/03/2014;>10;0;0;<=24;467.73;110.49;219.85;12/03/2014;13;2020.99;BT;1/01/2012;0;CNE
C05886;01/03/2014;<=10;>0;0;>48;674.98;912.24;0;14/03/2014;9;2115.26;BT;1/01/2011;0;CNE
C05887;01/03/2014;<=10;0;0;<24, 48;327.2;596.32;0;26/03/2014;11;9131.48;BT;1/01/2013;1;CNE
C05888;01/03/2014;>10;0;0;>48;2136.86;2150.02;0;20/03/2014;16;2139.78;BT;1/01/2011;0;CNE
C05889;01/03/2014;<=10;>0;0;<24, 48;650.92;1081.12;0;26/03/2014;20;7482.77;BT;1/01/2013;0;CNE
C05892;01/03/2014;<=10;0;0;<24, 48;588.15;1177.11;578.59;31/03/2014;13;13309.5;BT;1/01/2013;1;CNE
C05894;01/03/2014;>10;0;0;<24, 48;21.27;0;0;4/03/2014;10;26324.5;BT;1/01/2011;1;CNE
C05896;01/03/2014;<=10;0;0;<24, 48;477.7;40.91;0;19/03/2014;11;4126.93;BT;1/01/2012;0;CNE
C05898;01/03/2014;<=10;0;0;<24, 48;149.02;149.06;0;10/03/2014;9;3839.28;BT;1/01/2014;1;CNE
C05901;01/03/2014;<=10;0;0;<24, 48;220.3;128.94;0;7/03/2014;12;1726.05;BT;1/01/2011;1;CNE
C05902;01/03/2014;<=10;0;0;<24, 48;476.23;717.68;0;28/03/2014;13;2841.04;BT;1/01/2012;0;CNE
C05903;01/03/2014;<=10;0;0;<=24;405.01;159.8;0;18/03/2014;17;2766.82;BT;1/01/2012;1;CNE
C05904;01/03/2014;<=10;0;0;<24, 48;68.32;0;0;4/03/2014;10;2370.87;BT;1/01/2012;1;COEF
C05905;01/03/2014;<=10;0;0;<24, 48;481.12;675.99;0;31/03/2014;19;3541.62;BT;1/01/2013;0;COEF
C05906;01/03/2014;<=10;>0;0;<24, 48;1850.64;0;0;3/03/2014;11;23714.8;BT;1/01/2012;1;CNE
C05907;01/03/2014;<=10;0;0;>48;394.54;0;0;10/03/2014;8;8758.83;BT;1/01/2013;1;COEF
C05908;01/03/2014;<=10;0;0;>48;537.66;709.59;0;4/03/2014;12;46250.8;BT;1/01/2013;1;COEF
C05909;01/03/2014;<=10;>0;0;>48;550.97;1225.33;1905.37;26/03/2014;14;17740.2;BT;1/01/2013;1;CNE
C05910;01/03/2014;>10;0;0;>48;1170.31;1570.05;0;31/03/2014;18;5209.42;BT;1/01/2011;0;CNE
C05911;01/03/2014;<=10;0;0;>48;206.36;0;0;17/03/2014;18;11871.6;BT;1/01/2013;1;COEF
C05912;01/03/2014;>10;0;0;>48;384.59;204.87;0;19/03/2014;16;6813.38;BT;1/01/2011;1;CNE
C05913;01/03/2014;>10;0;0;<24, 48;21.88;0;0;5/03/2014;7;8267.73;BT;1/01/2012;1;CNE
C05915;01/03/2014;<=10;0;0;>48;306.82;0;0;5/03/2014;8;7445.09;BT;1/01/2013;1;COEF
C05916;01/03/2014;<=10;>0;0;>48;368.98;748.38;0;21/03/2014;16;7597.51;BT;1/01/2012;1;COEF
C05917;01/03/2014;<=10;>0;0;<24, 48;273.49;273.49;328.14;31/03/2014;8;6843.66;BT;1/01/2013;1;CNE
C05919;01/03/2014;<=10;>0;0;<24, 48;1252.28;1899.27;0;10/03/2014;11;17586.3;BT;1/01/2013;0;CNE
C05920;01/03/2014;>10;0;0;<24, 48;771.65;1161.08;0;17/03/2014;11;6252.44;BT;1/01/2012;0;CNE
C05921;01/03/2014;>10;>0;0;<24, 48;83.75;26.81;0;20/03/2014;15;1245.8;BT;1/01/2012;1;CNE
C05922;01/03/2014;<=10;0;0;<24, 48;831.79;831.79;0;6/03/2014;20;5487.44;BT;1/01/2013;0;CNE
C05923;01/03/2014;<=10;0;0;<24, 48;450.35;451.61;0;7/03/2014;8;11318.4;BT;1/01/2013;1;CNE
C05925;01/03/2014;>10;>0;0;>48;1349;1044.39;1063.39;6/03/2014;10;1891.78;BT;1/01/2010;0;CNE
C05926;01/03/2014;<=10;>0;0;<24, 48;179.11;273.42;0;27/03/2014;8;5573.58;BT;1/01/2013;1;COEF
C05928;01/03/2014;<=10;>0;0;>48;1040.8;2037.43;0;26/03/2014;8;24430;BT;1/01/2013;0;CNE
C05929;01/03/2014;<=10;0;0;<24, 48;289.55;279.55;288.78;19/03/2014;14;5840.66;BT;1/01/2012;1;CNE
C05930;01/03/2014;<=10;0;0;>48;195.05;11.78;0;4/03/2014;9;4863.63;BT;1/01/2013;1;CNE
C05931;01/03/2014;<=10;0;0;<24, 48;250.76;256.26;0;21/03/2014;13;4456.44;BT;1/01/2013;1;CNE
C05932;01/03/2014;<=10;0;0;>48;407.13;0;0;19/03/2014;19;10435.6;BT;1/01/2013;1;COEF
C05933;01/03/2014;<=10;0;0;<24, 48;616.29;616.74;0;6/03/2014;8;19881.2;BT;1/01/2013;1;COEF
C05934;01/03/2014;<=10;0;0;>48;1164.79;1164.79;0;27/03/2014;10;13938.5;BT;1/01/2013;0;CNE
C05935;01/03/2014;<=10;0;0;>48;1073.31;0;0;18/03/2014;8;9306.76;BT;1/01/2013;0;CNE
C05936;01/03/2014;>10;0;0;<24, 48;90.54;52.7;132.25;4/03/2014;7;2209.26;BT;1/01/2012;1;CNE
C05937;01/03/2014;<=10;0;0;<24, 48;235.05;13.03;234.45;24/03/2014;19;4568.28;BT;1/01/2013;1;CNE
C05938;01/03/2014;<=10;0;0;<24, 48;290.87;623.18;0;12/03/2014;14;8692.53;BT;1/01/2013;1;CNE
C05941;01/03/2014;<=10;0;0;<=24;36.72;69.58;0;11/03/2014;11;2806.25;BT;1/01/2013;1;CNE
C05942;01/03/2014;<=10;>0;0;>48;923.67;0;0;3/03/2014;14;16471.5;BT;1/01/2013;1;COEF
C05943;01/03/2014;<=10;0;0;>48;132.33;132.33;399.15;31/03/2014;8;2153.49;BT;1/01/2014;1;CNE
C05944;01/03/2014;<=10;0;0;>48;768.05;1824.03;587.62;27/03/2014;19;21262.7;BT;1/01/2012;1;CNE
C05945;01/03/2014;<=10;>0;1;<24, 48;886.49;0;0;25/03/2014;9;7055.69;BT;1/01/2011;0;CNE
C05948;01/03/2014;<=10;0;0;<24, 48;265.01;265.01;798.77;31/03/2014;18;6210.62;BT;1/01/2014;1;CNE
C05949;01/03/2014;<=10;0;0;<=24;845.1;1132;0;3/03/2014;9;1423.04;BT;1/01/2012;0;CNE
C05950;01/03/2014;<=10;>0;0;<=24;1002.99;1002.99;0;18/03/2014;9;1004.07;BT;1/01/2013;0;CNE
C05951;01/03/2014;<=10;0;0;<24, 48;602.57;804.74;0;25/03/2014;9;4519.04;BT;1/01/2013;0;CNE
C05954;01/03/2014;<=10;0;0;<24, 48;1028.92;0;0;21/03/2014;8;10635;BT;1/01/2013;0;CNE
C05955;01/03/2014;<=10;>0;1;<24, 48;756.81;418.22;0;11/03/2014;13;17530.4;BT;1/01/2013;1;CNE
C05956;01/03/2014;<=10;0;0;<24, 48;803.68;1077.2;0;21/03/2014;12;4274.6;BT;1/01/2012;0;CNE
C05957;01/03/2014;<=10;0;0;<=24;491.27;0;0;7/03/2014;15;981.26;BT;1/01/2013;1;CNE
C05958;01/03/2014;<=10;0;0;>48;320.45;320.45;0;27/03/2014;10;10680.6;BT;1/01/2013;1;CNE
C05959;01/03/2014;<=10;0;0;<24, 48;596.45;508.21;0;10/03/2014;8;13986.1;BT;1/01/2013;1;CNE
C05961;01/03/2014;<=10;>0;1;>48;636.4;636.78;0;21/03/2014;16;16304.2;BT;1/01/2013;1;COEF
C05963;01/03/2014;<=10;0;0;>48;455.18;455.18;916.51;21/03/2014;16;17825;BT;1/01/2012;1;COEF
C05964;01/03/2014;<=10;0;0;<24, 48;107.43;0;0;6/03/2014;16;12574.8;BT;1/01/2013;1;COEF
C05965;01/03/2014;<=10;0;0;<24, 48;324.84;326.51;330.79;19/03/2014;11;9973.14;BT;1/01/2013;1;CNE
C05966;01/03/2014;<=10;0;0;<=24;291.99;588.67;0;28/03/2014;15;3801.62;BT;1/01/2013;1;CNE
C05967;01/03/2014;<=10;0;0;>48;214.9;0;0;19/03/2014;9;4052.67;BT;1/01/2012;1;CNE
C05969;01/03/2014;<=10;0;0;<24, 48;280.08;281.89;277.83;13/03/2014;15;6986.26;BT;1/01/2013;1;CNE
C05972;01/03/2014;<=10;>0;0;<24, 48;190.38;424.08;0;31/03/2014;18;5181.11;BT;1/01/2013;1;COEF
C05973;01/03/2014;<=10;0;0;<24, 48;1114.64;1114.64;0;27/03/2014;19;9507.82;BT;1/01/2013;0;CNE
C05974;01/03/2014;<=10;0;0;<24, 48;726.5;726.5;0;24/03/2014;19;5932.91;BT;1/01/2012;0;COEF
C05976;01/03/2014;<=10;0;0;<24, 48;635.24;0;0;4/03/2014;11;30195.9;BT;1/01/2013;1;CNE
C05977;01/03/2014;>10;0;0;<24, 48;664.04;650.16;0;20/03/2014;20;19361.2;BT;1/01/2013;1;CNE
C05978;01/03/2014;<=10;0;0;<24, 48;440.75;882.95;0;21/03/2014;11;11312.3;BT;1/01/2013;1;CNE
C05979;01/03/2014;<=10;>0;0;<24, 48;48.35;59.16;0;17/03/2014;7;882.68;BT;1/01/2013;1;CNE
C05980;01/03/2014;<=10;0;0;<24, 48;377.27;0;0;28/03/2014;14;8267.01;BT;1/01/2012;1;CNE
C05981;01/03/2014;<=10;0;0;<24, 48;532.93;0;0;20/03/2014;9;10770.5;BT;1/01/2012;1;CNE
C05982;01/03/2014;>10;0;0;<24, 48;119.19;242.33;366.04;10/03/2014;15;1450.53;BT;1/01/2012;1;CNE
C05984;01/03/2014;<=10;>0;0;>48;805.59;0;0;3/03/2014;10;11705.5;BT;1/01/2013;1;CNE
C05985;01/03/2014;<=10;0;0;<24, 48;415.26;837;0;4/03/2014;16;8407.95;BT;1/01/2013;1;COEF
C05986;01/03/2014;<=10;0;0;<24, 48;471.36;0;0;4/03/2014;16;8757.95;BT;1/01/2012;1;CNE
C05987;01/03/2014;<=10;0;0;<=24;179.16;97.56;0;13/03/2014;16;2371.75;BT;1/01/2013;1;CNE
C05988;01/03/2014;<=10;0;0;<24, 48;321.97;1.42;0;14/03/2014;11;4396.99;BT;1/01/2012;1;COEF
C05991;01/03/2014;<=10;0;0;<24, 48;687.61;687.61;0;17/03/2014;12;679.59;BT;1/01/2011;0;CNE
C05993;01/03/2014;<=10;0;0;<24, 48;593.68;602.22;599.28;6/03/2014;17;7249.98;BT;1/01/2012;1;COEF
C05994;01/03/2014;<=10;0;0;>48;196.85;0;0;4/03/2014;15;21077;BT;1/01/2013;1;COEF
C05995;01/03/2014;<=10;>0;0;>48;501.06;493.27;498.54;20/03/2014;10;5607.06;BT;1/01/2011;1;CNE
C05996;01/03/2014;<=10;0;0;<24, 48;258.63;259.43;0;13/03/2014;12;4886.05;BT;1/01/2013;1;CNE
C05997;01/03/2014;<=10;>0;1;>48;711.4;981.14;0;14/03/2014;17;7059.9;BT;1/01/2013;0;CNE
C05999;01/03/2014;<=10;0;0;>48;75.11;31.89;0;4/03/2014;13;4134.72;BT;1/01/2013;1;CNE
C06001;01/03/2014;<=10;>0;1;<24, 48;1983.99;0;0;24/03/2014;10;17566.6;BT;1/01/2012;0;CNE
C06002;01/03/2014;<=10;0;0;<24, 48;253.65;0;0;17/03/2014;11;4216.69;BT;1/01/2013;1;CNE
C06004;01/03/2014;>10;>0;1;<24, 48;488.02;487.56;45.38;25/03/2014;13;7769.74;BT;1/01/2012;0;CNE
C06005;01/03/2014;<=10;0;0;<24, 48;314.38;317.47;314.79;31/03/2014;7;5273.52;BT;1/01/2013;1;CNE
C06007;01/03/2014;<=10;0;0;<24, 48;64.5;11.32;0;4/03/2014;10;7197.36;BT;1/01/2013;1;COEF
C06008;01/03/2014;<=10;>0;0;<24, 48;753.81;1512.15;0;31/03/2014;9;23106;BT;1/01/2014;1;CNE
C06009;01/03/2014;<=10;0;0;<24, 48;205.81;421.43;638.95;10/03/2014;10;3036.24;BT;1/01/2012;1;CNE
C06010;01/03/2014;>10;0;0;<24, 48;179.04;279.78;0;7/03/2014;7;4592.18;BT;1/01/2013;1;COEF
C06011;01/03/2014;<=10;>0;0;<=24;563.35;579.47;0;24/03/2014;10;553.28;BT;1/01/2012;0;CNE
C06014;01/03/2014;<=10;0;0;<=24;227.15;227.15;687.4;26/03/2014;8;1968.62;BT;1/01/2013;1;COEF
C06015;01/03/2014;<=10;0;0;<24, 48;470.06;0;0;4/03/2014;14;7586.57;BT;1/01/2011;1;COEF
C06017;01/03/2014;<=10;0;0;<=24;179.21;197.51;333.18;14/03/2014;7;4787.87;BT;1/01/2013;1;CNE
C06018;01/03/2014;>10;0;0;>48;350.37;355.75;0;7/03/2014;14;3665.56;BT;1/01/2012;1;CNE
C06021;01/03/2014;<=10;>0;0;>48;194.83;172.31;0;12/03/2014;17;18744.1;BT;1/01/2013;1;CNE
C06022;01/03/2014;<=10;0;0;<24, 48;453.68;454.23;0;6/03/2014;8;8562;BT;1/01/2013;1;COEF
C06025;01/03/2014;<=10;0;0;<24, 48;365.54;0;0;5/03/2014;9;3038.08;BT;1/01/2011;0;CNE
C06026;01/03/2014;>10;>0;0;<24, 48;637.12;857.21;0;25/03/2014;11;3690.44;BT;1/01/2012;0;CNE
C06029;01/03/2014;<=10;0;0;<24, 48;303.92;498.39;0;20/03/2014;10;2868.98;BT;1/01/2011;0;CNE
C06033;01/03/2014;<=10;0;0;<24, 48;428.66;429.75;0;28/03/2014;8;11555.8;BT;1/01/2013;1;CNE
C06036;01/03/2014;<=10;0;0;<24, 48;308.53;617.3;0;31/03/2014;14;5406.21;BT;1/01/2013;1;CNE
C06037;01/03/2014;<=10;0;0;>48;239.9;361.69;0;27/03/2014;15;3338.83;BT;1/01/2013;1;CNE
C06038;01/03/2014;<=10;0;0;<24, 48;145.64;145.62;0;6/03/2014;12;1581.6;BT;1/01/2012;1;CNE
C06039;01/03/2014;<=10;0;0;<24, 48;482.71;727.31;0;7/03/2014;10;4954.39;BT;1/01/2013;0;CNE
C06040;01/03/2014;<=10;0;0;<24, 48;352.92;157.77;229.73;11/03/2014;7;7947.16;BT;1/01/2012;1;CNE
C06041;01/03/2014;<=10;0;0;<24, 48;531.98;0;0;20/03/2014;9;14600.4;BT;1/01/2013;1;COEF
C06045;01/03/2014;<=10;>0;0;<24, 48;851.23;851.23;376.25;24/03/2014;9;15250.6;BT;1/01/2012;1;CNE
C06048;01/03/2014;<=10;0;0;<24, 48;198.54;192.71;0;4/03/2014;15;4057.08;BT;1/01/2012;1;CNE
C06049;01/03/2014;<=10;>0;0;<24, 48;667.33;0;670.95;24/03/2014;11;17821.5;BT;1/01/2013;1;COEF
C06050;01/03/2014;<=10;0;0;<=24;546.49;825.88;0;27/03/2014;9;3846.09;BT;1/01/2013;0;CNE
C06051;01/03/2014;<=10;0;0;>48;349.19;700.06;0;20/03/2014;11;5862.32;BT;1/01/2011;1;CNE
C06057;01/03/2014;>10;0;0;<24, 48;170.41;0;0;7/03/2014;10;12601.9;BT;1/01/2011;1;COEF
C06058;01/03/2014;>10;0;0;<24, 48;143.65;0;0;20/03/2014;7;2585.15;BT;1/01/2012;1;COEF
C06059;01/03/2014;<=10;0;0;>48;259.6;0;0;19/03/2014;14;4774.4;BT;1/01/2013;1;CNE
C06060;01/03/2014;>10;0;0;<24, 48;790.33;0;0;4/03/2014;9;18987.5;BT;1/01/2012;1;COEF
C06062;01/03/2014;>10;0;0;<24, 48;945.86;946.49;0;14/03/2014;20;19319.2;BT;1/01/2012;1;CNE
C06063;01/03/2014;<=10;0;0;<24, 48;379.42;1283.5;0;27/03/2014;7;6788.37;BT;1/01/2011;1;CNE
C06064;01/03/2014;<=10;0;0;<24, 48;253.43;253.43;115.57;5/03/2014;9;6664.68;BT;1/01/2013;1;CNE
C06065;01/03/2014;<=10;>0;0;>48;2957.77;3959.58;0;28/03/2014;13;26918.7;BT;1/01/2012;0;CNE
C06066;01/03/2014;>10;0;0;<24, 48;312.63;316.07;0;4/03/2014;7;1304.26;BT;1/01/2011;1;CNE
C06067;01/03/2014;<=10;0;0;<=24;329.04;660.37;994.42;17/03/2014;19;4687.95;BT;1/01/2013;1;CNE
C06068;01/03/2014;<=10;>0;0;>48;297.84;429.04;0;27/03/2014;13;2431.56;BT;1/01/2013;0;CNE
C06069;01/03/2014;<=10;0;0;>48;98.21;98.21;536.08;26/03/2014;17;5361.45;BT;1/01/2013;1;CNE
C06070;01/03/2014;<=10;>0;0;<24, 48;4419.14;5909.18;0;10/03/2014;7;44880.3;BT;1/01/2013;0;COEF
C06071;01/03/2014;<=10;>0;0;<24, 48;302.9;301.49;300.05;11/03/2014;16;10432.9;BT;1/01/2013;1;CNE
C06072;01/03/2014;>10;0;0;>48;597.85;199.28;593.41;4/03/2014;12;13588.9;BT;1/01/2012;1;CNE
C06073;01/03/2014;<=10;>0;0;>48;272.76;180.01;284.99;19/03/2014;8;7466.45;BT;1/01/2013;1;CNE
C06075;01/03/2014;>10;0;0;<24, 48;220.81;234.77;0;6/03/2014;15;1522.28;BT;1/01/2011;1;CNE
C06076;01/03/2014;<=10;0;0;<24, 48;372.53;0;0;7/03/2014;10;8179.4;BT;1/01/2012;1;COEF
C06077;01/03/2014;<=10;0;0;>48;42.22;1027.21;0;26/03/2014;9;28983.8;BT;1/01/2012;1;CNE
C06078;01/03/2014;<=10;0;0;<24, 48;130.93;485.06;0;24/03/2014;18;8520.51;BT;1/01/2013;1;COEF
C06079;01/03/2014;<=10;0;0;<24, 48;323.86;90.39;282.98;12/03/2014;16;6674.49;BT;1/01/2013;0;CNE
C06080;01/03/2014;<=10;>0;0;<24, 48;260.53;32.17;287.73;21/03/2014;8;5454.61;BT;1/01/2013;1;CNE
C06081;01/03/2014;<=10;0;0;<24, 48;501.06;503.53;0;4/03/2014;11;6588.9;BT;1/01/2012;1;COEF
C06082;01/03/2014;>10;0;0;<24, 48;213.12;213.24;211.22;7/03/2014;12;4036.13;BT;1/01/2013;1;CNE
C06083;01/03/2014;>10;0;0;<24, 48;67.11;60.22;0;11/03/2014;7;3581.33;BT;1/01/2013;1;CNE
C06084;01/03/2014;<=10;0;0;<24, 48;686.16;94.39;693.59;6/03/2014;19;20417.3;BT;1/01/2013;1;CNE
C06085;01/03/2014;<=10;0;0;>48;692.48;0;0;4/03/2014;11;26100.3;BT;1/01/2013;1;COEF
C06086;01/03/2014;<=10;0;0;<24, 48;395.82;0;0;5/03/2014;7;10586.6;BT;1/01/2012;1;COEF
C06087;01/03/2014;<=10;>0;0;>48;1627.94;1103.15;0;17/03/2014;15;16213.6;BT;1/01/2013;0;COEF
C06088;01/03/2014;>10;>0;0;>48;1528.81;2264.14;0;19/03/2014;7;45696.1;BT;1/01/2012;0;CNE
C06089;01/03/2014;<=10;>0;0;<24, 48;266.16;16.16;0;28/03/2014;9;3907.76;BT;1/01/2012;0;COEF
C06091;01/03/2014;<=10;0;0;<=24;617.49;0;0;20/03/2014;7;616.82;BT;1/01/2014;1;COEF
C06092;01/03/2014;>10;>0;0;<24, 48;592.75;394.37;592.64;21/03/2014;15;1203.61;BT;1/01/2011;0;CNE
C06093;01/03/2014;<=10;0;0;<24, 48;554.76;750.88;0;31/03/2014;20;3607.78;BT;1/01/2012;0;CNE
C06096;01/03/2014;<=10;0;0;<=24;757.77;1146.16;1538.32;27/03/2014;7;4411.18;BT;1/01/2013;0;CNE
C06099;01/03/2014;<=10;>0;1;<24, 48;1030.56;0;0;6/03/2014;20;9852;BT;1/01/2013;0;CNE
C06100;01/03/2014;<=10;>0;0;>48;260.12;229.92;0;20/03/2014;11;23553.1;BT;1/01/2013;0;COEF
C06101;01/03/2014;>10;>0;0;<24, 48;963.52;0;0;6/03/2014;7;5517;BT;1/01/2012;0;CNE
C06102;01/03/2014;<=10;>0;1;<24, 48;328.26;329.77;659.91;17/03/2014;10;5576.38;BT;1/01/2012;1;CNE
C06106;01/03/2014;<=10;0;0;<=24;136.84;93.17;186.48;5/03/2014;12;1566.39;BT;1/01/2013;1;CNE
C06107;01/03/2014;<=10;0;0;<24, 48;571.5;0.59;572.16;6/03/2014;11;16483.8;BT;1/01/2013;1;COEF
C06109;01/03/2014;<=10;0;0;<24, 48;104.14;386.75;0;31/03/2014;18;1946.26;BT;1/01/2012;1;CNE
C06110;01/03/2014;<=10;0;0;>48;1996.81;2669.32;0;3/03/2014;17;16561.6;BT;1/01/2013;0;CNE
C06111;01/03/2014;<=10;0;0;<24, 48;381.47;0.67;0;6/03/2014;9;6170.5;BT;1/01/2012;1;CNE
C06112;01/03/2014;<=10;0;0;<24, 48;832.68;1112.35;0;21/03/2014;12;6719.37;BT;1/01/2013;0;CNE
C06113;01/03/2014;<=10;0;0;<24, 48;1108.02;0;0;12/03/2014;12;1919.17;BT;1/01/2013;0;CNE
C06114;01/03/2014;<=10;>0;0;>48;131.24;130.2;133.45;28/03/2014;10;3001.19;BT;1/01/2013;1;COEF
C06115;01/03/2014;>10;0;0;<24, 48;202.99;213.05;0;7/03/2014;9;1544.91;BT;1/01/2011;1;CNE
C06118;01/03/2014;<=10;0;0;>48;319.37;0;0;5/03/2014;10;9492.56;BT;1/01/2013;1;COEF
C06119;01/03/2014;<=10;0;0;<24, 48;69.48;63.7;0;6/03/2014;12;13888;BT;1/01/2012;1;CNE
C06120;01/03/2014;>10;0;0;>48;296.22;96.95;0;31/03/2014;9;2306.02;BT;1/01/2011;1;CNE
C06123;01/03/2014;<=10;0;0;<24, 48;192.16;0;26.3;17/03/2014;11;13595.3;BT;1/01/2013;1;CNE
C06124;01/03/2014;<=10;0;0;<24, 48;216.84;217.06;0;21/03/2014;17;3126.35;BT;1/01/2012;1;CNE
C06125;01/03/2014;<=10;0;0;<24, 48;175.21;351.24;528.72;31/03/2014;9;2848.26;BT;1/01/2012;1;CNE
C06126;01/03/2014;<=10;0;0;<24, 48;81.89;0;41.79;17/03/2014;13;3875.24;BT;1/01/2012;1;CNE
C06127;01/03/2014;<=10;0;0;<24, 48;503.14;606.51;603.76;18/03/2014;13;13906.9;BT;1/01/2013;1;CNE
C06128;01/03/2014;>10;0;0;>48;367.3;363.64;0;21/03/2014;12;6514.47;BT;1/01/2011;1;COEF
C06129;01/03/2014;<=10;0;0;<24, 48;118.59;118.59;0;28/03/2014;13;5841.09;BT;1/01/2013;1;CNE
C06131;01/03/2014;<=10;0;0;<24, 48;252.27;578.66;0;5/03/2014;8;4708.07;BT;1/01/2012;1;CNE
C06137;01/03/2014;<=10;0;0;<24, 48;936.71;936.71;0;18/03/2014;12;4504.31;BT;1/01/2012;0;CNE
C06138;01/03/2014;<=10;>0;0;<=24;373.78;37.05;0;28/03/2014;9;1434.57;BT;1/01/2013;0;COEF
C06139;01/03/2014;<=10;0;0;<24, 48;1262.26;0;0;11/03/2014;14;17398.1;BT;1/01/2013;1;CNE
C06140;01/03/2014;<=10;0;0;>48;282.81;0;0;17/03/2014;19;7126.64;BT;1/01/2012;1;COEF
C06141;01/03/2014;<=10;0;0;>48;536.53;1073.25;0;11/03/2014;14;13634.7;BT;1/01/2013;1;CNE
C06142;01/03/2014;<=10;>0;1;<24, 48;181.52;188;0;28/03/2014;11;2869.12;BT;1/01/2012;1;CNE
C06143;01/03/2014;>10;0;0;<24, 48;235.23;233.62;0;5/03/2014;10;1137.83;BT;1/01/2011;1;CNE
C06145;01/03/2014;<=10;>0;0;>48;44.43;0;0;19/03/2014;8;4138.72;BT;1/01/2013;1;CNE
C06146;01/03/2014;<=10;>0;0;<=24;394.55;0;0;5/03/2014;11;1532.46;BT;1/01/2013;0;COEF
C06147;01/03/2014;<=10;0;0;<24, 48;303.13;154.82;0;6/03/2014;9;1895.62;BT;1/01/2011;1;CNE
C06148;01/03/2014;<=10;0;0;<24, 48;222.72;195.8;0;7/03/2014;11;4711.12;BT;1/01/2013;1;CNE
C06149;01/03/2014;<=10;0;0;<24, 48;227.42;225.44;0;21/03/2014;12;3740.49;BT;1/01/2012;1;CNE
C06150;01/03/2014;<=10;0;0;>48;373.53;749.75;0;24/03/2014;16;5633.02;BT;1/01/2011;1;CNE
C06151;01/03/2014;<=10;0;0;<24, 48;149.96;0;0;5/03/2014;10;2681.47;BT;1/01/2013;1;CNE
C06152;01/03/2014;<=10;0;0;<24, 48;396.88;0;0;5/03/2014;7;11533.1;BT;1/01/2013;1;COEF
C06153;01/03/2014;>10;0;0;<24, 48;628.79;840.61;0;26/03/2014;18;1190.85;BT;1/01/2011;0;CNE
C06154;01/03/2014;<=10;0;0;<24, 48;278.59;0;0;20/03/2014;7;5469.5;BT;1/01/2013;1;COEF
C06155;01/03/2014;<=10;0;0;>48;1017.76;1017.76;0;31/03/2014;11;13961.3;BT;1/01/2014;1;CNE
C06157;01/03/2014;>10;0;0;>48;466.65;470.07;0;27/03/2014;13;10890.6;BT;1/01/2012;1;CNE
C06158;01/03/2014;<=10;0;0;<=24;72.08;0;0;11/03/2014;12;2451.38;BT;1/01/2013;1;CNE
C06159;01/03/2014;<=10;0;0;>48;915.77;0;915.62;4/03/2014;9;29410.3;BT;1/01/2013;1;COEF
C06160;01/03/2014;>10;>0;0;>48;543.61;11.27;0;28/03/2014;14;1478.5;BT;1/01/2012;1;COEF
C06161;01/03/2014;<=10;0;0;<24, 48;205.66;0;0;5/03/2014;8;8407.47;BT;1/01/2012;1;CNE
C06162;01/03/2014;<=10;0;0;>48;345.06;715.73;0;28/03/2014;15;9091.17;BT;1/01/2013;1;CNE
C06163;01/03/2014;>10;>0;0;<24, 48;267.98;268.56;0;21/03/2014;11;2778.54;BT;1/01/2012;1;CNE
C06164;01/03/2014;<=10;0;0;>48;242.28;0;0;6/03/2014;13;6116.14;BT;1/01/2013;1;CNE
C06166;01/03/2014;<=10;0;0;<24, 48;407.93;390.52;418.28;19/03/2014;19;11455.6;BT;1/01/2013;1;COEF
C06167;01/03/2014;>10;0;0;>48;667.09;1220.55;1299.02;25/03/2014;13;9608.22;BT;1/01/2012;1;CNE
C06168;01/03/2014;<=10;>0;0;>48;936.14;1412.38;0;26/03/2014;19;11272.9;BT;1/01/2013;0;CNE
C06170;01/03/2014;>10;0;0;>48;552.31;831.6;1114;26/03/2014;12;6666.45;BT;1/01/2012;1;CNE
C06171;01/03/2014;<=10;0;0;<=24;105.87;9.41;39.08;7/03/2014;10;1944.69;BT;1/01/2013;1;CNE
C06173;01/03/2014;<=10;>0;0;<=24;1673.89;0;0;14/03/2014;11;3677.17;BT;1/01/2012;0;CNE
C06174;01/03/2014;>10;0;0;<24, 48;229.44;230.02;0.32;4/03/2014;16;2679.21;BT;1/01/2012;1;COEF
C06175;01/03/2014;<=10;0;0;<24, 48;245.76;245.99;0;7/03/2014;18;5728.8;BT;1/01/2013;1;CNE
C06176;01/03/2014;>10;0;0;<24, 48;303.87;0;0;5/03/2014;17;2151.78;BT;1/01/2011;1;CNE
C06177;01/03/2014;<=10;0;0;<24, 48;96.15;0;0;4/03/2014;12;3029.89;BT;1/01/2013;1;COEF
C06178;01/03/2014;<=10;0;0;<=24;116.22;0;0;25/03/2014;16;1769.65;BT;1/01/2013;1;COEF
C06179;01/03/2014;<=10;0;0;<24, 48;748.35;749.26;0;4/03/2014;9;16644.9;BT;1/01/2013;1;CNE
C06180;01/03/2014;<=10;0;0;>48;1146.83;0;0;11/03/2014;13;18257.3;BT;1/01/2013;0;COEF
C06181;01/03/2014;<=10;0;0;<=24;810.91;1086.96;0;12/03/2014;15;2686.76;BT;1/01/2013;0;CNE
C06182;01/03/2014;>10;0;0;<24, 48;759.93;0;0;14/03/2014;14;1413.33;BT;1/01/2011;0;CNE
C06183;01/03/2014;<=10;0;0;<=24;346.02;0;0;21/03/2014;20;1669.75;BT;1/01/2013;1;CNE
C06184;01/03/2014;<=10;0;0;<24, 48;307.83;307.95;0;4/03/2014;14;4235.46;BT;1/01/2012;1;CNE
C06185;01/03/2014;<=10;0;0;<=24;825.8;839.63;846.76;21/03/2014;14;815.99;BT;1/01/2014;0;CNE
C06187;01/03/2014;<=10;>0;0;<24, 48;218.73;0;0;17/03/2014;18;4097.5;BT;1/01/2013;1;CNE
C06188;01/03/2014;<=10;0;0;<=24;215.14;207.47;0;10/03/2014;15;2546.5;BT;1/01/2013;1;COEF
C06190;01/03/2014;<=10;0;0;<24, 48;68.38;28.95;45.33;6/03/2014;9;2033.85;BT;1/01/2012;1;CNE
C06194;01/03/2014;>10;>0;0;<24, 48;706.58;645.81;887.29;18/03/2014;12;2775.56;BT;1/01/2011;0;CNE
C06195;01/03/2014;<=10;0;0;<24, 48;295.27;450.55;0;3/03/2014;20;1885.06;BT;1/01/2013;1;CNE
C06199;01/03/2014;<=10;0;0;<24, 48;54.9;0;0;7/03/2014;7;4929.16;BT;1/01/2013;1;CNE
C06200;01/03/2014;>10;>0;0;>48;1230.09;1851.57;0;17/03/2014;8;14861.6;BT;1/01/2012;0;CNE
C06201;01/03/2014;<=10;0;0;>48;135.42;134.45;0;11/03/2014;8;3379.87;BT;1/01/2013;1;CNE
C06202;01/03/2014;<=10;>0;0;<=24;711.98;444.48;66.52;26/03/2014;9;6426.72;BT;1/01/2013;1;CNE
C06203;01/03/2014;>10;>0;0;<24, 48;1568.83;2097.26;0;13/03/2014;14;5933.26;BT;1/01/2010;0;CNE
C06204;01/03/2014;<=10;>0;0;>48;241.12;510.53;783.16;26/03/2014;19;2503.64;BT;1/01/2013;1;CNE
C06206;01/03/2014;<=10;>0;0;<=24;203.81;309.64;506.96;17/03/2014;10;2438.01;BT;1/01/2013;0;COEF
C06207;01/03/2014;<=10;0;0;<24, 48;293.73;294.41;0;13/03/2014;13;5076.24;BT;1/01/2013;1;CNE
C06208;01/03/2014;<=10;0;0;<=24;228.24;228.24;0;25/03/2014;17;1957.11;BT;1/01/2013;1;CNE
C06209;01/03/2014;<=10;0;0;<24, 48;1861.31;0;0;24/03/2014;7;38098.6;BT;1/01/2013;0;CNE
C06211;01/03/2014;<=10;0;0;<24, 48;339.73;337.04;336.59;24/03/2014;9;8197.58;BT;1/01/2013;1;CNE
C06212;01/03/2014;<=10;0;0;>48;932.41;1407.42;0;18/03/2014;14;10869.6;BT;1/01/2012;0;CNE
C06213;01/03/2014;<=10;0;0;<24, 48;30.62;258.87;0;31/03/2014;13;3207.02;BT;1/01/2012;1;CNE
C06214;01/03/2014;<=10;0;0;>48;390.34;390.34;0;14/03/2014;11;9973.81;BT;1/01/2013;1;CNE
C06215;01/03/2014;<=10;0;0;<24, 48;530.45;797.93;797.93;27/03/2014;13;5647.98;BT;1/01/2013;1;CNE
C06217;01/03/2014;<=10;0;0;<24, 48;388.24;74.49;384.15;12/03/2014;19;7896.1;BT;1/01/2013;1;COEF
C06218;01/03/2014;<=10;0;0;<=24;357.01;0;0;11/03/2014;16;6662.68;BT;1/01/2013;1;CNE
C06222;01/03/2014;<=10;0;0;<24, 48;169.54;169.54;314.24;27/03/2014;17;7974.39;BT;1/01/2013;1;CNE
C06223;01/03/2014;>10;>0;0;<24, 48;777.02;392.58;0;26/03/2014;18;3292;BT;1/01/2011;0;CNE
C06224;01/03/2014;<=10;0;0;>48;341.73;926.9;0;13/03/2014;9;34703.4;BT;1/01/2013;1;CNE
C06225;01/03/2014;<=10;0;0;<=24;185.92;185.92;560.73;17/03/2014;11;2309.35;BT;1/01/2013;1;CNE
C06226;01/03/2014;>10;>0;1;<24, 48;320.88;196.86;32.64;24/03/2014;15;3896.14;BT;1/01/2012;1;CNE
C06229;01/03/2014;<=10;>0;0;>48;542.08;0;0;6/03/2014;13;1682.55;BT;1/01/2010;0;COEF
C06232;01/03/2014;>10;0;0;<24, 48;1093.86;1093.86;0;21/03/2014;12;4382.52;BT;1/01/2012;0;COEF
C06235;01/03/2014;<=10;0;0;<24, 48;580.16;656.36;0;27/03/2014;13;15695.7;BT;1/01/2013;1;CNE
C06236;01/03/2014;<=10;0;0;<24, 48;153.23;0;0;4/03/2014;11;2224.82;BT;1/01/2012;1;CNE
C06237;01/03/2014;<=10;0;0;<24, 48;22.2;45.4;0;25/03/2014;8;8450.9;BT;1/01/2013;1;CNE
C06238;01/03/2014;<=10;0;0;<24, 48;866.27;777.95;1069.68;25/03/2014;17;6895.96;BT;1/01/2013;0;CNE
C06239;01/03/2014;>10;>0;0;<24, 48;779.16;0;0;5/03/2014;13;4093.36;BT;1/01/2012;0;CNE
C06241;01/03/2014;<=10;0;0;<24, 48;226.96;227.07;0;18/03/2014;17;4584.83;BT;1/01/2013;1;COEF
C06243;01/03/2014;<=10;0;0;<24, 48;107.31;106.79;0;21/03/2014;8;1450.87;BT;1/01/2011;1;COEF
C06244;01/03/2014;<=10;0;0;<24, 48;168.54;0;0;18/03/2014;18;3379.45;BT;1/01/2013;1;CNE
C06245;01/03/2014;<=10;0;0;<24, 48;215.34;215.63;0;6/03/2014;16;4797.06;BT;1/01/2013;1;CNE
C06247;01/03/2014;<=10;0;0;>48;30.48;0;260.53;11/03/2014;11;4156.65;BT;1/01/2012;1;CNE
C06248;01/03/2014;>10;>0;0;<24, 48;178.57;351.75;364.39;19/03/2014;8;1164.95;BT;1/01/2011;1;COEF
C06249;01/03/2014;<=10;>0;0;>48;906.73;906.73;0;27/03/2014;10;4309.08;BT;1/01/2013;0;CNE
C06252;01/03/2014;<=10;0;0;<24, 48;161.25;0;0;4/03/2014;14;2937.27;BT;1/01/2013;1;CNE
C06253;01/03/2014;<=10;0;0;<=24;622.67;0;0;14/03/2014;8;622.34;BT;1/01/2013;0;COEF
C06257;01/03/2014;<=10;0;0;<24, 48;443.81;75.9;0;18/03/2014;19;8272.29;BT;1/01/2012;1;COEF
C06258;01/03/2014;<=10;0;0;<24, 48;88.55;0;0;7/03/2014;11;15358.6;BT;1/01/2013;1;CNE
C06259;01/03/2014;<=10;>0;1;>48;132.53;0;25.2;26/03/2014;10;4679.68;BT;1/01/2013;1;COEF
C06262;01/03/2014;<=10;>0;0;>48;351.92;352.07;0;24/03/2014;8;9047.38;BT;1/01/2013;1;CNE
C06263;01/03/2014;<=10;>0;0;<24, 48;516.37;516.37;0;10/03/2014;16;5331.17;BT;1/01/2013;0;CNE
C06264;01/03/2014;<=10;0;0;<24, 48;203.24;299.11;0;18/03/2014;18;8493.21;BT;1/01/2013;1;CNE
C06265;01/03/2014;<=10;0;0;<24, 48;236.61;521.45;0;11/03/2014;12;14380.5;BT;1/01/2013;1;COEF
C06266;01/03/2014;<=10;0;0;>48;361.49;361.49;1091.63;28/03/2014;17;6540.96;BT;1/01/2013;1;CNE
C06267;01/03/2014;<=10;0;0;<24, 48;550.62;829.65;829.65;18/03/2014;15;4902.46;BT;1/01/2012;0;CNE
C06268;01/03/2014;<=10;0;0;<24, 48;104.62;80.29;0;18/03/2014;16;11825;BT;1/01/2013;1;COEF
C06269;01/03/2014;<=10;0;0;<=24;211.42;211.82;308.79;7/03/2014;10;2619.52;BT;1/01/2013;1;COEF
C06270;01/03/2014;>10;0;0;<24, 48;443.36;267.15;84.16;7/03/2014;9;8891.17;BT;1/01/2012;1;COEF
C06271;01/03/2014;<=10;0;0;>48;709.15;952.51;0;27/03/2014;13;3134.56;BT;1/01/2013;0;CNE
C06273;01/03/2014;>10;0;0;<24, 48;257.6;259.68;260.19;27/03/2014;10;2673.3;BT;1/01/2012;1;CNE
C06274;01/03/2014;>10;0;0;>48;179.74;360.73;0;28/03/2014;15;2475.5;BT;1/01/2012;1;CNE
C06275;01/03/2014;>10;0;0;<24, 48;346.54;346.54;1045.29;27/03/2014;8;5354.02;BT;1/01/2012;1;CNE
C06276;01/03/2014;<=10;0;0;<24, 48;65.79;0;0;7/03/2014;15;4611.09;BT;1/01/2013;1;CNE
C06277;01/03/2014;>10;0;0;<24, 48;431.25;431.25;216.17;26/03/2014;7;2215.92;BT;1/01/2010;1;CNE
C06278;01/03/2014;>10;0;0;<24, 48;131.97;163.66;163.05;10/03/2014;9;2035.21;BT;1/01/2012;1;CNE
C06279;01/03/2014;<=10;0;0;>48;364.5;364.97;0;25/03/2014;11;10175.5;BT;1/01/2013;1;CNE
C06280;01/03/2014;>10;0;0;<24, 48;532.95;1273.09;0;12/03/2014;7;10014.1;BT;1/01/2012;1;COEF
C06282;01/03/2014;>10;0;0;<24, 48;339.95;0;0;4/03/2014;14;5358.59;BT;1/01/2011;1;COEF
C06283;01/03/2014;>10;0;0;<24, 48;208.81;216.54;0;19/03/2014;14;3182.42;BT;1/01/2012;1;CNE
C06284;01/03/2014;>10;0;0;<24, 48;236.63;0;234.86;4/03/2014;15;1488.16;BT;1/01/2011;1;CNE
C06285;01/03/2014;<=10;0;0;<=24;51.61;298.75;0;4/03/2014;10;4884.33;BT;1/01/2013;1;COEF
C06286;01/03/2014;<=10;>0;0;<=24;1019.2;1421.03;0;21/03/2014;13;6530.63;BT;1/01/2013;0;CNE
C06287;01/03/2014;>10;0;0;>48;482.4;0;0;13/03/2014;11;6739.63;BT;1/01/2011;1;CNE
C06288;01/03/2014;<=10;0;0;>48;112.58;0;0;6/03/2014;13;2633.89;BT;1/01/2013;1;COEF
C06289;01/03/2014;<=10;0;0;>48;710.23;0;0;6/03/2014;11;22841.9;BT;1/01/2014;1;COEF
C06290;01/03/2014;>10;0;0;<24, 48;1171.38;1566.25;0;24/03/2014;8;6292.82;BT;1/01/2012;0;COEF
C06292;01/03/2014;<=10;0;0;<24, 48;1324.64;2653.15;0;31/03/2014;19;33818.7;BT;1/01/2013;1;CNE
C06293;01/03/2014;<=10;>0;0;<=24;1574.34;1574.34;1482.57;20/03/2014;15;5567.15;BT;1/01/2013;0;CNE
C06295;01/03/2014;<=10;0;0;<24, 48;195;400.25;0;26/03/2014;17;2387.47;BT;1/01/2012;1;CNE
C06296;01/03/2014;<=10;0;0;<=24;137.65;0;0;4/03/2014;8;2499.33;BT;1/01/2013;1;COEF
C06300;01/03/2014;<=10;0;0;<24, 48;275.5;0;0;19/03/2014;13;4931;BT;1/01/2013;1;CNE
C06302;01/03/2014;<=10;0;0;<=24;473.58;474.36;474.36;17/03/2014;20;7694.42;BT;1/01/2013;1;COEF
C06303;01/03/2014;<=10;>0;0;<=24;142.3;50.62;191.09;21/03/2014;7;6612.18;BT;1/01/2013;1;COEF
C06304;01/03/2014;<=10;>0;0;<24, 48;179.9;0;0;18/03/2014;15;4492.14;BT;1/01/2012;0;CNE
C06305;01/03/2014;<=10;>0;1;<24, 48;299.31;9.36;0;17/03/2014;7;1600.54;BT;1/01/2014;1;CNE
C06306;01/03/2014;>10;0;0;>48;1075.26;1076.62;0;28/03/2014;16;1065.1;BT;1/01/2010;0;CNE
C06307;01/03/2014;<=10;0;0;>48;51.59;42.25;0;24/03/2014;10;10032;BT;1/01/2012;1;CNE
C06308;01/03/2014;<=10;>0;0;<24, 48;922.47;1233.85;0;14/03/2014;8;6248.33;BT;1/01/2013;0;CNE
C06309;01/03/2014;<=10;0;0;<24, 48;289.04;0;0;11/03/2014;20;3865.46;BT;1/01/2012;1;CNE
C06310;01/03/2014;<=10;0;0;<24, 48;621.99;618.03;628.39;12/03/2014;10;19493.9;BT;1/01/2013;1;CNE
C06311;01/03/2014;<=10;>0;0;<24, 48;144.62;296.08;448.51;12/03/2014;16;3336.45;BT;1/01/2013;1;CNE
C06313;01/03/2014;<=10;0;0;>48;579.96;0;580.18;4/03/2014;12;12600.8;BT;1/01/2012;1;COEF
C06314;01/03/2014;<=10;0;0;<24, 48;125.01;125.79;126.6;27/03/2014;8;3934.48;BT;1/01/2013;1;CNE
C06315;01/03/2014;<=10;0;0;<24, 48;320.34;0;329.68;14/03/2014;11;9443.65;BT;1/01/2013;1;CNE
C06317;01/03/2014;>10;0;0;>48;438.98;392.69;0;19/03/2014;10;7122.82;BT;1/01/2011;1;CNE
C06319;01/03/2014;<=10;0;0;>48;416.42;467.82;797.22;13/03/2014;11;21143.1;BT;1/01/2012;1;CNE
C06322;01/03/2014;<=10;0;0;<24, 48;190.72;366.28;364.99;26/03/2014;17;8395.25;BT;1/01/2014;1;CNE
C06324;01/03/2014;<=10;0;0;>48;429.99;0;0;19/03/2014;10;11405.4;BT;1/01/2013;1;CNE
C06326;01/03/2014;<=10;0;0;<=24;486.65;486.65;0;24/03/2014;8;1218.68;BT;1/01/2013;0;CNE
C06327;01/03/2014;<=10;0;0;<24, 48;1732.19;2616.68;0;5/03/2014;7;24424.8;BT;1/01/2013;0;CNE
C06329;01/03/2014;<=10;0;0;<24, 48;194.44;0;0;25/03/2014;17;4897.97;BT;1/01/2013;1;CNE
C06330;01/03/2014;<=10;0;0;<24, 48;613.14;605.5;0;7/03/2014;15;15118.9;BT;1/01/2013;1;COEF
C06331;01/03/2014;>10;0;0;<24, 48;498.02;498.02;0;20/03/2014;11;8300.91;BT;1/01/2012;1;CNE
C06333;01/03/2014;<=10;>0;0;<24, 48;391.89;655.44;0;13/03/2014;12;4781.82;BT;1/01/2013;0;CNE
C06334;01/03/2014;<=10;0;1;<24, 48;216.23;0;0;19/03/2014;14;2165.25;BT;1/01/2011;0;CNE
C06335;01/03/2014;<=10;0;0;>48;186.42;0;0;13/03/2014;7;11566.9;BT;1/01/2012;1;CNE
C06336;01/03/2014;<=10;0;0;<=24;156.36;154.31;0;7/03/2014;10;1114.91;BT;1/01/2013;1;CNE
C06337;01/03/2014;<=10;0;0;>48;88.86;0;0;10/03/2014;11;2748.07;BT;1/01/2013;1;CNE
C06338;01/03/2014;<=10;0;0;<24, 48;349.65;583.01;817.77;7/03/2014;14;5114.28;BT;1/01/2013;0;CNE
C06339;01/03/2014;<=10;0;0;<24, 48;50.24;383.34;0;4/03/2014;14;8717.76;BT;1/01/2013;1;COEF
C06343;01/03/2014;<=10;0;0;<24, 48;193.69;520.17;298.13;28/03/2014;12;9296.83;BT;1/01/2013;1;COEF
C06344;01/03/2014;<=10;0;0;<24, 48;295.57;592.71;0;21/03/2014;13;6094.3;BT;1/01/2012;1;CNE
C06345;01/03/2014;<=10;0;0;<24, 48;657.7;643.89;675.33;7/03/2014;7;2702.77;BT;1/01/2013;0;CNE
C06347;01/03/2014;<=10;>0;0;<24, 48;804.68;1064.12;0;21/03/2014;9;20822.9;BT;1/01/2013;1;CNE
C06349;01/03/2014;<=10;0;0;<=24;441.31;443.98;0;4/03/2014;16;2325.32;BT;1/01/2013;1;CNE
C06350;01/03/2014;<=10;0;0;<24, 48;487.11;976.03;0;11/03/2014;12;7958.24;BT;1/01/2012;1;CNE
C06351;01/03/2014;<=10;0;0;<24, 48;222.51;0;0;18/03/2014;13;2463.86;BT;1/01/2012;0;CNE
C06353;01/03/2014;<=10;>0;0;<=24;1179.36;1179.36;0;17/03/2014;7;3071.06;BT;1/01/2013;0;CNE
C06354;01/03/2014;<=10;0;0;<24, 48;257.92;260.42;255.75;6/03/2014;10;4741.16;BT;1/01/2013;1;CNE
C06355;01/03/2014;<=10;0;0;>48;402.94;0;411.37;10/03/2014;15;10678;BT;1/01/2013;1;CNE
C06356;01/03/2014;<=10;0;0;<24, 48;90.15;204.36;204.36;5/03/2014;9;3853.47;BT;1/01/2013;1;CNE
C06357;01/03/2014;<=10;0;0;>48;110.75;70.79;338.43;10/03/2014;11;8736.43;BT;1/01/2013;1;CNE
C06358;01/03/2014;<=10;0;0;<=24;308.53;464.98;0;13/03/2014;17;1691.9;BT;1/01/2013;0;CNE
C06359;01/03/2014;<=10;>0;0;>48;612.69;612.69;0;28/03/2014;13;5279.07;BT;1/01/2013;0;CNE
C06360;01/03/2014;<=10;0;0;<24, 48;254.55;0;260.47;19/03/2014;15;5117.05;BT;1/01/2013;1;CNE
C06361;01/03/2014;>10;>0;0;<24, 48;596.98;899.58;296.13;21/03/2014;16;4407.42;BT;1/01/2012;0;CNE
C06362;01/03/2014;<=10;0;0;<=24;169.87;169.87;0;27/03/2014;8;2852.21;BT;1/01/2014;1;COEF
C06363;01/03/2014;<=10;0;0;>48;789.24;0.09;790.8;12/03/2014;10;18645.1;BT;1/01/2013;1;CNE
C06364;01/03/2014;>10;0;0;<24, 48;22.89;18.84;0;4/03/2014;8;3139.31;BT;1/01/2013;1;COEF
C06365;01/03/2014;<=10;0;0;<24, 48;317.12;635.04;954.62;28/03/2014;17;6223.46;BT;1/01/2013;1;CNE
C06367;01/03/2014;<=10;0;0;<=24;680.94;0;0;13/03/2014;8;2074.92;BT;1/01/2013;1;CNE
C06368;01/03/2014;<=10;0;0;<24, 48;288.71;0;0;4/03/2014;13;4679.18;BT;1/01/2013;1;COEF
C06369;01/03/2014;<=10;0;0;<24, 48;356.49;356.56;358.15;21/03/2014;11;3703.28;BT;1/01/2012;1;CNE
C06370;01/03/2014;<=10;0;0;>48;198.99;0;0;5/03/2014;9;3642.04;BT;1/01/2013;1;CNE
C06371;01/03/2014;<=10;0;0;<24, 48;691.55;0;683.98;13/03/2014;20;17927.6;BT;1/01/2013;1;CNE
C06375;01/03/2014;<=10;>0;0;>48;650.45;1311.65;0;27/03/2014;15;11144.7;BT;1/01/2012;1;CNE
C06376;01/03/2014;<=10;>0;0;<24, 48;1393.67;816.36;0;21/03/2014;13;8210.8;BT;1/01/2012;0;CNE
C06377;01/03/2014;<=10;>0;1;<=24;498.04;0;0;17/03/2014;20;3444.42;BT;1/01/2013;0;COEF
C06378;01/03/2014;<=10;0;0;<=24;272.09;197.18;0;17/03/2014;14;764.16;BT;1/01/2013;1;CNE
C06379;01/03/2014;<=10;0;0;<=24;294.28;0;0;4/03/2014;15;3615.2;BT;1/01/2013;1;CNE
C06380;01/03/2014;<=10;0;0;<24, 48;550.44;530.41;232.27;25/03/2014;10;4767.89;BT;1/01/2013;0;CNE
C06382;01/03/2014;<=10;0;0;>48;358.51;352.52;358.69;17/03/2014;13;9606.65;BT;1/01/2013;1;CNE
C06383;01/03/2014;<=10;0;0;<=24;118.41;118.35;116.49;13/03/2014;18;1461.48;BT;1/01/2013;1;COEF
C06384;01/03/2014;<=10;>0;1;<24, 48;198.4;272.99;0;13/03/2014;7;17765.8;BT;1/01/2013;1;COEF
C06385;01/03/2014;<=10;>0;0;<24, 48;322.72;320.42;0;28/03/2014;9;5776.92;BT;1/01/2013;1;CNE
C06387;01/03/2014;<=10;0;0;<24, 48;261.82;0;266.61;7/03/2014;9;4675.22;BT;1/01/2013;1;CNE
C06388;01/03/2014;>10;0;0;<24, 48;167.33;169.06;169.24;7/03/2014;9;1336.08;BT;1/01/2011;1;CNE
C06389;01/03/2014;<=10;0;0;>48;524.83;0;0;13/03/2014;15;13765.4;BT;1/01/2013;1;CNE
C06390;01/03/2014;<=10;0;0;<=24;1422.84;1910.06;0;4/03/2014;10;5027.12;BT;1/01/2012;0;COEF
C06392;01/03/2014;<=10;0;0;<24, 48;537.68;0;0;12/03/2014;11;22366;BT;1/01/2013;1;CNE
C06393;01/03/2014;<=10;0;0;>48;221.5;0;0;19/03/2014;14;8690.49;BT;1/01/2013;1;COEF
C06397;01/03/2014;<=10;0;0;<=24;63.12;165.91;0;10/03/2014;7;789.69;BT;1/01/2013;1;CNE
C06399;01/03/2014;<=10;>0;0;>48;903.38;903.38;0;12/03/2014;17;4203.24;BT;1/01/2013;0;CNE
C06400;01/03/2014;>10;0;0;<24, 48;506.77;253.88;506.07;5/03/2014;7;3243.48;BT;1/01/2012;0;CNE
C06404;01/03/2014;<=10;>0;1;<24, 48;247.74;396.59;647.06;11/03/2014;9;5160.69;BT;1/01/2013;1;COEF
C06406;01/03/2014;<=10;>0;0;<24, 48;2217.14;0;0;5/03/2014;15;22160.5;BT;1/01/2012;1;COEF
C06407;01/03/2014;<=10;>0;1;<24, 48;823.35;823.35;0;26/03/2014;15;7316.36;BT;1/01/2013;0;CNE
C06408;01/03/2014;<=10;0;0;<=24;167.45;0;0;14/03/2014;19;969.99;BT;1/01/2013;1;CNE
C06410;01/03/2014;<=10;0;0;<=24;442.86;0;0;21/03/2014;14;2523.73;BT;1/01/2013;0;CNE
C06411;01/03/2014;<=10;0;0;>48;727.37;0;0;3/03/2014;11;27576.1;BT;1/01/2013;1;COEF
C06412;01/03/2014;<=10;>0;0;>48;452.18;893.14;0;24/03/2014;18;9974.43;BT;1/01/2013;0;CNE
C06413;01/03/2014;<=10;0;0;<24, 48;231.37;231.72;0;27/03/2014;14;3264.03;BT;1/01/2012;1;CNE
C06416;01/03/2014;<=10;0;0;<24, 48;427.19;626.32;554.48;10/03/2014;11;5070.89;BT;1/01/2013;0;CNE
C06418;01/03/2014;<=10;0;0;>48;197.49;0;0;7/03/2014;12;3541.69;BT;1/01/2013;1;CNE
C06419;01/03/2014;<=10;>0;0;<24, 48;648.94;733.99;733.99;14/03/2014;8;5131.33;BT;1/01/2013;0;COEF
C06420;01/03/2014;<=10;0;0;<24, 48;244.62;489.9;736.98;19/03/2014;16;4196.69;BT;1/01/2013;1;CNE
C06423;01/03/2014;>10;0;0;>48;235.93;218.27;0;10/03/2014;9;3272.34;BT;1/01/2012;1;CNE
C06425;01/03/2014;<=10;0;0;<24, 48;465.78;937.38;0;10/03/2014;13;9083.48;BT;1/01/2013;0;CNE
C06426;01/03/2014;<=10;0;0;<=24;148.79;154.16;0;5/03/2014;20;1068.26;BT;1/01/2012;1;CNE
C06427;01/03/2014;<=10;>0;1;<24, 48;226.76;232.49;0;28/03/2014;14;4158.89;BT;1/01/2013;1;COEF
C06428;01/03/2014;<=10;>0;1;>48;240.85;287.88;0;12/03/2014;16;7355.09;BT;1/01/2013;1;COEF
C06429;01/03/2014;<=10;0;0;>48;715.1;1433.02;0;27/03/2014;7;21468.3;BT;1/01/2013;1;CNE
C06430;01/03/2014;<=10;0;0;<24, 48;169.94;169.94;0;31/03/2014;8;2709.99;BT;1/01/2012;1;CNE
C06431;01/03/2014;<=10;0;0;<=24;231.88;474.75;0;31/03/2014;8;2345.55;BT;1/01/2013;1;COEF
C06437;01/03/2014;<=10;0;0;>48;315.38;510.38;0;17/03/2014;7;14246.6;BT;1/01/2013;1;CNE
C06439;01/03/2014;<=10;0;0;<24, 48;626.08;0;0;17/03/2014;9;18319.5;BT;1/01/2013;1;COEF
C06440;01/03/2014;<=10;0;0;>48;1249.77;1145.68;0;24/03/2014;14;17256.7;BT;1/01/2013;0;CNE
C06441;01/03/2014;<=10;0;0;<=24;401.12;598.79;0;27/03/2014;14;2560.39;BT;1/01/2013;0;CNE
C06442;01/03/2014;<=10;>0;0;<24, 48;855.67;0;0;19/03/2014;20;4745.23;BT;1/01/2012;0;CNE
C06444;01/03/2014;<=10;>0;0;<24, 48;37.07;287.1;0;20/03/2014;15;2762.19;BT;1/01/2013;1;CNE
C06445;01/03/2014;<=10;0;0;<24, 48;663.98;686.8;0;4/03/2014;12;15593.2;BT;1/01/2012;1;CNE
C06448;01/03/2014;<=10;0;0;>48;578.02;575.77;571.91;26/03/2014;10;13273.2;BT;1/01/2013;1;CNE
C06449;01/03/2014;<=10;0;0;<24, 48;364.02;355.77;365.14;11/03/2014;17;8152.2;BT;1/01/2013;1;CNE
C06450;01/03/2014;<=10;0;0;<=24;145.75;345.32;547.16;24/03/2014;9;1456.93;BT;1/01/2013;0;CNE
C06451;01/03/2014;<=10;>0;0;<24, 48;662.38;919.06;0;3/03/2014;11;4871.52;BT;1/01/2013;0;CNE
C06452;01/03/2014;<=10;0;0;<24, 48;691.32;1039.31;0;11/03/2014;12;5042.1;BT;1/01/2012;1;CNE
C06453;01/03/2014;<=10;0;0;<24, 48;228.45;458;0;19/03/2014;14;1895.52;BT;1/01/2011;1;CNE
C06455;01/03/2014;<=10;>0;0;<24, 48;885.2;1215.49;0;19/03/2014;17;5272.63;BT;1/01/2012;0;CNE
C06456;01/03/2014;<=10;0;0;<=24;153.98;22.48;0;14/03/2014;13;4317.26;BT;1/01/2013;1;CNE
C06457;01/03/2014;<=10;0;0;>48;608.57;624.5;628.15;3/03/2014;10;606.25;BT;1/01/2014;1;CNE
C06458;01/03/2014;<=10;0;0;>48;180.1;0;0;6/03/2014;9;5021.35;BT;1/01/2013;1;CNE
C06459;01/03/2014;<=10;>0;0;<24, 48;1031.22;1379.25;0;21/03/2014;13;6426.46;BT;1/01/2013;0;COEF
C06460;01/03/2014;<=10;0;0;<24, 48;213.86;205.65;212.34;11/03/2014;10;4054.04;BT;1/01/2013;1;CNE
C06461;01/03/2014;<=10;0;0;<24, 48;224.66;229.97;0;10/03/2014;8;2934.77;BT;1/01/2012;1;COEF
C06462;01/03/2014;<=10;0;0;<24, 48;73.68;397.51;0;4/03/2014;15;14169.6;BT;1/01/2013;1;COEF
C06465;01/03/2014;<=10;0;0;<=24;185.85;427.19;184.97;4/03/2014;8;2798.59;BT;1/01/2013;1;COEF
C06466;01/03/2014;<=10;0;0;<24, 48;1016.09;1527.46;0;25/03/2014;13;14698.5;BT;1/01/2013;0;CNE
C06467;01/03/2014;<=10;0;0;<24, 48;924.55;924.55;0;14/03/2014;16;6259.69;BT;1/01/2013;0;CNE
C06468;01/03/2014;<=10;0;0;<=24;164.97;181.16;180.35;19/03/2014;17;1593.48;BT;1/01/2013;1;CNE
C06469;01/03/2014;<=10;0;0;<24, 48;27.98;0;0;6/03/2014;9;4063.9;BT;1/01/2013;1;COEF
C06470;01/03/2014;<=10;0;0;<24, 48;317.7;322.41;321.37;6/03/2014;11;6658.7;BT;1/01/2013;1;CNE
C06471;01/03/2014;>10;0;0;<=24;207.25;0;0;6/03/2014;9;2558.45;BT;1/01/2012;1;CNE
C06472;01/03/2014;<=10;0;0;>48;580.23;874.46;1171.64;3/03/2014;20;4270.39;BT;1/01/2013;1;CNE
C06476;01/03/2014;<=10;0;0;>48;1234.58;1236.68;1649.09;26/03/2014;14;13240.5;BT;1/01/2013;0;COEF
C06477;01/03/2014;<=10;>0;0;<24, 48;454.51;919.93;468.05;19/03/2014;11;10420.9;BT;1/01/2013;1;CNE
C06479;01/03/2014;<=10;0;0;<24, 48;204.23;204.23;618.59;26/03/2014;12;4838.95;BT;1/01/2013;1;CNE
C06480;01/03/2014;<=10;0;0;>48;371.51;744.25;0;26/03/2014;9;8863.15;BT;1/01/2013;1;CNE
C06481;01/03/2014;<=10;0;0;<24, 48;259.43;259.43;0;25/03/2014;8;4368.5;BT;1/01/2013;1;CNE
C06488;01/03/2014;<=10;0;0;<24, 48;572.41;857.74;0;10/03/2014;13;5925.02;BT;1/01/2013;0;CNE
C06490;01/03/2014;>10;>0;0;<24, 48;199.64;40.32;0;27/03/2014;10;2282;BT;1/01/2012;1;COEF
C06491;01/03/2014;<=10;>0;0;<24, 48;1035.57;1557.77;0;31/03/2014;10;12815.5;BT;1/01/2013;0;CNE
C06492;01/03/2014;<=10;0;0;<=24;90.34;388.75;0;25/03/2014;18;6959.4;BT;1/01/2013;1;CNE
C06493;01/03/2014;<=10;0;0;>48;32.07;0;0;14/03/2014;15;20673;BT;1/01/2013;1;COEF
C06495;01/03/2014;<=10;>0;1;<24, 48;437.41;0;0;19/03/2014;18;5367.41;BT;1/01/2013;0;COEF
C06497;01/03/2014;<=10;0;0;<=24;40.27;0;0;7/03/2014;12;3002.17;BT;1/01/2013;1;CNE
C06499;01/03/2014;<=10;0;0;<24, 48;362.2;632.69;904.25;31/03/2014;15;6521.23;BT;1/01/2013;0;CNE
C06500;01/03/2014;<=10;0;0;<24, 48;264.77;241.9;70.63;11/03/2014;8;4978.69;BT;1/01/2013;1;CNE
C06501;01/03/2014;<=10;>0;0;<24, 48;509.77;509.77;0;27/03/2014;19;1716.46;BT;1/01/2013;0;CNE
C06502;01/03/2014;<=10;>0;0;<24, 48;453.49;0;0;5/03/2014;13;2877;BT;1/01/2012;0;CNE
C06503;01/03/2014;<=10;0;0;<24, 48;91.76;183.88;276.1;11/03/2014;13;1643.27;BT;1/01/2013;0;CNE
C06504;01/03/2014;<=10;0;0;<24, 48;484.51;485.23;0;4/03/2014;13;9452.93;BT;1/01/2012;1;COEF
C06506;01/03/2014;<=10;0;0;>48;1839.98;3004.66;0;24/03/2014;13;27772.6;BT;1/01/2013;0;CNE
C06508;01/03/2014;>10;0;0;>48;208.8;171.44;0;13/03/2014;13;2448.34;BT;1/01/2012;1;CNE
C06510;01/03/2014;<=10;>0;0;<=24;513.92;0;0;14/03/2014;12;1726.11;BT;1/01/2013;0;CNE
C06511;01/03/2014;<=10;0;0;<24, 48;741.34;741.34;0;27/03/2014;15;5478.72;BT;1/01/2013;0;CNE
C06512;01/03/2014;>10;0;0;<24, 48;372;370.41;368.97;20/03/2014;12;7248.72;BT;1/01/2012;1;CNE
C06513;01/03/2014;<=10;0;0;<24, 48;587.45;528.1;0;13/03/2014;9;12495;BT;1/01/2013;1;CNE
C06514;01/03/2014;<=10;0;0;<=24;153.86;8.98;0;31/03/2014;9;1260.82;BT;1/01/2013;1;CNE
C06516;01/03/2014;<=10;0;0;<24, 48;252.83;0;246.15;7/03/2014;20;4166.54;BT;1/01/2013;1;CNE
C06517;01/03/2014;<=10;>0;0;<=24;681.72;914.09;0;27/03/2014;13;1914.19;BT;1/01/2013;0;CNE
C06519;01/03/2014;<=10;0;0;<24, 48;467.61;942.32;0;4/03/2014;15;10044.8;BT;1/01/2013;1;CNE
C06520;01/03/2014;<=10;>0;0;<=24;611.08;818.53;0;25/03/2014;13;1045.13;BT;1/01/2012;0;CNE
C06521;01/03/2014;<=10;0;0;<=24;243.42;0;0;10/03/2014;7;1596.15;BT;1/01/2013;1;CNE
C06522;01/03/2014;>10;0;0;<24, 48;619.82;618.8;0;11/03/2014;14;3050.94;BT;1/01/2010;1;CNE
C06523;01/03/2014;<=10;0;0;<24, 48;826.51;826.51;0;20/03/2014;19;4572.41;BT;1/01/2012;0;CNE
C06524;01/03/2014;>10;>0;0;>48;279.05;497.31;867.51;10/03/2014;12;6412.65;BT;1/01/2012;1;CNE
C06525;01/03/2014;<=10;0;0;>48;133.7;50;0;31/03/2014;10;26002.3;BT;1/01/2013;1;COEF
C06526;01/03/2014;<=10;0;0;<=24;677.6;971.66;0;17/03/2014;11;2815.67;BT;1/01/2013;0;CNE
C06527;01/03/2014;<=10;0;0;<24, 48;556.42;1091.27;0;31/03/2014;15;15859.8;BT;1/01/2013;0;CNE
C06528;01/03/2014;<=10;>0;0;<24, 48;663.28;667.52;0;31/03/2014;19;5087.17;BT;1/01/2013;0;CNE
C06530;01/03/2014;<=10;0;0;<24, 48;47.87;140.29;296.47;14/03/2014;20;2666.31;BT;1/01/2013;1;CNE
C06531;01/03/2014;<=10;0;0;<24, 48;492.53;1054.03;0;10/03/2014;11;15100.6;BT;1/01/2013;0;CNE
C06533;01/03/2014;<=10;0;0;>48;1030.23;1388.36;0;19/03/2014;16;6525.28;BT;1/01/2013;0;CNE
C06535;01/03/2014;<=10;>0;0;>48;520.98;1317.62;0;25/03/2014;9;19876.3;BT;1/01/2013;1;CNE
C06536;01/03/2014;<=10;0;0;<24, 48;605.38;0;0;12/03/2014;10;19314;BT;1/01/2013;1;CNE
C06537;01/03/2014;<=10;0;0;<24, 48;95.53;0;0;4/03/2014;16;3724.35;BT;1/01/2013;1;COEF
C06538;01/03/2014;<=10;0;0;<=24;67.15;298.11;0;7/03/2014;8;4566.93;BT;1/01/2013;1;COEF
C06542;01/03/2014;<=10;0;0;<=24;107.46;121.04;0;4/03/2014;19;4721.29;BT;1/01/2013;1;CNE
C06543;01/03/2014;<=10;0;0;>48;40.93;0;0;6/03/2014;11;15906;BT;1/01/2013;1;COEF
C06544;01/03/2014;<=10;>0;1;<24, 48;237.23;0;25.76;20/03/2014;15;5075.23;BT;1/01/2013;1;COEF
C06545;01/03/2014;<=10;>0;0;>48;803.84;0;538.24;17/03/2014;15;5490.94;BT;1/01/2013;0;COEF
C06546;01/03/2014;<=10;>0;0;<24, 48;1575.46;2132.86;0;25/03/2014;12;13153.1;BT;1/01/2013;0;CNE
C06547;01/03/2014;<=10;>0;0;<=24;633.45;633.45;0;26/03/2014;14;4063.61;BT;1/01/2013;0;CNE
C06548;01/03/2014;<=10;>0;0;<24, 48;620.82;830.59;0;24/03/2014;19;3848.31;BT;1/01/2013;0;CNE
C06550;01/03/2014;<=10;>0;0;<24, 48;179.55;180.43;179.71;13/03/2014;15;3114.22;BT;1/01/2013;1;COEF
C06557;01/03/2014;<=10;0;0;<24, 48;211.52;0;0;6/03/2014;10;4025.04;BT;1/01/2013;1;COEF
C06558;01/03/2014;<=10;0;0;<24, 48;135.48;421.55;708.51;31/03/2014;16;5814.51;BT;1/01/2014;1;CNE
C06559;01/03/2014;<=10;0;0;<24, 48;254.17;253.88;0;10/03/2014;7;836.14;BT;1/01/2011;1;CNE
C06567;01/03/2014;<=10;0;0;<=24;307.42;0;0;14/03/2014;11;2066.62;BT;1/01/2013;0;CNE
C06568;01/03/2014;<=10;0;0;<24, 48;155.15;354.8;0;10/03/2014;12;3676.48;BT;1/01/2013;1;CNE
C06571;01/03/2014;<=10;0;0;<24, 48;153.39;309.89;467.54;27/03/2014;17;3433.68;BT;1/01/2013;1;CNE
C06572;01/03/2014;<=10;0;0;<24, 48;391.77;0;0;18/03/2014;8;10256.4;BT;1/01/2013;1;COEF
C06573;01/03/2014;<=10;0;0;<24, 48;470;787.91;0;14/03/2014;9;6107.94;BT;1/01/2013;0;CNE
C06574;01/03/2014;<=10;0;0;<24, 48;618.67;0;0;25/03/2014;19;14468.7;BT;1/01/2013;1;CNE
C06575;01/03/2014;<=10;0;0;<24, 48;813.11;0;0;12/03/2014;9;11155.9;BT;1/01/2012;1;CNE
C06578;01/03/2014;<=10;0;0;<=24;251.62;251.84;0;17/03/2014;10;4311;BT;1/01/2013;1;CNE
C06581;01/03/2014;<=10;0;0;<=24;239.83;239.83;0;5/03/2014;7;3717.06;BT;1/01/2013;1;CNE
C06582;01/03/2014;<=10;0;0;<24, 48;442.01;880.88;0;31/03/2014;14;11911.3;BT;1/01/2013;1;CNE
C06584;01/03/2014;<=10;0;0;<24, 48;201.43;0;0;6/03/2014;9;6222.2;BT;1/01/2013;1;COEF
C06585;01/03/2014;<=10;0;0;>48;1170.76;1170.76;0;26/03/2014;11;9573.06;BT;1/01/2013;0;CNE
C06586;01/03/2014;<=10;0;0;<=24;818.37;0;0;14/03/2014;20;2487.57;BT;1/01/2013;0;CNE
C06588;01/03/2014;<=10;0;0;<24, 48;325.02;0;0;6/03/2014;11;9230.59;BT;1/01/2013;1;COEF
C06590;01/03/2014;<=10;0;0;<24, 48;551.55;829.98;1110.23;12/03/2014;12;5107.23;BT;1/01/2013;0;CNE
C06593;01/03/2014;<=10;0;0;>48;1108.07;1100.05;1101.16;4/03/2014;7;26913.6;BT;1/01/2012;1;COEF
C06595;01/03/2014;>10;0;0;<24, 48;119.74;0;119.19;20/03/2014;20;1098.85;BT;1/01/2011;1;CNE
C06596;01/03/2014;<=10;>0;0;<=24;805.73;1178.42;0;12/03/2014;15;6363.93;BT;1/01/2013;0;CNE
C06597;01/03/2014;<=10;0;0;<=24;24.06;0;0;21/03/2014;8;1879.57;BT;1/01/2012;1;COEF
C06600;01/03/2014;<=10;0;0;<24, 48;1678.13;1678.13;0;25/03/2014;16;14309;BT;1/01/2013;0;CNE
C06601;01/03/2014;>10;0;0;<24, 48;734.27;359.15;744.83;17/03/2014;15;18189.1;BT;1/01/2012;1;COEF
C06604;01/03/2014;<=10;>0;0;<24, 48;678.57;587;803.55;25/03/2014;11;3694.75;BT;1/01/2012;0;CNE
C06606;01/03/2014;<=10;0;0;<24, 48;374.65;0;0;4/03/2014;13;11189.6;BT;1/01/2012;1;COEF
C06607;01/03/2014;<=10;0;0;<24, 48;299.4;0;0;24/03/2014;20;6439.91;BT;1/01/2013;1;CNE
C06608;01/03/2014;<=10;0;0;<24, 48;293.15;587.61;0;6/03/2014;16;5395.52;BT;1/01/2013;1;CNE
C06609;01/03/2014;<=10;0;0;<24, 48;268.99;103.32;232.34;4/03/2014;15;3152.38;BT;1/01/2012;1;COEF
C06611;01/03/2014;<=10;0;0;<=24;356.92;367.08;0;18/03/2014;19;4367.17;BT;1/01/2013;1;CNE
C06613;01/03/2014;<=10;0;0;>48;364.85;0;68.56;18/03/2014;16;10777.3;BT;1/01/2013;1;CNE
C06615;01/03/2014;<=10;0;0;<24, 48;512.1;512.1;0;18/03/2014;7;12743.3;BT;1/01/2013;1;CNE
C06616;01/03/2014;<=10;0;0;<24, 48;212.79;213.12;0;6/03/2014;10;4362.35;BT;1/01/2013;1;CNE
C06617;01/03/2014;>10;0;0;<=24;258.22;0;40.11;5/03/2014;7;833.87;BT;1/01/2012;1;CNE
C06622;01/03/2014;<=10;0;0;>48;106.67;0;0;28/03/2014;10;2899.23;BT;1/01/2013;1;CNE
C06624;01/03/2014;<=10;0;0;>48;969;0;0;11/03/2014;18;13098;BT;1/01/2013;0;COEF
C06626;01/03/2014;<=10;0;0;<24, 48;42.92;240.31;149.53;3/03/2014;15;4989.19;BT;1/01/2013;1;COEF
C06628;01/03/2014;<=10;0;0;>48;350.08;340.4;0;13/03/2014;7;8774.69;BT;1/01/2013;1;COEF
C06630;01/03/2014;<=10;0;0;>48;372.4;385.7;772.43;5/03/2014;7;10713.5;BT;1/01/2013;1;CNE
C06632;01/03/2014;<=10;0;0;<=24;677.52;1021.44;0;25/03/2014;9;5197.27;BT;1/01/2013;0;CNE
C06633;01/03/2014;<=10;0;0;<24, 48;620.54;620.54;0;14/03/2014;16;4773.51;BT;1/01/2013;0;CNE
C06634;01/03/2014;>10;>0;0;>48;1092.57;1092.57;0;5/03/2014;9;13315;BT;1/01/2012;0;COEF
C06635;01/03/2014;<=10;>0;0;<24, 48;422.45;0;0;4/03/2014;13;3631.97;BT;1/01/2013;0;CNE
C06636;01/03/2014;<=10;0;0;<=24;109.66;333.69;0;5/03/2014;7;1125.37;BT;1/01/2013;0;CNE
C06639;01/03/2014;<=10;0;0;<24, 48;444.91;0;0;10/03/2014;17;3184.66;BT;1/01/2013;0;CNE
C06640;01/03/2014;<=10;0;0;>48;542.44;542.44;0;26/03/2014;19;742.45;BT;1/01/2011;0;CNE
C06642;01/03/2014;<=10;>0;0;<=24;679.11;679.11;0;10/03/2014;9;2970.48;BT;1/01/2013;0;COEF
C06643;01/03/2014;<=10;0;0;<24, 48;1040.51;1040.51;0;26/03/2014;19;10129.4;BT;1/01/2013;0;CNE
C06646;01/03/2014;<=10;0;0;>48;342.16;342.41;0;7/03/2014;11;7478.51;BT;1/01/2013;1;CNE
C06648;01/03/2014;>10;0;0;<24, 48;255.38;255.97;0;26/03/2014;17;4431.33;BT;1/01/2013;1;COEF
C06652;01/03/2014;<=10;>0;0;<=24;795.86;65.34;65.34;31/03/2014;7;5478.52;BT;1/01/2013;0;CNE
C06665;01/03/2014;<=10;0;0;<=24;35.74;31.61;29.53;18/03/2014;20;2725.13;BT;1/01/2013;1;CNE
C06666;01/03/2014;<=10;0;0;<24, 48;457.36;458.96;415.94;6/03/2014;11;10158.1;BT;1/01/2012;1;CNE
C06668;01/03/2014;<=10;0;0;<24, 48;563.96;0;0;7/03/2014;9;8743.88;BT;1/01/2012;1;CNE
C06669;01/03/2014;<=10;0;0;<24, 48;3195.08;4795.82;0;3/03/2014;9;36839.1;BT;1/01/2013;0;CNE
C06670;01/03/2014;<=10;0;0;>48;865.75;869.23;0;7/03/2014;9;22602.7;BT;1/01/2012;1;CNE
C06671;01/03/2014;<=10;0;0;>48;944.68;1480.57;0;27/03/2014;8;16692.2;BT;1/01/2013;0;CNE
C06672;01/03/2014;>10;0;0;<24, 48;974.68;974.68;0;25/03/2014;15;7823.2;BT;1/01/2012;0;CNE
C06673;01/03/2014;>10;>0;0;>48;1717.4;3659.61;0;28/03/2014;16;42624.2;BT;1/01/2012;1;CNE
C06675;01/03/2014;<=10;>0;0;<24, 48;554.65;1.09;0;19/03/2014;8;14064.6;BT;1/01/2013;1;CNE
C06676;01/03/2014;<=10;0;0;<24, 48;950.31;953.86;0;28/03/2014;12;38335.9;BT;1/01/2012;1;CNE
C06677;01/03/2014;>10;>0;0;<=24;381.31;643.7;0;28/03/2014;19;630.5;BT;1/01/2012;0;CNE
C06678;01/03/2014;<=10;0;0;<24, 48;618.66;619.53;0;4/03/2014;11;12810;BT;1/01/2012;1;CNE
C06679;01/03/2014;>10;>0;0;<24, 48;258.69;917.51;0;27/03/2014;10;12630.1;BT;1/01/2011;1;CNE
C06680;01/03/2014;<=10;0;0;<24, 48;661.27;885.44;0;26/03/2014;11;3665.25;BT;1/01/2012;0;CNE
C06681;01/03/2014;<=10;0;0;>48;653.59;1310.94;0;5/03/2014;18;14278.7;BT;1/01/2012;1;CNE
C06683;01/03/2014;<=10;>0;1;>48;1966.5;3945.83;0;26/03/2014;9;60710.4;BT;1/01/2012;1;CNE
C06684;01/03/2014;<=10;0;0;<=24;187.77;187.86;0;21/03/2014;8;972.6;BT;1/01/2014;1;CNE
C06685;01/03/2014;<=10;>0;0;<24, 48;1418.5;2136.27;0;20/03/2014;13;22511;BT;1/01/2013;0;CNE
C06686;01/03/2014;<=10;>0;0;>48;470.31;472.88;0;18/03/2014;14;6911.28;BT;1/01/2012;1;CNE
C06687;01/03/2014;<=10;0;0;>48;296.53;0;0;7/03/2014;9;14537.8;BT;1/01/2013;1;COEF
C06690;01/03/2014;>10;0;0;<24, 48;371.92;506.83;0;21/03/2014;11;2066.97;BT;1/01/2012;0;CNE
C06691;01/03/2014;<=10;0;0;<24, 48;735.79;0;0;18/03/2014;20;4680.01;BT;1/01/2013;0;CNE
C06692;01/03/2014;<=10;0;0;<24, 48;402.25;537.25;0;6/03/2014;10;10132.6;BT;1/01/2012;1;CNE
C06693;01/03/2014;<=10;0;0;>48;805.51;0;0;28/03/2014;8;31383.2;BT;1/01/2013;1;CNE
C06695;01/03/2014;>10;0;0;<24, 48;149.62;62.51;0;14/03/2014;17;2720.32;BT;1/01/2013;1;COEF
C06696;01/03/2014;>10;0;0;<24, 48;443.78;444.27;0;11/03/2014;16;4544.17;BT;1/01/2011;1;CNE
C06697;01/03/2014;<=10;0;0;<24, 48;286.97;1073.85;0;7/03/2014;11;32355.3;BT;1/01/2013;1;COEF
C06699;01/03/2014;<=10;>0;0;<24, 48;173.49;71.68;0;13/03/2014;18;14803.3;BT;1/01/2013;1;COEF
C06700;01/03/2014;<=10;0;0;<24, 48;455.21;685.95;595.66;28/03/2014;13;2799.73;BT;1/01/2012;0;CNE
C06701;01/03/2014;<=10;0;0;<=24;268.26;269.85;0;12/03/2014;19;2582.44;BT;1/01/2013;1;CNE
C06702;01/03/2014;>10;>0;0;>48;325.48;651.92;328.02;18/03/2014;12;5476.04;BT;1/01/2011;1;CNE
C06703;01/03/2014;<=10;0;0;>48;61.46;0;0;18/03/2014;9;54301.7;BT;1/01/2013;1;COEF
C06704;01/03/2014;<=10;0;0;<24, 48;813.98;811.18;0;12/03/2014;10;14362;BT;1/01/2013;1;COEF
C06705;01/03/2014;<=10;0;0;<24, 48;272.9;252.58;251.5;11/03/2014;14;2951.59;BT;1/01/2013;1;COEF
C06706;01/03/2014;>10;0;0;<24, 48;475.79;0;0;4/03/2014;18;6194.38;BT;1/01/2011;1;CNE
C06707;01/03/2014;<=10;0;0;<24, 48;377.39;377.74;145.34;6/03/2014;20;8865.08;BT;1/01/2012;1;CNE
C06708;01/03/2014;>10;>0;0;<24, 48;986.04;986.04;0;19/03/2014;18;14038.1;BT;1/01/2012;0;CNE
C06710;01/03/2014;>10;0;0;>48;353.94;0;0;18/03/2014;7;2620.47;BT;1/01/2010;1;COEF
C06711;01/03/2014;<=10;0;0;>48;234.17;245.44;0;6/03/2014;14;4239.12;BT;1/01/2011;1;CNE
C06712;01/03/2014;<=10;0;0;<24, 48;95.58;0;0;6/03/2014;11;19254.3;BT;1/01/2014;1;COEF
C06713;01/03/2014;<=10;0;0;<24, 48;271.7;271.77;0;5/03/2014;7;3921;BT;1/01/2011;1;COEF
C06714;01/03/2014;<=10;0;0;<=24;676.66;1362.21;0;26/03/2014;8;9951.56;BT;1/01/2013;1;CNE
C06715;01/03/2014;>10;0;0;<24, 48;254.33;509.15;765.35;13/03/2014;14;2543.34;BT;1/01/2012;1;CNE
C06716;01/03/2014;<=10;>0;0;>48;838.32;351.77;0;31/03/2014;17;3530.34;BT;1/01/2010;0;CNE
C06717;01/03/2014;>10;0;0;<24, 48;740.13;1482.99;0;31/03/2014;14;15602.9;BT;1/01/2012;1;CNE
C06722;01/03/2014;<=10;0;0;<=24;256.21;260.81;0;6/03/2014;10;2521.83;BT;1/01/2013;1;CNE
C06723;01/03/2014;<=10;0;0;<24, 48;367.86;369.22;0;4/03/2014;13;5460.71;BT;1/01/2012;1;COEF
C06724;01/03/2014;<=10;0;0;<=24;166.3;0;0;7/03/2014;8;2277.61;BT;1/01/2013;1;CNE
C06725;01/03/2014;>10;>0;1;<24, 48;600.25;625.74;0;13/03/2014;9;1340.44;BT;1/01/2011;1;COEF
C06726;01/03/2014;<=10;0;0;<24, 48;245.58;501.32;758.53;4/03/2014;15;5101.19;BT;1/01/2013;1;CNE
C06727;01/03/2014;<=10;0;0;>48;873.45;3.21;919.19;24/03/2014;15;27124.5;BT;1/01/2013;1;COEF
C06729;01/03/2014;>10;0;0;>48;419.78;589.4;0;10/03/2014;15;17342;BT;1/01/2012;1;CNE
C06730;01/03/2014;<=10;>0;1;<24, 48;736.93;820.55;0;13/03/2014;14;6242.33;BT;1/01/2012;0;CNE
C06731;01/03/2014;<=10;>0;0;<24, 48;736.93;820.55;0;26/03/2014;7;6242.33;BT;1/01/2012;0;CNE
C06732;01/03/2014;>10;0;0;<24, 48;486.93;486.92;478.33;20/03/2014;11;6539.41;BT;1/01/2011;1;CNE
C06734;01/03/2014;<=10;0;0;>48;652.26;1342.1;0;7/03/2014;11;18388.8;BT;1/01/2013;1;CNE
C06735;01/03/2014;<=10;0;0;<24, 48;652.26;1342.1;0;26/03/2014;7;18388.8;BT;1/01/2013;1;CNE
C06736;01/03/2014;<=10;0;0;<24, 48;1999.59;1999.59;0;17/03/2014;16;27977.3;BT;1/01/2013;1;CNE
C06737;01/03/2014;<=10;>0;0;>48;1054.49;1422.03;0;20/03/2014;12;7971.04;BT;1/01/2011;0;CNE
C06738;01/03/2014;<=10;0;0;>48;1054.49;1422.03;0;6/03/2014;19;7971.04;BT;1/01/2011;0;COEF
C06740;01/03/2014;<=10;0;0;>48;405.26;422.27;426.56;13/03/2014;10;9544.58;BT;1/01/2013;1;CNE
C06741;01/03/2014;<=10;0;0;>48;136.97;0;0;12/03/2014;8;8364.71;BT;1/01/2012;1;CNE
C06742;01/03/2014;<=10;0;0;<24, 48;442.95;448.54;448.31;24/03/2014;9;4615.84;BT;1/01/2012;1;CNE
C06743;01/03/2014;<=10;0;0;<24, 48;442.95;448.54;448.31;24/03/2014;13;4615.84;BT;1/01/2012;1;CNE
C06745;01/03/2014;<=10;0;0;>48;634.79;634.95;0;4/03/2014;10;15015;BT;1/01/2013;1;COEF
C06746;01/03/2014;<=10;0;0;<24, 48;885.66;0;890.98;5/03/2014;17;7523.29;BT;1/01/2012;1;CNE
C06747;01/03/2014;<=10;0;0;<24, 48;885.66;0;890.98;13/03/2014;11;7523.29;BT;1/01/2012;1;CNE
C06748;01/03/2014;<=10;0;0;<24, 48;230.63;230.63;0;25/03/2014;19;6653.5;BT;1/01/2013;1;CNE
C06749;01/03/2014;<=10;0;0;<24, 48;592.46;1186.56;590.85;21/03/2014;9;11678.1;BT;1/01/2013;1;CNE
C06750;01/03/2014;<=10;0;0;<24, 48;1236.91;1864.44;0;6/03/2014;10;14253;BT;1/01/2012;0;CNE
C06751;01/03/2014;>10;0;0;<24, 48;1494.55;749.55;750.34;12/03/2014;7;10651.7;BT;1/01/2011;1;COEF
C06752;01/03/2014;<=10;0;0;>48;1209.62;614.19;0;24/03/2014;11;13143.8;BT;1/01/2012;1;CNE
C06753;01/03/2014;>10;>0;0;<24, 48;1029.27;1375.65;0;3/03/2014;8;3692.5;BT;1/01/2011;0;CNE
C06754;01/03/2014;<=10;>0;0;<24, 48;1029.27;1375.65;0;3/03/2014;16;3692.5;BT;1/01/2011;0;CNE
C06755;01/03/2014;>10;0;0;>48;234.08;346.93;0;7/03/2014;16;5965.01;BT;1/01/2011;1;CNE
C06757;01/03/2014;<=10;0;0;<24, 48;263.74;264.18;397.19;7/03/2014;9;3163.76;BT;1/01/2013;0;CNE
C06759;01/03/2014;<=10;>0;0;>48;1380.64;0;0;12/03/2014;18;23627.8;BT;1/01/2012;0;COEF
C06760;01/03/2014;<=10;0;0;>48;1175.02;1175.27;0;7/03/2014;9;39495;BT;1/01/2013;1;CNE
C06761;01/03/2014;<=10;0;0;>48;3313.15;0;0;11/03/2014;20;24129.3;BT;1/01/2012;0;CNE
C06762;01/03/2014;<=10;0;0;<24, 48;3313.15;0;0;17/03/2014;20;24129.3;BT;1/01/2012;0;CNE
C06763;01/03/2014;<=10;0;0;<24, 48;842.09;0;0;12/03/2014;9;16112.9;BT;1/01/2011;1;CNE
C06764;01/03/2014;>10;0;0;<24, 48;379.29;379.5;0;10/03/2014;11;6169.96;BT;1/01/2011;1;CNE
C06765;01/03/2014;<=10;0;0;<24, 48;205.38;23.22;0;17/03/2014;13;12413;BT;1/01/2013;1;CNE
C06766;01/03/2014;<=10;0;0;<24, 48;205.38;23.22;0;19/03/2014;16;12413;BT;1/01/2013;1;CNE
C06767;01/03/2014;<=10;0;0;>48;680.69;1364.97;0;5/03/2014;11;16046.8;BT;1/01/2013;1;CNE
C06768;01/03/2014;<=10;0;0;>48;680.69;1364.97;0;17/03/2014;16;16046.8;BT;1/01/2013;1;CNE
C06769;01/03/2014;<=10;0;0;>48;680.69;1364.97;0;25/03/2014;19;16046.8;BT;1/01/2013;1;CNE
C06770;01/03/2014;<=10;0;0;<24, 48;221.51;49.4;22.25;17/03/2014;14;3292.7;BT;1/01/2012;1;CNE
C06771;01/03/2014;>10;0;0;<24, 48;451.4;455.05;0;7/03/2014;10;3442.54;BT;1/01/2010;1;CNE
C06773;01/03/2014;<=10;0;0;<24, 48;278.39;278.39;0;18/03/2014;7;4194.31;BT;1/01/2011;1;CNE
C06774;01/03/2014;<=10;0;0;>48;3098.72;2262.25;2620.41;7/03/2014;16;38345.3;BT;1/01/2012;0;CNE
C06775;01/03/2014;<=10;0;0;>48;460.51;0;0;12/03/2014;11;6635.01;BT;1/01/2011;1;CNE
C06776;01/03/2014;<=10;>0;1;<24, 48;918.62;1534.57;0;27/03/2014;7;18168.5;BT;1/01/2013;0;CNE
C06777;01/03/2014;<=10;0;0;>48;373.98;373.98;0;7/03/2014;7;8547.27;BT;1/01/2011;1;CNE
C06778;01/03/2014;<=10;0;0;<24, 48;373.98;373.98;0;11/03/2014;8;8547.27;BT;1/01/2011;1;CNE
C06779;01/03/2014;>10;>0;0;<24, 48;260.67;262.32;0;6/03/2014;20;2501.94;BT;1/01/2011;1;CNE
C06780;01/03/2014;<=10;0;0;<24, 48;470.75;470.75;0;10/03/2014;7;3350.44;BT;1/01/2012;0;CNE
C06781;01/03/2014;>10;0;0;<24, 48;228.82;0;0;12/03/2014;7;10837.6;BT;1/01/2011;1;COEF
C06782;01/03/2014;<=10;0;0;<=24;183.24;184.06;184.56;24/03/2014;10;2433.35;BT;1/01/2013;1;CNE
C06783;01/03/2014;<=10;>0;0;<24, 48;505.64;1508.11;0;5/03/2014;11;20858.5;BT;1/01/2012;0;CNE
C06784;01/03/2014;<=10;0;0;<24, 48;512.91;0;310.78;18/03/2014;8;14223.8;BT;1/01/2013;1;COEF
C06785;01/03/2014;<=10;>0;1;<24, 48;638.95;1281.45;0;21/03/2014;16;15954.1;BT;1/01/2012;1;CNE
C06787;01/03/2014;<=10;0;0;<=24;255.55;129.62;0;10/03/2014;11;738.41;BT;1/01/2012;0;CNE
C06788;01/03/2014;<=10;>0;0;<24, 48;638.37;343.19;186.96;12/03/2014;9;6607.68;BT;1/01/2012;1;COEF
C06789;01/03/2014;<=10;>0;0;<24, 48;638.37;343.19;186.96;24/03/2014;7;6607.68;BT;1/01/2012;1;COEF
C06790;01/03/2014;<=10;0;0;<24, 48;1154.22;1736.16;0;7/03/2014;11;12356;BT;1/01/2012;0;CNE
C06791;01/03/2014;<=10;0;0;>48;821.9;1414.33;0;3/03/2014;10;14524.9;BT;1/01/2012;0;CNE
C06792;01/03/2014;<=10;0;0;>48;821.9;1414.33;0;6/03/2014;10;14524.9;BT;1/01/2012;0;CNE
C06793;01/03/2014;<=10;0;0;<24, 48;396.39;793.13;397.79;11/03/2014;15;5965.82;BT;1/01/2011;1;CNE
C06794;01/03/2014;>10;0;0;<24, 48;396.39;793.13;397.79;12/03/2014;15;5965.82;BT;1/01/2011;1;CNE
C06795;01/03/2014;>10;0;0;<24, 48;396.39;793.13;397.79;19/03/2014;11;5965.82;BT;1/01/2011;1;CNE
C06796;01/03/2014;>10;0;0;<24, 48;516.01;209.49;0;17/03/2014;10;14870.5;BT;1/01/2013;1;CNE
C06797;01/03/2014;<=10;>0;0;<24, 48;1036.41;1387.82;0;11/03/2014;10;6719.07;BT;1/01/2013;0;CNE
C06798;01/03/2014;<=10;0;0;<=24;60.6;315.6;0;4/03/2014;14;2257.69;BT;1/01/2013;1;CNE
C06799;01/03/2014;<=10;0;0;<=24;740.86;0;0;3/03/2014;9;739.69;BT;1/01/2013;0;CNE
C06800;01/03/2014;<=10;>0;1;<24, 48;619.57;617.13;541.18;18/03/2014;10;8175.72;BT;1/01/2011;0;COEF
C06801;01/03/2014;<=10;>0;0;<24, 48;619.57;617.13;541.18;19/03/2014;20;8175.72;BT;1/01/2011;1;COEF
C06803;01/03/2014;<=10;0;0;<24, 48;821.7;0;0;11/03/2014;10;53282.9;BT;1/01/2012;1;COEF
C06804;01/03/2014;<=10;0;0;<24, 48;1659.71;3322.73;0;20/03/2014;7;50059.8;BT;1/01/2013;1;COEF
C06805;01/03/2014;<=10;0;0;<24, 48;848.72;852;0;11/03/2014;12;18168.7;BT;1/01/2013;1;CNE
C06806;01/03/2014;>10;0;0;>48;1244.26;2628.15;0;25/03/2014;13;52634.2;BT;1/01/2011;1;CNE
C06807;01/03/2014;<=10;0;0;>48;211.5;0;0;5/03/2014;11;6171.86;BT;1/01/2013;1;COEF
C06808;01/03/2014;<=10;>0;0;<24, 48;232.87;392.5;0;31/03/2014;13;6588.8;BT;1/01/2012;1;COEF
C06809;01/03/2014;<=10;0;0;>48;1144.35;0;0;6/03/2014;8;34477;BT;1/01/2013;1;COEF
C06810;01/03/2014;<=10;0;0;<24, 48;310.18;235.67;235.67;20/03/2014;7;7920.39;BT;1/01/2012;1;COEF
C06811;01/03/2014;<=10;0;0;<24, 48;960.47;962.83;0;7/03/2014;11;19135.9;BT;1/01/2013;1;CNE
C06812;01/03/2014;<=10;0;0;>48;225.51;451.82;0;7/03/2014;11;27623.5;BT;1/01/2013;1;CNE
C06816;01/03/2014;<=10;0;0;<=24;254.79;161.87;0;18/03/2014;8;1410.69;BT;1/01/2013;1;COEF
C06818;01/03/2014;<=10;0;0;<24, 48;65.88;65.88;535.33;28/03/2014;8;9645.81;BT;1/01/2013;1;CNE
C06819;01/03/2014;>10;0;0;>48;250.53;249.06;0;4/03/2014;18;1617.95;BT;1/01/2011;1;CNE
C06820;01/03/2014;<=10;0;0;<24, 48;250.53;249.06;0;7/03/2014;8;1617.95;BT;1/01/2011;1;CNE
C06821;01/03/2014;>10;0;0;<24, 48;1309.58;0;0;7/03/2014;12;22789;BT;1/01/2011;1;CNE
C06822;01/03/2014;<=10;0;0;>48;644.45;746.34;0;5/03/2014;15;20142.2;BT;1/01/2011;1;COEF
C06823;01/03/2014;<=10;0;0;>48;41.3;0;0;4/03/2014;10;14558.1;BT;1/01/2011;1;CNE
C06824;01/03/2014;<=10;0;0;<24, 48;207.4;208.85;0;12/03/2014;17;16488.1;BT;1/01/2013;1;CNE
C06825;01/03/2014;<=10;0;0;<24, 48;1569.97;1569.97;0;7/03/2014;13;33711;BT;1/01/2013;1;COEF
C06826;01/03/2014;<=10;>0;1;<24, 48;1569.97;1569.97;0;14/03/2014;9;33711;BT;1/01/2013;1;CNE
C06827;01/03/2014;<=10;0;0;>48;621.27;421.62;0;4/03/2014;12;13145.5;BT;1/01/2012;1;CNE
C06828;01/03/2014;<=10;0;0;<24, 48;192.87;668.31;0;20/03/2014;14;4823.29;BT;1/01/2011;1;CNE
C06830;01/03/2014;<=10;0;0;>48;479.95;479.95;0;20/03/2014;13;72890.6;BT;1/01/2013;1;CNE
C06831;01/03/2014;<=10;0;0;>48;479.95;479.95;0;26/03/2014;10;72890.6;BT;1/01/2013;1;CNE
C06832;01/03/2014;<=10;0;0;>48;184.38;423.48;0;12/03/2014;7;854.65;BT;1/01/2011;1;CNE
C06833;01/03/2014;<=10;0;0;<24, 48;513.5;0;0;12/03/2014;11;9692.65;BT;1/01/2012;1;CNE
C06834;01/03/2014;>10;0;0;>48;164.06;222.87;0;25/03/2014;18;3506.14;BT;1/01/2010;1;CNE
C06837;01/03/2014;<=10;0;0;>48;265.34;0;0;5/03/2014;9;4054.23;BT;1/01/2011;1;COEF
C06838;01/03/2014;>10;0;0;>48;265.34;0;0;7/03/2014;18;4054.23;BT;1/01/2011;1;COEF
C06839;01/03/2014;<=10;0;0;>48;1984.66;1911.52;1993.75;7/03/2014;8;70131.2;BT;1/01/2012;1;CNE
C06841;01/03/2014;>10;0;0;>48;853.55;1708.04;0;11/03/2014;9;11374.4;BT;1/01/2011;0;COEF
C06842;01/03/2014;<=10;0;0;<=24;482.19;34.81;34.81;5/03/2014;20;7912.58;BT;1/01/2013;1;CNE
C06843;01/03/2014;>10;0;0;>48;50.25;56.72;0;13/03/2014;13;5606.47;BT;1/01/2012;1;CNE
C06845;01/03/2014;<=10;0;0;<24, 48;147.24;147.24;0;13/03/2014;10;32425.8;BT;1/01/2013;1;CNE
C06846;01/03/2014;>10;>0;0;<24, 48;845.32;0.02;0;10/03/2014;12;6675.34;BT;1/01/2011;0;CNE
C06847;01/03/2014;<=10;0;0;>48;630.72;632.22;625.39;10/03/2014;20;14925.8;BT;1/01/2013;1;CNE
C06848;01/03/2014;<=10;>0;0;<24, 48;389.21;841.05;0;20/03/2014;13;9979.03;BT;1/01/2012;1;COEF
C06849;01/03/2014;>10;0;0;<24, 48;462.01;462.38;462.4;19/03/2014;12;7095.26;BT;1/01/2011;1;CNE
C06850;01/03/2014;<=10;0;0;>48;528.12;528.33;0;5/03/2014;10;7401.54;BT;1/01/2012;1;CNE
C06851;01/03/2014;<=10;>0;0;<24, 48;579.56;1168.14;579.88;19/03/2014;9;11834;BT;1/01/2013;1;CNE
C06852;01/03/2014;<=10;0;0;<24, 48;3855.08;3768.45;3768.45;25/03/2014;10;36710.7;BT;1/01/2012;0;CNE
C06853;01/03/2014;<=10;0;0;<=24;271.45;272.32;0;21/03/2014;13;1920.52;BT;1/01/2013;1;COEF
C06855;01/03/2014;<=10;0;1;<=24;1565.82;1565.88;0;17/03/2014;15;28089;BT;1/01/2013;1;COEF
C06856;01/03/2014;<=10;>0;1;<=24;1512.16;1612.79;0;6/03/2014;8;8070.19;BT;1/01/2013;0;CNE
C06857;01/03/2014;>10;0;0;<24, 48;800.19;0;0;26/03/2014;11;11801.8;BT;1/01/2012;1;CNE
C06858;01/03/2014;<=10;0;0;<24, 48;800.19;0;0;27/03/2014;11;11801.8;BT;1/01/2012;1;CNE
C06859;01/03/2014;<=10;0;0;>48;3456.23;5243.34;0;10/03/2014;13;59206.5;BT;1/01/2012;0;CNE
C06860;01/03/2014;<=10;>0;0;<24, 48;1120.09;1221.5;1217.07;5/03/2014;11;4151.33;BT;1/01/2011;0;CNE
C06861;01/03/2014;<=10;0;0;>48;285.89;823.42;0;6/03/2014;9;10953.6;BT;1/01/2013;1;CNE
C06862;01/03/2014;<=10;0;0;<=24;410.33;381.24;326.82;11/03/2014;15;7763.12;BT;1/01/2014;1;CNE
C06863;01/03/2014;<=10;0;0;>48;600.55;601.35;0;3/03/2014;10;593.72;BT;1/01/2010;0;CNE
C06864;01/03/2014;>10;0;0;>48;250.74;250.83;0;4/03/2014;15;3066.4;BT;1/01/2012;1;COEF
C06865;01/03/2014;<=10;>0;0;<24, 48;3218.93;4314.49;0;5/03/2014;11;31815.8;BT;1/01/2013;0;COEF
C06867;01/03/2014;<=10;>0;1;<24, 48;3218.93;4314.49;0;13/03/2014;14;31815.8;BT;1/01/2013;0;CNE
C06868;01/03/2014;<=10;0;0;<24, 48;334.5;338.25;336.37;24/03/2014;16;9403.17;BT;1/01/2012;1;COEF
C06869;01/03/2014;<=10;0;0;>48;700.79;0;0;4/03/2014;10;42627.9;BT;1/01/2012;1;CNE
C06870;01/03/2014;<=10;0;0;>48;700.79;0;0;6/03/2014;8;42627.9;BT;1/01/2012;1;CNE
C06872;01/03/2014;>10;0;0;<24, 48;334.88;222.55;0;5/03/2014;20;2705.22;BT;1/01/2011;1;CNE
C06873;01/03/2014;>10;0;0;<24, 48;685.32;685.32;574.97;3/03/2014;10;11430.6;BT;1/01/2012;1;COEF
C06874;01/03/2014;>10;0;0;<24, 48;685.32;685.32;574.97;7/03/2014;8;11430.6;BT;1/01/2012;1;CNE
C06875;01/03/2014;<=10;>0;0;<24, 48;562.02;0;0;17/03/2014;9;4132.25;BT;1/01/2012;0;COEF
C06876;01/03/2014;<=10;0;0;<24, 48;232.73;118.32;0;21/03/2014;8;2580.44;BT;1/01/2013;0;CNE
C06877;01/03/2014;<=10;0;0;>48;774.67;0;0;7/03/2014;8;31963.1;BT;1/01/2013;1;COEF
C06878;01/03/2014;<=10;>0;0;<24, 48;2030.32;1010.32;0;11/03/2014;9;19295.9;BT;1/01/2013;1;CNE
C06879;01/03/2014;>10;0;0;>48;287.44;282.34;0;19/03/2014;20;6748.97;BT;1/01/2012;1;CNE
C06882;01/03/2014;<=10;0;0;<24, 48;775.05;1168.06;0;11/03/2014;13;7510.02;BT;1/01/2012;0;CNE
C06883;01/03/2014;<=10;>0;0;<24, 48;1073.8;1618.04;0;13/03/2014;12;12775.3;BT;1/01/2013;0;CNE
C06884;01/03/2014;<=10;0;0;<24, 48;109.89;110.12;1142.75;7/03/2014;13;34027.5;BT;1/01/2013;1;COEF
C06885;01/03/2014;>10;0;0;<24, 48;896.09;895.25;0;11/03/2014;16;3932.1;BT;1/01/2011;0;COEF
C06886;01/03/2014;>10;0;0;<24, 48;896.09;895.25;0;6/03/2014;19;3932.1;BT;1/01/2011;0;CNE
C06887;01/03/2014;<=10;0;0;<=24;334.69;334.98;0;12/03/2014;14;1324.05;BT;1/01/2013;1;CNE
C06888;01/03/2014;>10;0;0;<24, 48;308.86;312.91;0;4/03/2014;7;26507.3;BT;1/01/2013;1;COEF
C06889;01/03/2014;<=10;0;0;<24, 48;729.71;731.24;0;12/03/2014;9;11615.7;BT;1/01/2011;1;CNE
C06890;01/03/2014;<=10;0;0;<24, 48;729.71;731.24;0;14/03/2014;10;11615.7;BT;1/01/2011;1;CNE
C06891;01/03/2014;<=10;0;0;<24, 48;729.71;731.24;0;17/03/2014;18;11615.7;BT;1/01/2011;1;CNE
C06893;01/03/2014;<=10;0;0;<=24;411.5;836.95;422.52;10/03/2014;10;3796.01;BT;1/01/2013;1;CNE
C06894;01/03/2014;<=10;>0;0;<24, 48;307.6;2.29;0;19/03/2014;7;15775.6;BT;1/01/2012;1;COEF
C06895;01/03/2014;<=10;0;0;>48;177.69;355.85;534.81;4/03/2014;15;846.7;BT;1/01/2011;1;CNE
C06896;01/03/2014;>10;0;0;<24, 48;177.69;355.85;534.81;24/03/2014;10;846.7;BT;1/01/2011;1;CNE
C06898;01/03/2014;>10;0;0;>48;563.47;849.06;0;7/03/2014;10;6605.96;BT;1/01/2012;0;CNE
C06899;01/03/2014;>10;0;0;>48;563.47;849.06;0;10/03/2014;13;6605.96;BT;1/01/2012;0;CNE
C06900;01/03/2014;<=10;>0;0;<24, 48;414.26;833.86;0;27/03/2014;10;8641.97;BT;1/01/2013;1;COEF
C06902;01/03/2014;<=10;0;0;<24, 48;1406.08;2318.88;3242.51;25/03/2014;12;32984.5;BT;1/01/2012;1;CNE
C06903;01/03/2014;<=10;0;0;<24, 48;625.57;0;625.09;11/03/2014;14;18267.5;BT;1/01/2013;1;CNE
C06904;01/03/2014;>10;0;0;<24, 48;445.07;0;0;25/03/2014;15;9422.84;BT;1/01/2012;1;CNE
C06905;01/03/2014;<=10;>0;0;<24, 48;503.22;0;0;14/03/2014;17;12035.9;BT;1/01/2012;1;CNE
C06906;01/03/2014;<=10;>0;0;<24, 48;503.22;0;1010.65;18/03/2014;10;12035.9;BT;1/01/2012;1;CNE
C06907;01/03/2014;<=10;>0;0;<24, 48;1822.67;1822.67;0;11/03/2014;13;22139.7;BT;1/01/2012;0;CNE
C06908;01/03/2014;<=10;0;0;<=24;308.09;0;0;19/03/2014;11;4886.2;BT;1/01/2014;1;CNE
C06914;01/03/2014;>10;0;0;>48;303.77;608.08;0;27/03/2014;7;5844.81;BT;1/01/2012;1;CNE
C06915;01/03/2014;<=10;0;0;<24, 48;532.99;0;0;18/03/2014;16;1081.86;BT;1/01/2011;1;COEF
C06917;01/03/2014;<=10;0;0;<24, 48;156.4;452.18;0;4/03/2014;9;5979.55;BT;1/01/2013;1;CNE
C06918;01/03/2014;<=10;0;0;>48;1284.37;0;0;7/03/2014;18;51239.1;BT;1/01/2011;1;COEF
C06919;01/03/2014;<=10;0;0;<24, 48;827.01;0;0;12/03/2014;20;7043.74;BT;1/01/2010;1;COEF
C06920;01/03/2014;<=10;0;0;<=24;218.94;172.9;0;18/03/2014;7;1700.87;BT;1/01/2013;1;CNE
C06921;01/03/2014;<=10;0;0;>48;1066.89;1066.89;0;28/03/2014;7;39361.4;BT;1/01/2012;1;CNE
C06923;01/03/2014;>10;0;0;<24, 48;256.95;257.11;0;10/03/2014;9;3442.14;BT;1/01/2012;1;CNE
C06924;01/03/2014;<=10;0;0;>48;509.93;256.48;0;6/03/2014;15;2029.75;BT;1/01/2010;0;COEF
C06925;01/03/2014;<=10;0;0;>48;509.93;256.48;0;11/03/2014;16;2029.75;BT;1/01/2010;0;CNE
C06926;01/03/2014;<=10;0;0;>48;492.07;738.04;0;4/03/2014;13;8775.93;BT;1/01/2011;1;COEF
C06927;01/03/2014;<=10;0;0;>48;430.47;0;0;11/03/2014;9;30748.8;BT;1/01/2013;1;CNE
C06928;01/03/2014;<=10;0;0;<24, 48;430.47;0;0;12/03/2014;11;30748.8;BT;1/01/2013;1;CNE
C06929;01/03/2014;<=10;0;0;>48;324.8;0;0;10/03/2014;15;8171.64;BT;1/01/2013;0;CNE
C06930;01/03/2014;<=10;0;0;<24, 48;348.52;699.18;0;20/03/2014;11;8957.84;BT;1/01/2013;1;CNE
C06931;01/03/2014;<=10;0;0;<24, 48;348.52;699.18;0;24/03/2014;16;8957.84;BT;1/01/2013;1;CNE
C06932;01/03/2014;<=10;0;0;<24, 48;304.49;0;0;18/03/2014;8;6567.16;BT;1/01/2011;1;COEF
C06933;01/03/2014;<=10;0;0;>48;2089.08;2946.8;0;20/03/2014;7;22786.3;BT;1/01/2012;0;CNE
C06934;01/03/2014;>10;0;0;<24, 48;298.47;298.94;0;5/03/2014;9;3898.6;BT;1/01/2012;1;CNE
C06935;01/03/2014;>10;>0;0;<24, 48;450.56;676.49;226.4;4/03/2014;12;1805.89;BT;1/01/2011;0;CNE
C06936;01/03/2014;<=10;0;0;<=24;357.99;716.84;0;5/03/2014;12;2328.61;BT;1/01/2012;1;COEF
C06937;01/03/2014;<=10;0;0;>48;1930.28;3930.82;0;11/03/2014;9;69562.1;BT;1/01/2013;1;CNE
C06938;01/03/2014;<=10;0;0;<24, 48;625.74;609.69;0;6/03/2014;11;12933.3;BT;1/01/2013;1;CNE
C06940;01/03/2014;<=10;0;0;<24, 48;319.82;319.82;0;21/03/2014;8;8482.18;BT;1/01/2012;1;CNE
C06941;01/03/2014;<=10;>0;0;>48;490.57;490.57;0;19/03/2014;8;73208.3;BT;1/01/2013;1;CNE
C06944;01/03/2014;>10;>0;0;<24, 48;1834.87;1834.87;0;18/03/2014;8;2744.29;BT;1/01/2011;0;COEF
C06945;01/03/2014;<=10;0;0;<24, 48;1485.86;2238.23;0;3/03/2014;10;18704.7;BT;1/01/2013;1;CNE
C06946;01/03/2014;<=10;0;0;>48;542.33;0;0;11/03/2014;7;16786.8;BT;1/01/2013;1;CNE
C06947;01/03/2014;>10;0;0;<=24;280.8;286.3;0;13/03/2014;14;2104.52;BT;1/01/2012;1;CNE
C06948;01/03/2014;>10;0;0;<24, 48;653.25;203.34;0;18/03/2014;8;11332.5;BT;1/01/2011;1;COEF
C06949;01/03/2014;<=10;0;0;>48;222.23;222.72;0;18/03/2014;20;5324.4;BT;1/01/2013;1;CNE
C06950;01/03/2014;<=10;>0;0;<=24;549.69;262.05;9.27;28/03/2014;18;14123.5;BT;1/01/2013;1;COEF
C06951;01/03/2014;<=10;0;0;>48;1058.85;1058.85;0;7/03/2014;11;31108.9;BT;1/01/2013;1;CNE
C06952;01/03/2014;<=10;0;0;>48;1058.85;1058.85;0;24/03/2014;12;31108.9;BT;1/01/2013;1;CNE
C06954;01/03/2014;>10;>0;1;<=24;59.6;217.65;576.22;18/03/2014;13;1702.91;BT;1/01/2012;1;COEF
C06955;01/03/2014;<=10;0;0;>48;992.19;0;0;25/03/2014;13;31939.8;BT;1/01/2013;1;CNE
C06959;01/03/2014;<=10;0;0;<24, 48;1536.51;2544.98;0;5/03/2014;17;45445.6;BT;1/01/2012;1;CNE
C06960;01/03/2014;>10;0;0;<24, 48;1103.49;1660.56;0;4/03/2014;7;12557.6;BT;1/01/2012;1;CNE
C06961;01/03/2014;<=10;0;0;<24, 48;698.03;669.13;0;6/03/2014;13;18246.7;BT;1/01/2013;1;COEF
C06964;01/03/2014;>10;0;0;>48;584.98;591.08;0;6/03/2014;8;2982.15;BT;1/01/2010;1;CNE
C06966;01/03/2014;<=10;0;0;<24, 48;250.67;502.21;252.1;17/03/2014;12;4689.24;BT;1/01/2013;1;CNE
C06967;01/03/2014;<=10;0;0;<24, 48;760.68;798.64;798.78;12/03/2014;10;22532.5;BT;1/01/2013;1;CNE
C06968;01/03/2014;<=10;>0;0;<24, 48;83.68;167.42;0;20/03/2014;15;1054.4;BT;1/01/2012;1;CNE
C06969;01/03/2014;>10;0;0;<24, 48;40.1;45.14;171.75;7/03/2014;11;2058.38;BT;1/01/2013;1;CNE
C06970;01/03/2014;>10;0;0;<24, 48;40.1;45.14;171.75;11/03/2014;10;2058.38;BT;1/01/2013;1;CNE
C06971;01/03/2014;<=10;>0;0;<24, 48;764.57;1023.04;0;4/03/2014;11;4518.66;BT;1/01/2012;0;CNE
C06972;01/03/2014;>10;0;0;>48;305.12;0;0;13/03/2014;16;2003.66;BT;1/01/2011;0;CNE
C06973;01/03/2014;<=10;0;0;<24, 48;344.5;691.09;342.64;18/03/2014;8;5444.67;BT;1/01/2011;1;COEF
C06975;01/03/2014;<=10;0;0;>48;1914.74;1599.98;0;18/03/2014;9;65399.6;BT;1/01/2013;1;CNE
C06976;01/03/2014;<=10;0;0;<24, 48;897.66;1800.96;14.96;4/03/2014;10;24058.2;BT;1/01/2013;1;COEF
C06977;01/03/2014;<=10;0;0;>48;2381.5;2381.5;0;10/03/2014;20;56054.6;BT;1/01/2012;1;CNE
C06978;01/03/2014;>10;0;0;<24, 48;287.34;0;0;6/03/2014;12;7707.76;BT;1/01/2012;1;CNE
C06979;01/03/2014;>10;0;0;<24, 48;518.27;519.64;0;10/03/2014;10;4485.5;BT;1/01/2011;1;CNE
C06980;01/03/2014;<=10;0;0;<24, 48;443.56;875.9;0;19/03/2014;20;10432.6;BT;1/01/2013;0;CNE
C06981;01/03/2014;<=10;0;0;<24, 48;25.06;0;0;4/03/2014;8;4952.82;BT;1/01/2013;1;CNE
C06983;01/03/2014;<=10;>0;1;>48;977.92;978.55;0;26/03/2014;15;23234.7;BT;1/01/2012;1;COEF
C06985;01/03/2014;<=10;0;0;<=24;1897.14;2619.93;0;5/03/2014;16;12836.3;BT;1/01/2013;0;CNE
C06986;01/03/2014;<=10;0;0;<24, 48;1566.42;2354.63;1535.19;21/03/2014;8;14667.6;BT;1/01/2011;0;CNE
C06988;01/03/2014;<=10;0;0;<24, 48;401.47;202.66;302.38;20/03/2014;15;1192.71;BT;1/01/2011;0;CNE
C06989;01/03/2014;>10;0;0;<24, 48;401.47;202.66;0;28/03/2014;13;1192.71;BT;1/01/2011;0;CNE
C06990;01/03/2014;<=10;0;0;<24, 48;586.06;588.01;588.01;14/03/2014;17;7968.49;BT;1/01/2012;1;CNE
C06992;01/03/2014;<=10;>0;1;>48;316.77;371.71;0;25/03/2014;11;20883.4;BT;1/01/2012;1;COEF
C06993;01/03/2014;<=10;0;0;<24, 48;867.25;0;0;4/03/2014;9;12683.7;BT;1/01/2012;1;COEF
C06994;01/03/2014;<=10;0;0;<=24;355.15;691.71;334.52;26/03/2014;17;1312.33;BT;1/01/2012;0;CNE
C06995;01/03/2014;<=10;0;0;<24, 48;414.12;829.71;0;10/03/2014;11;8761.41;BT;1/01/2013;1;CNE
C06996;01/03/2014;<=10;0;0;<24, 48;414.12;829.71;0;11/03/2014;8;8761.41;BT;1/01/2013;1;CNE
C06997;01/03/2014;<=10;0;0;<24, 48;414.12;829.71;0;17/03/2014;19;8761.41;BT;1/01/2013;1;CNE
C06998;01/03/2014;<=10;0;0;<24, 48;35.81;35.81;0;20/03/2014;16;2081.74;BT;1/01/2012;1;CNE
C07000;01/03/2014;>10;0;0;<24, 48;183.79;138.43;138.43;14/03/2014;14;4575.27;BT;1/01/2011;1;COEF
C07001;01/03/2014;<=10;>0;0;<24, 48;1317.85;1758.96;0;3/03/2014;17;3556.54;BT;1/01/2010;0;CNE
C07003;01/03/2014;<=10;0;0;<24, 48;494.88;0;0;18/03/2014;19;9173.84;BT;1/01/2011;1;COEF
C07004;01/03/2014;<=10;0;0;>48;384.02;0;0;3/03/2014;12;5096.72;BT;1/01/2010;1;CNE
C07005;01/03/2014;<=10;0;0;>48;384.02;0;0;3/03/2014;15;5096.72;BT;1/01/2010;1;CNE
C07006;01/03/2014;>10;0;0;>48;156.47;313.66;0;21/03/2014;13;787.39;BT;1/01/2010;1;CNE
C07007;01/03/2014;<=10;0;0;>48;534.53;1071.35;0;25/03/2014;14;7285;BT;1/01/2011;1;CNE
C07008;01/03/2014;>10;0;0;<24, 48;362.34;363.43;0;18/03/2014;14;7633.76;BT;1/01/2012;1;CNE
C07009;01/03/2014;<=10;>0;0;<24, 48;871.86;0;53.03;12/03/2014;16;15235.5;BT;1/01/2012;1;CNE
C07010;01/03/2014;>10;0;0;<24, 48;606.09;1214.23;270.14;24/03/2014;7;8287.14;BT;1/01/2011;1;CNE
C07011;01/03/2014;>10;0;0;<24, 48;606.09;1214.23;270.14;26/03/2014;10;8287.14;BT;1/01/2011;1;CNE
C07012;01/03/2014;>10;>0;0;<24, 48;1208.92;1208.92;0;19/03/2014;7;3212.57;BT;1/01/2011;0;COEF
C07013;01/03/2014;>10;0;0;<24, 48;413.92;0.58;413.51;4/03/2014;13;3268.84;BT;1/01/2011;1;CNE
C07014;01/03/2014;<=10;0;0;<24, 48;1698.37;1698.37;846.05;18/03/2014;15;21930.1;BT;1/01/2013;1;CNE
C07015;01/03/2014;<=10;0;0;<24, 48;406.06;0;0;5/03/2014;16;18313.8;BT;1/01/2012;1;CNE
C07018;01/03/2014;>10;0;0;>48;411.61;228.11;0;12/03/2014;10;25413.3;BT;1/01/2012;1;CNE
C07019;01/03/2014;<=10;0;0;>48;188.96;200.4;0;12/03/2014;7;5443.95;BT;1/01/2013;1;CNE
C07020;01/03/2014;<=10;0;0;>48;188.96;200.4;0;12/03/2014;20;5443.95;BT;1/01/2013;1;CNE
C07021;01/03/2014;<=10;0;0;>48;326.78;0;0;7/03/2014;9;9552;BT;1/01/2013;1;COEF
C07022;01/03/2014;<=10;0;0;>48;195.34;192.45;0;4/03/2014;7;668.52;BT;1/01/2010;1;CNE
C07024;01/03/2014;<=10;0;0;>48;1063.71;1070.63;0;5/03/2014;12;34997.1;BT;1/01/2013;0;CNE
C07025;01/03/2014;<=10;0;0;<=24;1003.59;1455.17;0;27/03/2014;18;2197.52;BT;1/01/2013;0;COEF
C07026;01/03/2014;<=10;0;0;<24, 48;420.62;420.87;0;13/03/2014;12;7379.69;BT;1/01/2013;1;COEF
C07027;01/03/2014;<=10;0;0;<24, 48;287.39;576.18;0;6/03/2014;7;7206.27;BT;1/01/2013;1;CNE
C07028;01/03/2014;<=10;0;0;<24, 48;287.39;576.18;0;7/03/2014;9;7206.27;BT;1/01/2013;1;CNE
C07029;01/03/2014;<=10;0;0;<24, 48;287.39;576.18;0;13/03/2014;13;7206.27;BT;1/01/2013;1;CNE
C07030;01/03/2014;<=10;>0;0;<24, 48;575.55;682.79;0;14/03/2014;8;22298.7;BT;1/01/2013;1;COEF
C07031;01/03/2014;<=10;0;0;<24, 48;915.84;915.81;0;11/03/2014;10;23938.5;BT;1/01/2014;1;CNE
C07032;01/03/2014;>10;0;0;<24, 48;1335.81;1877.78;0;24/03/2014;20;10923.6;BT;1/01/2011;0;CNE
C07033;01/03/2014;<=10;0;0;<24, 48;243.75;129.97;243.12;10/03/2014;7;922.63;BT;1/01/2011;1;CNE
C07034;01/03/2014;<=10;0;0;>48;797.61;799.9;798.4;11/03/2014;16;23021.1;BT;1/01/2013;1;COEF
C07035;01/03/2014;<=10;>0;1;>48;307.95;617.88;928.66;12/03/2014;15;2731.08;BT;1/01/2011;1;COEF
C07036;01/03/2014;<=10;0;0;<=24;1763.77;2360.9;0;10/03/2014;15;8136.67;BT;1/01/2013;0;CNE
C07037;01/03/2014;<=10;0;0;>48;1763.77;2360.9;0;12/03/2014;8;8136.67;BT;1/01/2013;0;CNE
C07038;01/03/2014;<=10;>0;0;<24, 48;1561.11;1561.11;0;6/03/2014;12;13205.8;BT;1/01/2013;0;COEF
C07039;01/03/2014;<=10;>0;0;<24, 48;1561.11;1561.11;0;12/03/2014;8;13205.8;BT;1/01/2013;0;CNE
C07040;01/03/2014;<=10;>0;0;<24, 48;1872.32;3748.38;0;28/03/2014;7;48283.8;BT;1/01/2012;1;COEF
C07041;01/03/2014;>10;0;0;>48;423.6;188.6;1062.41;26/03/2014;9;43900.8;BT;1/01/2011;1;COEF
C07042;01/03/2014;<=10;0;0;>48;423.6;188.6;0;26/03/2014;17;43900.8;BT;1/01/2011;1;COEF
C07044;01/03/2014;<=10;0;0;>48;590.32;1181.72;0;14/03/2014;8;16949;BT;1/01/2013;1;CNE
C07045;01/03/2014;<=10;0;0;>48;560.02;1120.94;0;11/03/2014;13;15644.6;BT;1/01/2013;1;CNE
C07046;01/03/2014;<=10;0;0;<24, 48;529.15;529.15;0;20/03/2014;7;14244;BT;1/01/2013;1;CNE
C07047;01/03/2014;>10;0;0;<24, 48;581.83;685.96;0;7/03/2014;8;11329.6;BT;1/01/2011;1;COEF
C07048;01/03/2014;>10;0;0;<24, 48;581.83;685.96;0;4/03/2014;10;11329.6;BT;1/01/2011;1;CNE
C07049;01/03/2014;<=10;>0;0;<24, 48;1204.83;1207.64;1713.59;6/03/2014;20;22153.9;BT;1/01/2013;1;COEF
C07050;01/03/2014;<=10;0;0;<=24;358.67;0;0;17/03/2014;11;2237.18;BT;1/01/2013;0;CNE
C07051;01/03/2014;<=10;0;0;<=24;1536.95;1543.87;1536.51;14/03/2014;8;11800.1;BT;1/01/2012;1;CNE
C07053;01/03/2014;<=10;0;0;<24, 48;579.7;587.15;0;24/03/2014;11;14865.5;BT;1/01/2013;1;CNE
C07054;01/03/2014;<=10;0;0;<24, 48;645.19;655.62;0;11/03/2014;14;18358.9;BT;1/01/2013;1;COEF
C07056;01/03/2014;>10;0;0;>48;2223.16;2227.56;2220.99;6/03/2014;17;55699.9;BT;1/01/2011;1;COEF
C07057;01/03/2014;<=10;>0;0;>48;1266.37;1694.68;0;14/03/2014;10;7607.65;BT;1/01/2012;0;CNE
C07059;01/03/2014;>10;0;0;>48;589.23;229.34;438.17;6/03/2014;8;16609.3;BT;1/01/2012;1;COEF
C07060;01/03/2014;<=10;0;0;>48;1041.78;0;0;4/03/2014;8;41085.2;BT;1/01/2010;1;COEF
C07061;01/03/2014;<=10;>0;0;<24, 48;1029.96;1039.21;0;14/03/2014;9;7495.06;BT;1/01/2012;0;CNE
C07065;01/03/2014;>10;0;0;<24, 48;356.15;356.26;356.27;13/03/2014;12;5517.74;BT;1/01/2011;1;CNE
C07066;01/03/2014;>10;0;0;<24, 48;356.15;356.26;356.27;28/03/2014;8;5517.74;BT;1/01/2011;1;CNE
C07067;01/03/2014;>10;0;0;>48;112.5;94.87;404.57;13/03/2014;10;12455.9;BT;1/01/2012;1;CNE
C07068;01/03/2014;<=10;0;0;>48;127.99;0;0;4/03/2014;20;6676.13;BT;1/01/2013;1;CNE
C07070;01/03/2014;>10;0;0;<24, 48;249.8;502.18;0;27/03/2014;7;3641.25;BT;1/01/2011;1;CNE
C07071;01/03/2014;<=10;>0;1;>48;341.37;464.6;0;17/03/2014;7;17481.2;BT;1/01/2012;1;COEF
C07072;01/03/2014;>10;0;0;<24, 48;209.85;211.57;0;19/03/2014;18;2501.27;BT;1/01/2011;1;CNE
C07073;01/03/2014;>10;0;0;<24, 48;950.04;567.96;567.96;11/03/2014;18;12006.7;BT;1/01/2012;1;COEF
C07074;01/03/2014;>10;0;0;>48;950.04;567.96;567.96;25/03/2014;15;12006.7;BT;1/01/2012;0;COEF
C07075;01/03/2014;<=10;0;0;>48;138.8;253.3;0;10/03/2014;11;1445.31;BT;1/01/2010;0;CNE
C07076;01/03/2014;<=10;0;0;<24, 48;1483.25;1483.68;512.29;11/03/2014;9;41856.7;BT;1/01/2013;1;CNE
C07077;01/03/2014;<=10;0;0;>48;426.59;88.66;0;6/03/2014;13;6923.11;BT;1/01/2011;1;CNE
C07078;01/03/2014;>10;>0;0;<24, 48;525.67;792.16;1061.41;6/03/2014;14;2886.35;BT;1/01/2012;1;CNE
C07085;01/03/2014;<=10;0;0;>48;40.5;69.06;662.27;13/03/2014;20;17598.6;BT;1/01/2013;1;CNE
C07086;01/03/2014;<=10;0;0;>48;670.9;0;0;13/03/2014;7;21686.6;BT;1/01/2013;1;CNE
C07088;01/03/2014;>10;0;0;<24, 48;396.26;478;0;18/03/2014;19;9525.59;BT;1/01/2011;1;CNE
C07089;01/03/2014;<=10;0;0;>48;1041.95;2088.6;0;6/03/2014;9;33237;BT;1/01/2013;1;CNE
C07091;01/03/2014;>10;0;0;>48;1130.99;1130.99;0;12/03/2014;20;6303.65;BT;1/01/2011;0;CNE
C07092;01/03/2014;<=10;0;0;<24, 48;302.77;304.31;0;10/03/2014;7;4113.1;BT;1/01/2012;1;COEF
C07093;01/03/2014;>10;0;0;<24, 48;312.01;633.95;0;21/03/2014;8;2733.82;BT;1/01/2011;1;COEF
C07095;01/03/2014;<=10;0;0;<24, 48;674.08;1079.63;0;17/03/2014;18;19357.6;BT;1/01/2012;1;CNE
C07096;01/03/2014;<=10;0;0;>48;371.3;298.29;0;6/03/2014;18;33196.6;BT;1/01/2011;1;CNE
C07097;01/03/2014;<=10;0;0;<24, 48;69.6;98.76;124.71;5/03/2014;13;10415.1;BT;1/01/2013;1;COEF
C07099;01/03/2014;>10;0;0;<24, 48;221.54;648.21;0;6/03/2014;10;8836.98;BT;1/01/2012;1;CNE
C07101;01/03/2014;<=10;>0;0;>48;330.48;993.59;0;24/03/2014;9;20412.5;BT;1/01/2013;1;COEF
C07102;01/03/2014;<=10;0;0;<24, 48;291.93;0;292.21;6/03/2014;11;6803.63;BT;1/01/2013;1;CNE
C07104;01/03/2014;<=10;>0;0;<24, 48;824.55;1119.39;0;10/03/2014;17;5668.88;BT;1/01/2013;0;COEF
C07105;01/03/2014;<=10;0;0;>48;542.3;2647.33;0;14/03/2014;8;59015.6;BT;1/01/2012;1;COEF
C07106;01/03/2014;<=10;0;1;>48;542.3;2647.33;0;11/03/2014;14;59015.6;BT;1/01/2012;1;CNE
C07107;01/03/2014;<=10;0;0;<24, 48;633.6;658.13;0;18/03/2014;8;19483.7;BT;1/01/2013;1;CNE
C07108;01/03/2014;<=10;0;0;<24, 48;633.6;658.13;0;19/03/2014;11;19483.7;BT;1/01/2013;1;CNE
C07109;01/03/2014;<=10;0;0;<24, 48;633.6;658.13;0;24/03/2014;12;19483.7;BT;1/01/2013;1;CNE
C07110;01/03/2014;>10;0;0;>48;660.21;659.41;0;5/03/2014;17;17523.3;BT;1/01/2011;1;COEF
C07111;01/03/2014;>10;0;0;>48;660.21;659.41;0;3/03/2014;10;17523.3;BT;1/01/2011;1;CNE
C07112;01/03/2014;<=10;0;0;>48;270.84;0;0;4/03/2014;14;12686.7;BT;1/01/2014;1;COEF
C07113;01/03/2014;<=10;>0;1;<24, 48;372.82;750.86;0;27/03/2014;14;8405.75;BT;1/01/2013;1;COEF
C07114;01/03/2014;>10;0;0;>48;2644.31;2651.73;0;4/03/2014;8;66352.5;BT;1/01/2011;1;COEF
C07115;01/03/2014;<=10;>0;0;>48;2644.31;2651.73;0;12/03/2014;15;66352.5;BT;1/01/2011;1;CNE
C07116;01/03/2014;>10;>0;0;>48;2644.31;2651.73;0;13/03/2014;11;66352.5;BT;1/01/2011;1;CNE
C07117;01/03/2014;>10;>0;0;>48;2644.31;2651.73;0;14/03/2014;9;66352.5;BT;1/01/2011;1;CNE
C07118;01/03/2014;>10;>0;0;>48;2644.31;2651.73;0;17/03/2014;11;66352.5;BT;1/01/2011;1;CNE
C07119;01/03/2014;>10;>0;0;>48;2644.31;2651.73;0;25/03/2014;11;66352.5;BT;1/01/2011;1;CNE
C07120;01/03/2014;<=10;0;0;<24, 48;566.41;566.59;0;14/03/2014;9;9826.57;BT;1/01/2013;1;COEF
C07122;01/03/2014;<=10;0;0;<=24;709.8;1460.06;0;24/03/2014;7;10151.5;BT;1/01/2013;1;CNE
C07124;01/03/2014;<=10;0;0;>48;981.73;2226.81;0;6/03/2014;8;68036.6;BT;1/01/2012;1;COEF
C07125;01/03/2014;<=10;0;0;>48;981.73;2226.81;0;11/03/2014;9;68036.6;BT;1/01/2012;1;CNE
C07126;01/03/2014;>10;>0;0;>48;216.2;324.53;107.13;6/03/2014;10;2366.7;BT;1/01/2012;0;CNE
C07127;01/03/2014;<=10;0;0;>48;49.18;0;0;18/03/2014;17;63351.1;BT;1/01/2012;1;COEF
C07128;01/03/2014;>10;0;0;>48;214.46;0;212.72;5/03/2014;9;839.1;BT;1/01/2011;1;COEF
C07129;01/03/2014;<=10;0;0;>48;82.03;99.64;0;5/03/2014;9;1644.52;BT;1/01/2012;1;CNE
C07133;01/03/2014;<=10;0;0;<24, 48;243.92;489.6;736.94;6/03/2014;10;4434.14;BT;1/01/2013;1;COEF
C07135;01/03/2014;<=10;0;0;<24, 48;515.56;689.13;0;10/03/2014;13;3223.96;BT;1/01/2011;0;COEF
C07136;01/03/2014;>10;0;0;>48;795.63;797.6;798;4/03/2014;9;14398.6;BT;1/01/2011;1;CNE
C07137;01/03/2014;<=10;0;0;>48;1765.78;1481.13;0;10/03/2014;8;45382.9;BT;1/01/2012;1;COEF
C07139;01/03/2014;>10;>0;1;>48;1475.42;1480.29;2978.13;19/03/2014;16;36589.8;BT;1/01/2012;1;COEF
C07141;01/03/2014;>10;0;0;>48;1466.34;0;0;12/03/2014;8;10616;BT;1/01/2012;0;CNE
C07142;01/03/2014;<=10;0;0;<24, 48;922.01;922.01;1222.81;27/03/2014;8;35709.2;BT;1/01/2013;1;COEF
C07143;01/03/2014;<=10;0;0;<24, 48;264.4;265.13;264.63;3/03/2014;20;5750.38;BT;1/01/2013;1;CNE
C07144;01/03/2014;<=10;>0;0;<24, 48;703.41;1057.24;0;26/03/2014;15;4604.89;BT;1/01/2012;0;CNE
C07145;01/03/2014;>10;0;0;<24, 48;67.92;26.22;0;7/03/2014;11;14995.7;BT;1/01/2012;1;COEF
C07146;01/03/2014;<=10;>0;0;<24, 48;546.56;429.88;174.46;7/03/2014;7;3895.97;BT;1/01/2013;0;CNE
C07147;01/03/2014;<=10;>0;0;<24, 48;912.24;914.23;914.18;26/03/2014;9;25095;BT;1/01/2013;1;COEF
C07148;01/03/2014;<=10;>0;0;<24, 48;912.24;914.23;914.18;27/03/2014;7;25095;BT;1/01/2013;1;CNE
C07150;01/03/2014;<=10;0;0;<24, 48;830.22;0;0;18/03/2014;8;32510.5;BT;1/01/2013;1;CNE
C07151;01/03/2014;<=10;0;0;<24, 48;1361.46;1822.27;0;7/03/2014;13;12538.2;BT;1/01/2012;0;CNE
C07152;01/03/2014;<=10;0;0;<24, 48;1361.46;1822.27;0;25/03/2014;11;12538.2;BT;1/01/2012;0;CNE
C07153;01/03/2014;<=10;0;0;<24, 48;533.32;531.02;802.17;12/03/2014;19;5608;BT;1/01/2013;0;COEF
C07154;01/03/2014;<=10;0;0;<24, 48;533.32;531.02;0;10/03/2014;12;5608;BT;1/01/2013;0;CNE
C07155;01/03/2014;<=10;0;0;>48;753.37;1656.14;0;7/03/2014;7;22610.2;BT;1/01/2012;1;COEF
C07156;01/03/2014;<=10;0;0;>48;753.37;1656.14;0;5/03/2014;16;22610.2;BT;1/01/2012;1;CNE
C07157;01/03/2014;<=10;0;0;>48;753.37;1656.14;0;6/03/2014;8;22610.2;BT;1/01/2012;1;CNE
C07159;01/03/2014;<=10;0;0;<24, 48;243.59;242.92;0;5/03/2014;7;3361.18;BT;1/01/2011;1;CNE
C07161;01/03/2014;>10;0;0;<24, 48;449.72;450.17;0;7/03/2014;9;3058.17;BT;1/01/2011;1;CNE
C07162;01/03/2014;<=10;0;0;<24, 48;1414.26;2131.06;0;4/03/2014;7;18011.1;BT;1/01/2012;0;CNE
C07163;01/03/2014;<=10;0;0;<24, 48;256.92;248.27;241.69;26/03/2014;8;5682.09;BT;1/01/2014;1;CNE
C07164;01/03/2014;>10;0;0;<24, 48;341.63;341.76;246.07;5/03/2014;8;8048.75;BT;1/01/2012;1;COEF
C07165;01/03/2014;<=10;0;0;<=24;1931.9;975.43;929.09;11/03/2014;7;9095.37;BT;1/01/2013;1;COEF
C07166;01/03/2014;<=10;0;0;<=24;1931.9;975.43;929.09;21/03/2014;10;9095.37;BT;1/01/2013;1;COEF
C07167;01/03/2014;<=10;0;0;>48;420.89;842.13;0;20/03/2014;13;9207.91;BT;1/01/2012;1;CNE
C07168;01/03/2014;<=10;>0;0;>48;940.92;1494.44;0;3/03/2014;12;1475.39;BT;1/01/2010;0;CNE
C07170;01/03/2014;<=10;0;0;<24, 48;1071.32;2602.14;0;26/03/2014;8;37482.6;BT;1/01/2013;1;CNE
C07171;01/03/2014;<=10;0;0;<24, 48;987.44;993.06;0;17/03/2014;8;14361.5;BT;1/01/2012;1;COEF
C07172;01/03/2014;>10;0;0;<24, 48;411.41;825.26;0;12/03/2014;10;5609.85;BT;1/01/2012;1;CNE
C07173;01/03/2014;>10;0;0;>48;632.15;0;0;6/03/2014;13;8092.27;BT;1/01/2011;1;CNE
C07174;01/03/2014;<=10;0;0;>48;632.15;0;0;11/03/2014;13;8092.27;BT;1/01/2011;1;CNE
C07175;01/03/2014;<=10;0;0;>48;632.15;0;0;20/03/2014;9;8092.27;BT;1/01/2011;1;CNE
C07176;01/03/2014;>10;0;0;>48;506.1;507.91;0;4/03/2014;20;8310.72;BT;1/01/2011;1;CNE
C07177;01/03/2014;<=10;0;0;<24, 48;125.07;128.85;119.76;26/03/2014;8;2714.85;BT;1/01/2012;1;CNE
C07180;01/03/2014;<=10;>0;0;<=24;817.62;618.85;0;19/03/2014;13;3453.07;BT;1/01/2013;0;CNE
C07181;01/03/2014;>10;0;0;<24, 48;305.09;610.41;918.44;5/03/2014;9;4347.58;BT;1/01/2012;1;CNE
C07182;01/03/2014;>10;0;0;<24, 48;305.09;610.41;918.44;26/03/2014;16;4347.58;BT;1/01/2012;1;CNE
C07183;01/03/2014;<=10;0;0;<24, 48;233.51;468.86;216.28;11/03/2014;12;4117.65;BT;1/01/2013;1;CNE
C07185;01/03/2014;>10;0;0;>48;1062.34;1064.17;2130.03;13/03/2014;7;5212.22;BT;1/01/2010;1;CNE
C07186;01/03/2014;>10;0;0;<24, 48;176.25;183.26;0;4/03/2014;8;2369.6;BT;1/01/2012;1;CNE
C07187;01/03/2014;>10;0;0;<24, 48;488.84;489.73;0;11/03/2014;13;10010.8;BT;1/01/2012;1;CNE
C07189;01/03/2014;>10;0;0;<24, 48;193.03;386.4;0;5/03/2014;10;579.09;BT;1/01/2010;1;CNE
C07190;01/03/2014;<=10;0;0;>48;174.37;174.37;1152.81;26/03/2014;13;4090.58;BT;1/01/2013;1;CNE
C07191;01/03/2014;<=10;0;0;<24, 48;88.76;516.11;0;25/03/2014;8;12056;BT;1/01/2013;1;CNE
C07192;01/03/2014;<=10;>0;1;<24, 48;343.7;352.47;0;12/03/2014;17;6771.84;BT;1/01/2012;1;CNE
C07194;01/03/2014;>10;>0;0;>48;684.76;1371.88;0;21/03/2014;9;11899.1;BT;1/01/2011;1;COEF
C07195;01/03/2014;<=10;>0;0;>48;310.41;428.59;0;3/03/2014;10;3829.85;BT;1/01/2013;0;COEF
C07196;01/03/2014;<=10;0;0;<=24;492.51;989.51;0;14/03/2014;13;4871.17;BT;1/01/2013;1;CNE
C07198;01/03/2014;<=10;0;0;>48;328.96;624.7;765.48;10/03/2014;12;23182.7;BT;1/01/2012;1;CNE
C07199;01/03/2014;<=10;0;0;>48;328.96;624.7;765.48;19/03/2014;13;23182.7;BT;1/01/2012;1;CNE
C07200;01/03/2014;<=10;>0;0;<24, 48;443.01;907.89;0;21/03/2014;16;5454.01;BT;1/01/2012;1;CNE
C07201;01/03/2014;>10;0;0;<24, 48;127.07;0;0;6/03/2014;7;12927.4;BT;1/01/2012;1;CNE
C07202;01/03/2014;>10;0;0;<24, 48;127.07;0;0;10/03/2014;20;12927.4;BT;1/01/2012;1;CNE
C07203;01/03/2014;<=10;0;0;<=24;369.06;373.31;0;11/03/2014;17;5080.56;BT;1/01/2013;1;CNE
C07204;01/03/2014;<=10;0;0;<24, 48;1426.86;1350.35;0;5/03/2014;16;43831.6;BT;1/01/2013;1;CNE
C07205;01/03/2014;<=10;0;0;<24, 48;1426.86;1350.35;0;6/03/2014;8;43831.6;BT;1/01/2013;1;CNE
C07206;01/03/2014;<=10;0;0;<24, 48;1426.86;1350.35;0;13/03/2014;7;43831.6;BT;1/01/2013;1;CNE
C07207;01/03/2014;<=10;0;0;<24, 48;1426.86;1350.35;0;26/03/2014;14;43831.6;BT;1/01/2013;1;CNE
C07208;01/03/2014;<=10;0;0;>48;457.32;0;0;4/03/2014;17;7470.04;BT;1/01/2011;1;CNE
C07209;01/03/2014;<=10;0;0;>48;1987.07;0;0;13/03/2014;16;19177;BT;1/01/2013;0;CNE
C07211;01/03/2014;<=10;>0;0;<24, 48;1329.61;0;0;3/03/2014;11;18245.4;BT;1/01/2013;1;CNE
C07212;01/03/2014;<=10;0;0;>48;901.1;0;0;7/03/2014;8;36270;BT;1/01/2013;1;COEF
C07213;01/03/2014;>10;0;0;<24, 48;812.41;1622.28;801.54;6/03/2014;9;17671.8;BT;1/01/2012;1;COEF
C07214;01/03/2014;<=10;0;0;<24, 48;212.31;211.13;0;26/03/2014;13;4166.22;BT;1/01/2013;1;COEF
C07215;01/03/2014;>10;0;0;>48;355.96;712.4;356.05;5/03/2014;7;2196.89;BT;1/01/2011;1;COEF
C07216;01/03/2014;<=10;0;0;>48;1073.53;0;0;10/03/2014;12;4863.33;BT;1/01/2010;0;CNE
C07217;01/03/2014;<=10;0;0;<24, 48;300.3;602.59;907.23;7/03/2014;12;4954.75;BT;1/01/2013;1;CNE
C07219;01/03/2014;<=10;0;0;>48;423.49;848.56;0;4/03/2014;14;7201.97;BT;1/01/2011;1;CNE
C07220;01/03/2014;<=10;>0;0;>48;1088.24;2238.66;0;3/03/2014;9;35474.1;BT;1/01/2012;0;COEF
C07221;01/03/2014;<=10;>0;0;<24, 48;199.99;199.99;0;21/03/2014;7;8648.35;BT;1/01/2013;1;COEF
C07223;01/03/2014;<=10;>0;0;<=24;385.83;385.83;0;27/03/2014;10;1824.52;BT;1/01/2012;1;CNE
C07224;01/03/2014;<=10;0;0;<=24;1804.79;0;0;19/03/2014;10;5399.39;BT;1/01/2013;1;COEF
C07225;01/03/2014;<=10;0;0;<24, 48;693.57;694.64;0;6/03/2014;11;10988.2;BT;1/01/2012;1;CNE
C07226;01/03/2014;>10;0;0;<24, 48;199.4;199.4;0;19/03/2014;7;4288.6;BT;1/01/2011;1;COEF
C07227;01/03/2014;<=10;>0;0;<24, 48;467.25;1192.25;0;26/03/2014;7;12286.4;BT;1/01/2011;1;CNE
C07228;01/03/2014;>10;0;0;<24, 48;1263.14;264;1279.18;10/03/2014;18;35000.8;BT;1/01/2012;1;COEF
C07229;01/03/2014;<=10;0;0;<24, 48;918.1;923.91;0;14/03/2014;8;21469.5;BT;1/01/2013;1;CNE
C07232;01/03/2014;<=10;0;0;<24, 48;209.25;63.77;0;14/03/2014;16;3287.5;BT;1/01/2012;1;CNE
C07233;01/03/2014;<=10;0;0;<24, 48;262.15;262.15;0;20/03/2014;19;5052.43;BT;1/01/2013;1;COEF
C07235;01/03/2014;<=10;0;0;<24, 48;614.4;1230.7;0;5/03/2014;10;15602;BT;1/01/2013;1;COEF
C07236;01/03/2014;<=10;>0;0;<24, 48;614.4;1230.7;0;18/03/2014;12;15602;BT;1/01/2013;1;COEF
C07239;01/03/2014;<=10;0;0;>48;1065.32;1605.76;0;11/03/2014;16;19218.9;BT;1/01/2013;1;CNE
C07240;01/03/2014;<=10;0;0;<24, 48;94.56;305.31;0;10/03/2014;9;5935.55;BT;1/01/2013;1;COEF
C07241;01/03/2014;<=10;0;0;>48;482.5;984.43;0;6/03/2014;7;12648.6;BT;1/01/2014;1;COEF
C07242;01/03/2014;<=10;0;0;>48;90.39;181.47;0;4/03/2014;15;2428.22;BT;1/01/2013;1;CNE
C07243;01/03/2014;<=10;0;0;>48;90.39;181.47;0;6/03/2014;9;2428.22;BT;1/01/2013;1;CNE
C07244;01/03/2014;>10;0;0;<24, 48;1615.7;0;0;26/03/2014;16;11683.9;BT;1/01/2012;0;COEF
C07246;01/03/2014;>10;0;0;>48;438.8;444.57;449.4;13/03/2014;10;6017.2;BT;1/01/2011;1;CNE
C07247;01/03/2014;<=10;0;0;>48;438.8;444.57;449.4;19/03/2014;18;6017.2;BT;1/01/2011;1;CNE
C07248;01/03/2014;>10;0;0;>48;438.8;444.57;449.4;20/03/2014;19;6017.2;BT;1/01/2011;1;CNE
C07253;01/03/2014;<=10;>0;0;>48;386.61;390.58;0;18/03/2014;13;8207.9;BT;1/01/2012;1;CNE
C07254;01/03/2014;>10;>0;0;<24, 48;645.28;0.19;0;24/03/2014;11;14193.8;BT;1/01/2012;1;COEF
C07255;01/03/2014;<=10;>0;0;<24, 48;645.28;0.19;645.48;27/03/2014;7;14193.8;BT;1/01/2012;1;CNE
C07256;01/03/2014;<=10;0;0;<24, 48;469.24;469.24;0;17/03/2014;20;9574.17;BT;1/01/2012;1;CNE
C07257;01/03/2014;<=10;0;0;<24, 48;238.83;218.22;0;17/03/2014;19;13211.1;BT;1/01/2013;1;CNE
C07258;01/03/2014;<=10;>0;1;<24, 48;1383.01;2080.89;0;27/03/2014;8;20246;BT;1/01/2013;0;COEF
C07259;01/03/2014;<=10;0;0;<24, 48;143.77;286.53;47.01;10/03/2014;7;6616.24;BT;1/01/2013;1;CNE
C07260;01/03/2014;<=10;>0;0;>48;1478.89;1481.06;1184.87;19/03/2014;10;43789;BT;1/01/2013;1;COEF
C07261;01/03/2014;<=10;>0;1;>48;1478.89;1481.06;1184.87;25/03/2014;8;43789;BT;1/01/2013;1;COEF
C07262;01/03/2014;>10;0;0;<24, 48;1105.06;1606.13;0;3/03/2014;10;1586.08;BT;1/01/2011;0;CNE
C07263;01/03/2014;>10;0;0;<24, 48;793.63;1061.81;0;6/03/2014;11;2683.5;BT;1/01/2011;0;CNE
C07264;01/03/2014;<=10;>0;0;<24, 48;369.74;1144.05;0;26/03/2014;18;21980.8;BT;1/01/2013;1;COEF
C07266;01/03/2014;<=10;0;0;<24, 48;288.93;810.38;0;4/03/2014;12;20461.4;BT;1/01/2013;1;COEF
C07268;01/03/2014;<=10;0;0;<24, 48;1564.86;783.43;784.18;12/03/2014;9;15043;BT;1/01/2013;1;CNE
C07269;01/03/2014;>10;0;0;<24, 48;568.76;569.89;568.71;20/03/2014;10;10884.2;BT;1/01/2013;1;CNE
C07270;01/03/2014;<=10;0;0;<24, 48;1712.08;0;0;3/03/2014;15;11954.8;BT;1/01/2013;0;CNE
C07272;01/03/2014;<=10;>0;0;<24, 48;644.76;666.46;0;13/03/2014;8;19695.8;BT;1/01/2012;1;CNE
C07273;01/03/2014;<=10;0;0;<24, 48;677.51;663.14;280.94;19/03/2014;10;14503.8;BT;1/01/2013;1;CNE
C07274;01/03/2014;<=10;0;0;<24, 48;798.07;800.23;799.51;10/03/2014;17;18145.9;BT;1/01/2012;1;CNE
C07275;01/03/2014;<=10;0;0;>48;171.97;36.59;53.91;21/03/2014;15;4970.82;BT;1/01/2013;1;CNE
C07276;01/03/2014;<=10;0;0;>48;171.97;36.59;53.91;25/03/2014;18;4970.82;BT;1/01/2013;1;CNE
C07280;01/03/2014;<=10;0;0;<24, 48;1053.85;1410.75;0;3/03/2014;17;6675.41;BT;1/01/2013;0;CNE
C07281;01/03/2014;<=10;>0;1;<24, 48;184.34;69.69;0;14/03/2014;19;8978.64;BT;1/01/2013;1;CNE
C07282;01/03/2014;<=10;0;0;<24, 48;1233.53;1645.39;0;17/03/2014;7;6145.25;BT;1/01/2012;0;CNE
C07283;01/03/2014;<=10;0;0;<24, 48;1233.53;1645.39;0;24/03/2014;7;6145.25;BT;1/01/2012;0;CNE
C07286;01/03/2014;<=10;0;0;>48;1002.6;1172.99;2347.42;7/03/2014;9;43265.8;BT;1/01/2013;1;COEF
C07287;01/03/2014;<=10;>0;0;>48;1002.6;1172.99;2347.42;18/03/2014;13;43265.8;BT;1/01/2013;1;COEF
C07288;01/03/2014;<=10;0;0;<24, 48;305.17;16.5;0;13/03/2014;11;4625.99;BT;1/01/2012;1;CNE
C07290;01/03/2014;>10;0;0;<24, 48;237.57;89.39;0;11/03/2014;19;1332.98;BT;1/01/2011;1;COEF
C07291;01/03/2014;>10;0;0;<24, 48;325.67;325.67;0;13/03/2014;7;6848.27;BT;1/01/2012;1;CNE
C07293;01/03/2014;<=10;>0;0;>48;576.63;576.63;0;20/03/2014;9;15196.2;BT;1/01/2014;1;CNE
C07294;01/03/2014;>10;0;0;<24, 48;621.9;622.51;0;11/03/2014;16;11031;BT;1/01/2011;1;CNE
C07295;01/03/2014;<=10;0;0;<24, 48;597.49;600.79;397.15;10/03/2014;10;13814.3;BT;1/01/2012;1;CNE
C07296;01/03/2014;<=10;0;0;<24, 48;597.49;600.79;397.15;12/03/2014;11;13814.3;BT;1/01/2012;1;CNE
C07297;01/03/2014;<=10;0;0;<24, 48;597.49;600.79;397.15;18/03/2014;10;13814.3;BT;1/01/2012;1;CNE
C07298;01/03/2014;<=10;0;0;<24, 48;441.1;38.14;0;5/03/2014;13;6985.69;BT;1/01/2011;1;CNE
C07299;01/03/2014;<=10;0;0;<24, 48;187.41;188.42;0;5/03/2014;10;1309.05;BT;1/01/2011;1;CNE
C07300;01/03/2014;<=10;0;0;>48;522.1;1047.01;0;26/03/2014;9;15311;BT;1/01/2013;1;CNE
C07301;01/03/2014;>10;0;0;>48;268.02;639.01;0;11/03/2014;14;17487.6;BT;1/01/2012;1;CNE
C07303;01/03/2014;>10;0;0;<24, 48;286.88;0;0;12/03/2014;20;4449.56;BT;1/01/2012;1;CNE
C07306;01/03/2014;<=10;0;0;<24, 48;444.03;454.43;193.42;24/03/2014;12;19291.6;BT;1/01/2012;1;CNE
C07308;01/03/2014;<=10;0;0;>48;293.3;517.98;0;4/03/2014;12;11727.1;BT;1/01/2013;1;CNE
C07309;01/03/2014;<=10;>0;0;>48;612.08;1226.79;1226.79;21/03/2014;16;14314.9;BT;1/01/2013;1;COEF
C07310;01/03/2014;<=10;>0;0;<24, 48;171.05;157.41;0;5/03/2014;9;3045.01;BT;1/01/2013;0;CNE
C07311;01/03/2014;<=10;>0;0;<24, 48;171.05;157.41;0;18/03/2014;10;3045.01;BT;1/01/2013;0;CNE
C07312;01/03/2014;<=10;0;0;<=24;652.79;227.78;0;12/03/2014;10;4928.64;BT;1/01/2013;1;CNE
C07316;01/03/2014;<=10;>0;0;<24, 48;442.83;132.28;127.53;11/03/2014;11;20188.5;BT;1/01/2013;0;COEF
C07318;01/03/2014;<=10;>0;1;<24, 48;442.83;132.28;127.53;18/03/2014;8;20188.5;BT;1/01/2013;0;COEF
C07320;01/03/2014;<=10;>0;0;<24, 48;442.83;132.28;127.53;6/03/2014;11;20188.5;BT;1/01/2013;0;CNE
C07321;01/03/2014;<=10;>0;0;<=24;1572.64;2107.77;0;13/03/2014;11;5331.16;BT;1/01/2013;0;CNE
C07322;01/03/2014;<=10;0;0;<=24;432.84;274.89;273.94;10/03/2014;9;1532.9;BT;1/01/2013;0;CNE
C07323;01/03/2014;<=10;0;0;<=24;432.84;274.89;273.94;11/03/2014;17;1532.9;BT;1/01/2013;1;CNE
C07324;01/03/2014;<=10;>0;0;<24, 48;390.91;390.91;0;6/03/2014;11;2516.68;BT;1/01/2013;0;CNE
C07325;01/03/2014;<=10;0;0;>48;1994.45;0;0;3/03/2014;15;20811.2;BT;1/01/2013;0;CNE
C07326;01/03/2014;<=10;0;0;>48;1994.45;0;0;5/03/2014;7;20811.2;BT;1/01/2013;0;CNE
C07327;01/03/2014;<=10;0;0;>48;1994.45;0;0;12/03/2014;9;20811.2;BT;1/01/2013;0;CNE
C07329;01/03/2014;<=10;>0;0;<24, 48;721.01;1006.15;0;3/03/2014;11;3564.46;BT;1/01/2012;0;COEF
C07330;01/03/2014;<=10;0;0;<=24;450.03;0;0;5/03/2014;11;906.25;BT;1/01/2013;1;CNE
C07331;01/03/2014;<=10;0;0;>48;190.62;548.86;0;18/03/2014;13;14514.7;BT;1/01/2013;1;COEF
C07333;01/03/2014;<=10;>0;0;>48;1016.67;1528;0;27/03/2014;8;12974.8;BT;1/01/2013;0;COEF
C07334;01/03/2014;<=10;>0;0;>48;1016.67;1528;0;6/03/2014;10;12974.8;BT;1/01/2013;0;CNE
C07335;01/03/2014;<=10;>0;0;>48;1016.67;1528;0;19/03/2014;7;12974.8;BT;1/01/2013;0;CNE
C07336;01/03/2014;<=10;0;0;<24, 48;507.13;507.13;506.44;11/03/2014;17;13608.2;BT;1/01/2013;1;CNE
C07337;01/03/2014;<=10;0;0;<24, 48;507.13;507.13;0;12/03/2014;18;13608.2;BT;1/01/2013;1;CNE
C07338;01/03/2014;<=10;0;0;<24, 48;507.13;507.13;506.44;13/03/2014;12;13608.2;BT;1/01/2013;1;CNE
C07339;01/03/2014;>10;0;0;<24, 48;92.64;66.44;0;6/03/2014;9;1814.95;BT;1/01/2012;1;COEF
C07340;01/03/2014;<=10;0;0;<24, 48;392.98;786.54;0;21/03/2014;10;12275.4;BT;1/01/2014;1;COEF
C07342;01/03/2014;<=10;0;0;>48;461.46;925.37;0;17/03/2014;20;13336.3;BT;1/01/2013;1;CNE
C07343;01/03/2014;<=10;0;0;>48;461.46;925.37;0;24/03/2014;9;13336.3;BT;1/01/2013;1;CNE
C07345;01/03/2014;<=10;0;0;<24, 48;286.82;287.74;0;28/03/2014;10;4275.14;BT;1/01/2012;1;COEF
C07346;01/03/2014;>10;0;0;<24, 48;244.5;244.65;0;19/03/2014;13;2951.19;BT;1/01/2012;1;CNE
C07347;01/03/2014;<=10;>0;0;<=24;486.43;653.52;0;18/03/2014;11;1256.39;BT;1/01/2013;0;COEF
C07348;01/03/2014;<=10;>0;0;<24, 48;2100.29;2100.29;0;12/03/2014;9;20434.2;BT;1/01/2013;0;CNE
C07349;01/03/2014;<=10;0;0;<24, 48;596.57;545.33;0;28/03/2014;16;16707.2;BT;1/01/2013;1;COEF
C07350;01/03/2014;<=10;0;0;<24, 48;596.57;545.33;0;24/03/2014;9;16707.2;BT;1/01/2013;1;CNE
C07351;01/03/2014;>10;>0;1;<24, 48;348.62;697.98;0;21/03/2014;8;1612.64;BT;1/01/2011;1;COEF
C07352;01/03/2014;<=10;>0;0;<24, 48;559.84;843.05;0;12/03/2014;15;5324.57;BT;1/01/2013;0;COEF
C07353;01/03/2014;<=10;>0;0;<24, 48;559.84;843.05;0;20/03/2014;11;5324.57;BT;1/01/2013;0;COEF
C07355;01/03/2014;<=10;>0;0;>48;559.84;843.05;0;6/03/2014;15;5324.57;BT;1/01/2013;0;CNE
C07356;01/03/2014;<=10;0;0;<24, 48;243.04;295.4;0;5/03/2014;9;7940.31;BT;1/01/2013;1;CNE
C07357;01/03/2014;<=10;0;0;>48;429;0;0;6/03/2014;13;9531.37;BT;1/01/2013;1;COEF
C07359;01/03/2014;<=10;0;0;<24, 48;364.6;729.4;0;4/03/2014;13;7657.9;BT;1/01/2012;1;CNE
C07360;01/03/2014;<=10;0;0;<24, 48;364.6;729.4;0;17/03/2014;19;7657.9;BT;1/01/2012;1;CNE
C07361;01/03/2014;<=10;0;0;<24, 48;654.01;655.48;0;26/03/2014;10;13226.2;BT;1/01/2012;1;CNE
C07362;01/03/2014;<=10;0;0;<=24;311.96;311.84;0;10/03/2014;16;2815.86;BT;1/01/2013;1;CNE
C07363;01/03/2014;<=10;0;0;>48;342.9;339.06;343.6;6/03/2014;11;7413.04;BT;1/01/2013;1;CNE
C07364;01/03/2014;<=10;0;0;>48;1575.39;1109.46;0;12/03/2014;11;16365.6;BT;1/01/2013;0;CNE
C07366;01/03/2014;<=10;0;0;>48;172.57;0;0;4/03/2014;10;4363.55;BT;1/01/2013;1;CNE
C07367;01/03/2014;<=10;0;0;>48;172.57;0;0;6/03/2014;12;4363.55;BT;1/01/2013;1;CNE
C07368;01/03/2014;<=10;0;0;<24, 48;276.59;1015.41;0;19/03/2014;15;6152.7;BT;1/01/2013;1;CNE
C07369;01/03/2014;<=10;0;0;<24, 48;80.27;257.23;0;25/03/2014;8;8451.97;BT;1/01/2013;1;COEF
C07370;01/03/2014;<=10;>0;0;<24, 48;2417.06;0;0;6/03/2014;11;21408.2;BT;1/01/2012;0;COEF
C07371;01/03/2014;<=10;>0;0;<24, 48;2417.06;0;0;5/03/2014;12;21408.2;BT;1/01/2012;0;CNE
C07372;01/03/2014;<=10;0;0;>48;1062.31;1063.47;1062.49;25/03/2014;10;26317.1;BT;1/01/2013;1;COEF
C07373;01/03/2014;<=10;0;0;>48;551.67;604.51;0;4/03/2014;12;16533.1;BT;1/01/2012;1;CNE
C07374;01/03/2014;>10;0;0;<24, 48;566.27;0;239.3;11/03/2014;16;3233.78;BT;1/01/2011;0;CNE
C07376;01/03/2014;<=10;>0;0;>48;1272.09;1916.13;0;6/03/2014;11;21068.7;BT;1/01/2013;0;CNE
C07377;01/03/2014;<=10;>0;0;>48;1272.09;1916.13;0;10/03/2014;11;21068.7;BT;1/01/2013;0;CNE
C07378;01/03/2014;>10;0;0;>48;3210.81;3265.37;0;11/03/2014;18;19699.4;BT;1/01/2011;0;COEF
C07379;01/03/2014;>10;0;0;<24, 48;705.57;705.69;706.77;12/03/2014;9;7802.11;BT;1/01/2011;1;CNE
C07380;01/03/2014;>10;0;0;<24, 48;705.57;705.69;706.77;27/03/2014;7;7802.11;BT;1/01/2011;1;CNE
C07383;01/03/2014;<=10;0;0;<24, 48;429.44;194.2;0;17/03/2014;11;10482.2;BT;1/01/2013;0;CNE
C07384;01/03/2014;<=10;>0;0;<=24;1057.64;0;0;11/03/2014;10;1053.19;BT;1/01/2013;0;COEF
C07386;01/03/2014;<=10;0;0;>48;550.97;1225.33;1905.37;4/03/2014;12;17740.2;BT;1/01/2013;1;COEF
C07387;01/03/2014;>10;0;0;>48;1170.31;1570.05;0;17/03/2014;8;5209.42;BT;1/01/2011;0;CNE
C07389;01/03/2014;<=10;>0;1;<24, 48;1252.28;1899.27;0;18/03/2014;11;17586.3;BT;1/01/2013;0;COEF
C07390;01/03/2014;>10;0;0;<24, 48;771.65;1161.08;0;11/03/2014;8;6252.44;BT;1/01/2012;0;CNE
C07391;01/03/2014;<=10;>0;0;>48;1040.8;2037.43;0;14/03/2014;12;24430;BT;1/01/2013;0;CNE
C07392;01/03/2014;<=10;0;0;<24, 48;289.55;279.55;0;7/03/2014;11;5840.66;BT;1/01/2012;1;CNE
C07393;01/03/2014;<=10;0;0;<24, 48;250.76;256.26;0;10/03/2014;7;4456.44;BT;1/01/2013;1;CNE
C07394;01/03/2014;<=10;0;0;>48;1164.79;1164.79;0;12/03/2014;8;13938.5;BT;1/01/2013;0;CNE
C07395;01/03/2014;<=10;0;0;>48;1164.79;1164.79;0;26/03/2014;10;13938.5;BT;1/01/2013;0;CNE
C07396;01/03/2014;<=10;0;0;>48;290.87;623.18;0;11/03/2014;8;8692.53;BT;1/01/2013;1;COEF
C07397;01/03/2014;<=10;0;0;<24, 48;290.87;623.18;0;19/03/2014;12;8692.53;BT;1/01/2013;1;COEF
C07398;01/03/2014;<=10;0;0;<24, 48;290.87;623.18;0;24/03/2014;18;8692.53;BT;1/01/2013;1;COEF
C07399;01/03/2014;<=10;0;0;<=24;36.72;69.58;0;6/03/2014;9;2806.25;BT;1/01/2013;1;CNE
C07400;01/03/2014;<=10;0;0;>48;768.05;1824.03;587.62;17/03/2014;17;21262.7;BT;1/01/2012;1;CNE
C07404;01/03/2014;<=10;0;0;<24, 48;1114.64;1114.64;0;13/03/2014;9;9507.82;BT;1/01/2013;0;CNE
C07405;01/03/2014;<=10;0;0;<24, 48;377.27;0;0;25/03/2014;10;8267.01;BT;1/01/2012;1;CNE
C07407;01/03/2014;<=10;>0;1;<24, 48;478.56;481.34;0;11/03/2014;16;8526.64;BT;1/01/2013;1;COEF
C07408;01/03/2014;<=10;0;0;<24, 48;687.61;687.61;0;5/03/2014;10;679.59;BT;1/01/2011;0;CNE
C07409;01/03/2014;>10;0;0;<24, 48;593.68;602.22;599.28;6/03/2014;8;7249.98;BT;1/01/2012;1;COEF
C07411;01/03/2014;>10;0;0;>48;501.06;493.27;498.54;11/03/2014;8;5607.06;BT;1/01/2011;1;CNE
C07412;01/03/2014;<=10;>0;1;>48;711.4;981.14;0;7/03/2014;16;7059.9;BT;1/01/2013;0;CNE
C07414;01/03/2014;<=10;0;0;<24, 48;350.37;355.75;0;6/03/2014;12;3665.56;BT;1/01/2012;1;CNE
C07415;01/03/2014;>10;0;0;<24, 48;350.37;355.75;0;7/03/2014;12;3665.56;BT;1/01/2012;1;CNE
C07419;01/03/2014;>10;0;0;<24, 48;365.54;0;0;3/03/2014;13;3038.08;BT;1/01/2011;0;CNE
C07421;01/03/2014;<=10;0;0;<24, 48;303.92;498.39;0;18/03/2014;10;2868.98;BT;1/01/2011;0;CNE
C07423;01/03/2014;<=10;0;0;<24, 48;428.66;429.75;0;18/03/2014;13;11555.8;BT;1/01/2013;1;CNE
C07424;01/03/2014;<=10;0;0;>48;239.9;361.69;0;19/03/2014;17;3338.83;BT;1/01/2013;0;CNE
C07425;01/03/2014;<=10;0;0;>48;239.9;361.69;0;25/03/2014;11;3338.83;BT;1/01/2013;1;CNE
C07426;01/03/2014;<=10;0;0;<24, 48;482.71;727.31;0;3/03/2014;14;4954.39;BT;1/01/2013;0;CNE
C07430;01/03/2014;<=10;0;0;>48;697.56;697.63;0;24/03/2014;15;7380.21;BT;1/01/2013;1;COEF
C07431;01/03/2014;<=10;0;0;<24, 48;667.33;0;670.95;4/03/2014;10;17821.5;BT;1/01/2013;1;COEF
C07432;01/03/2014;<=10;0;0;<=24;546.49;825.88;0;10/03/2014;12;3846.09;BT;1/01/2013;0;CNE
C07433;01/03/2014;<=10;0;0;<=24;546.49;825.88;0;20/03/2014;11;3846.09;BT;1/01/2013;0;CNE
C07434;01/03/2014;>10;0;0;<24, 48;945.86;946.49;0;12/03/2014;10;19319.2;BT;1/01/2012;1;CNE
C07435;01/03/2014;>10;0;0;<24, 48;379.42;1283.5;0;20/03/2014;11;6788.37;BT;1/01/2011;1;CNE
C07436;01/03/2014;>10;0;0;<24, 48;379.42;1283.5;0;24/03/2014;8;6788.37;BT;1/01/2011;1;CNE
C07437;01/03/2014;>10;0;0;<24, 48;379.42;1283.5;0;26/03/2014;7;6788.37;BT;1/01/2011;1;CNE
C07438;01/03/2014;<=10;>0;0;>48;2957.77;3959.58;0;24/03/2014;7;26918.7;BT;1/01/2012;0;CNE
C07439;01/03/2014;<=10;0;0;>48;42.22;1027.21;0;4/03/2014;9;28983.8;BT;1/01/2012;1;COEF
C07440;01/03/2014;<=10;0;0;>48;42.22;1027.21;0;18/03/2014;10;28983.8;BT;1/01/2012;1;CNE
C07441;01/03/2014;<=10;0;0;<24, 48;260.53;32.17;287.73;5/03/2014;7;5454.61;BT;1/01/2013;1;COEF
C07442;01/03/2014;>10;>0;0;>48;1528.81;2264.14;0;24/03/2014;12;45696.1;BT;1/01/2012;0;COEF
C07443;01/03/2014;<=10;0;0;<24, 48;554.76;750.88;0;13/03/2014;20;3607.78;BT;1/01/2012;0;CNE
C07444;01/03/2014;<=10;0;0;<=24;757.77;1146.16;1538.32;12/03/2014;12;4411.18;BT;1/01/2013;0;CNE
C07445;01/03/2014;<=10;>0;0;<24, 48;963.52;0;0;3/03/2014;9;5517;BT;1/01/2012;0;CNE
C07446;01/03/2014;<=10;0;0;<24, 48;104.14;386.75;0;13/03/2014;18;1946.26;BT;1/01/2012;1;CNE
C07447;01/03/2014;<=10;0;0;<24, 48;104.14;386.75;0;28/03/2014;12;1946.26;BT;1/01/2012;1;CNE
C07448;01/03/2014;<=10;0;0;<24, 48;1108.02;0;0;5/03/2014;11;1919.17;BT;1/01/2013;0;CNE
C07449;01/03/2014;>10;0;0;<24, 48;172.26;286.41;0;4/03/2014;14;2530.57;BT;1/01/2011;1;COEF
C07450;01/03/2014;<=10;0;0;<24, 48;192.16;0;26.3;6/03/2014;9;13595.3;BT;1/01/2013;1;CNE
C07451;01/03/2014;<=10;0;0;<24, 48;175.21;351.24;528.72;6/03/2014;9;2848.26;BT;1/01/2012;1;CNE
C07452;01/03/2014;<=10;0;0;<24, 48;118.59;118.59;0;26/03/2014;13;5841.09;BT;1/01/2013;1;CNE
C07453;01/03/2014;<=10;0;0;<24, 48;252.27;578.66;0;20/03/2014;17;4708.07;BT;1/01/2012;1;COEF
C07454;01/03/2014;>10;0;0;<24, 48;628.79;840.61;0;4/03/2014;12;1190.85;BT;1/01/2011;0;COEF
C07455;01/03/2014;>10;0;0;<24, 48;628.79;840.61;0;3/03/2014;12;1190.85;BT;1/01/2011;0;CNE
C07456;01/03/2014;>10;0;0;<24, 48;628.79;840.61;0;5/03/2014;15;1190.85;BT;1/01/2011;0;CNE
C07457;01/03/2014;>10;0;0;>48;628.79;840.61;0;24/03/2014;12;1190.85;BT;1/01/2011;0;CNE
C07458;01/03/2014;>10;0;0;>48;466.65;470.07;0;17/03/2014;13;10890.6;BT;1/01/2012;1;CNE
C07460;01/03/2014;<=10;>0;0;>48;936.14;1412.38;0;13/03/2014;19;11272.9;BT;1/01/2013;0;COEF
C07461;01/03/2014;<=10;0;0;>48;552.31;831.6;1114;5/03/2014;9;6666.45;BT;1/01/2012;1;CNE
C07463;01/03/2014;<=10;>0;0;<=24;1673.89;0;0;6/03/2014;19;3677.17;BT;1/01/2012;0;CNE
C07467;01/03/2014;>10;0;0;<24, 48;419.11;716.29;0;4/03/2014;10;9383.5;BT;1/01/2012;1;COEF
C07468;01/03/2014;<=10;>0;0;>48;500.51;870.84;1420.29;6/03/2014;16;15767.8;BT;1/01/2013;0;CNE
C07470;01/03/2014;<=10;0;0;<24, 48;54.9;0;0;6/03/2014;11;4929.16;BT;1/01/2013;1;COEF
C07471;01/03/2014;>10;>0;1;>48;1230.09;1851.57;0;3/03/2014;10;14861.6;BT;1/01/2012;1;COEF
C07472;01/03/2014;<=10;0;0;<24, 48;135.42;134.45;0;7/03/2014;15;3379.87;BT;1/01/2013;1;CNE
C07473;01/03/2014;<=10;0;0;<=24;711.98;444.48;66.52;4/03/2014;9;6426.72;BT;1/01/2013;1;COEF
C07474;01/03/2014;>10;>0;0;<24, 48;1568.83;2097.26;0;20/03/2014;16;5933.26;BT;1/01/2010;0;COEF
C07475;01/03/2014;<=10;0;0;<24, 48;293.73;294.41;0;7/03/2014;10;5076.24;BT;1/01/2013;1;CNE
C07476;01/03/2014;<=10;0;0;<24, 48;1861.31;0;0;19/03/2014;7;38098.6;BT;1/01/2013;0;CNE
C07477;01/03/2014;>10;0;0;<24, 48;30.62;258.87;490.03;31/03/2014;8;3207.02;BT;1/01/2012;1;CNE
C07478;01/03/2014;<=10;0;0;>48;341.73;926.9;0;21/03/2014;10;34703.4;BT;1/01/2013;1;COEF
C07479;01/03/2014;>10;>0;1;<24, 48;320.88;196.86;32.64;24/03/2014;9;3896.14;BT;1/01/2012;1;CNE
C07480;01/03/2014;<=10;>0;0;>48;542.08;0;0;5/03/2014;19;1682.55;BT;1/01/2010;0;COEF
C07481;01/03/2014;<=10;0;0;<24, 48;580.16;656.36;1219.33;24/03/2014;14;15695.7;BT;1/01/2013;1;CNE
C07482;01/03/2014;>10;>0;0;>48;779.16;0;0;3/03/2014;12;4093.36;BT;1/01/2012;0;CNE
C07483;01/03/2014;>10;>0;0;<24, 48;779.16;0;0;4/03/2014;19;4093.36;BT;1/01/2012;0;CNE
C07484;01/03/2014;>10;>0;1;<24, 48;178.57;351.75;0;10/03/2014;11;1164.95;BT;1/01/2011;1;COEF
C07485;01/03/2014;<=10;>0;0;>48;906.73;906.73;0;21/03/2014;11;4309.08;BT;1/01/2013;0;CNE
C07486;01/03/2014;<=10;>0;0;>48;906.73;906.73;0;26/03/2014;10;4309.08;BT;1/01/2013;0;CNE
C07488;01/03/2014;<=10;0;0;<=24;622.67;0;0;11/03/2014;12;622.34;BT;1/01/2013;0;COEF
C07490;01/03/2014;<=10;0;0;>48;351.92;352.07;0;7/03/2014;9;9047.38;BT;1/01/2013;1;CNE
C07491;01/03/2014;<=10;>0;0;<24, 48;516.37;516.37;0;20/03/2014;13;5331.17;BT;1/01/2013;0;COEF
C07492;01/03/2014;<=10;0;0;<=24;211.42;211.82;308.79;6/03/2014;10;2619.52;BT;1/01/2013;1;COEF
C07493;01/03/2014;<=10;0;0;<=24;709.15;952.51;0;3/03/2014;11;3134.56;BT;1/01/2013;0;CNE
C07494;01/03/2014;>10;0;0;<24, 48;431.25;431.25;216.17;17/03/2014;9;2215.92;BT;1/01/2010;1;CNE
C07495;01/03/2014;<=10;0;0;>48;364.5;364.97;0;20/03/2014;14;10175.5;BT;1/01/2013;1;CNE
C07496;01/03/2014;<=10;0;0;<24, 48;1324.64;2653.15;0;10/03/2014;18;33818.7;BT;1/01/2013;1;CNE
C07497;01/03/2014;<=10;0;0;<24, 48;1324.64;2653.15;0;14/03/2014;9;33818.7;BT;1/01/2013;1;CNE
C07498;01/03/2014;<=10;0;0;<24, 48;1324.64;2653.15;0;19/03/2014;13;33818.7;BT;1/01/2013;1;CNE
C07500;01/03/2014;<=10;>0;0;<24, 48;922.47;1233.85;0;6/03/2014;7;6248.33;BT;1/01/2013;0;COEF
C07501;01/03/2014;<=10;0;0;<24, 48;922.47;1233.85;0;3/03/2014;8;6248.33;BT;1/01/2013;0;CNE
C07502;01/03/2014;<=10;0;0;>48;125.01;125.79;126.6;10/03/2014;8;3934.48;BT;1/01/2013;1;CNE
C07503;01/03/2014;<=10;0;0;<24, 48;320.34;0;0;5/03/2014;9;9443.65;BT;1/01/2013;1;CNE
C07504;01/03/2014;<=10;0;0;<24, 48;320.34;0;329.68;6/03/2014;15;9443.65;BT;1/01/2013;1;CNE
C07505;01/03/2014;>10;0;0;>48;438.98;392.69;0;26/03/2014;15;7122.82;BT;1/01/2011;1;COEF
C07507;01/03/2014;<=10;0;0;<=24;249.32;249.32;248.76;19/03/2014;7;4974.33;BT;1/01/2013;1;COEF
C07508;01/03/2014;>10;>0;0;>48;1285.59;1718.35;0;5/03/2014;12;4124.35;BT;1/01/2010;0;COEF
C07509;01/03/2014;>10;>0;0;>48;1285.59;1718.35;0;18/03/2014;16;4124.35;BT;1/01/2010;0;COEF
C07510;01/03/2014;>10;>0;0;>48;1285.59;1718.35;0;20/03/2014;17;4124.35;BT;1/01/2010;0;COEF
C07513;01/03/2014;<=10;0;0;<24, 48;216.23;0;0;10/03/2014;20;2165.25;BT;1/01/2011;0;CNE
C07514;01/03/2014;>10;>0;1;<24, 48;258.03;258.32;258.01;11/03/2014;20;2986.57;BT;1/01/2012;1;COEF
C07515;01/03/2014;<=10;0;0;<24, 48;295.57;592.71;0;19/03/2014;7;6094.3;BT;1/01/2012;1;CNE
C07516;01/03/2014;<=10;0;0;<24, 48;804.68;1064.12;0;14/03/2014;11;20822.9;BT;1/01/2013;1;COEF
C07517;01/03/2014;<=10;>0;1;>48;804.68;1064.12;0;20/03/2014;7;20822.9;BT;1/01/2013;1;COEF
C07518;01/03/2014;<=10;0;0;<24, 48;804.68;1064.12;0;3/03/2014;20;20822.9;BT;1/01/2013;1;CNE
C07519;01/03/2014;<=10;0;0;<24, 48;804.68;1064.12;0;7/03/2014;14;20822.9;BT;1/01/2013;1;CNE
C07520;01/03/2014;<=10;0;0;<24, 48;804.68;1064.12;0;11/03/2014;14;20822.9;BT;1/01/2013;1;CNE
C07522;01/03/2014;<=10;0;0;<24, 48;487.11;976.03;0;13/03/2014;11;7958.24;BT;1/01/2012;1;COEF
C07523;01/03/2014;<=10;>0;0;<=24;1179.36;1179.36;0;14/03/2014;8;3071.06;BT;1/01/2013;0;CNE
C07524;01/03/2014;<=10;>0;0;<24, 48;612.69;612.69;0;26/03/2014;10;5279.07;BT;1/01/2013;0;CNE
C07525;01/03/2014;<=10;>0;0;<24, 48;596.98;899.58;296.13;13/03/2014;11;4407.42;BT;1/01/2012;0;CNE
C07526;01/03/2014;<=10;0;0;<24, 48;317.12;635.04;0;26/03/2014;7;6223.46;BT;1/01/2013;1;CNE
C07527;01/03/2014;<=10;0;0;<24, 48;691.55;0;683.98;6/03/2014;20;17927.6;BT;1/01/2013;1;CNE
C07528;01/03/2014;<=10;>0;0;<24, 48;650.45;1311.65;0;26/03/2014;15;11144.7;BT;1/01/2012;1;CNE
C07529;01/03/2014;<=10;>0;0;<24, 48;1393.67;816.36;0;14/03/2014;19;8210.8;BT;1/01/2012;0;COEF
C07530;01/03/2014;<=10;>0;1;<=24;498.04;0;0;10/03/2014;17;3444.42;BT;1/01/2013;0;COEF
C07531;01/03/2014;<=10;0;0;<24, 48;322.72;320.42;0;13/03/2014;12;5776.92;BT;1/01/2013;1;COEF
C07532;01/03/2014;<=10;0;0;<24, 48;261.82;0;266.61;6/03/2014;15;4675.22;BT;1/01/2013;1;CNE
C07534;01/03/2014;<=10;0;0;<=24;442.86;0;0;6/03/2014;9;2523.73;BT;1/01/2013;0;CNE
C07536;01/03/2014;<=10;0;0;<24, 48;244.62;489.9;736.98;5/03/2014;9;4196.69;BT;1/01/2013;1;CNE
C07539;01/03/2014;<=10;0;0;<=24;148.79;154.16;0;4/03/2014;19;1068.26;BT;1/01/2012;1;CNE
C07540;01/03/2014;<=10;0;0;>48;240.85;287.88;0;5/03/2014;8;7355.09;BT;1/01/2013;1;COEF
C07541;01/03/2014;<=10;0;0;>48;715.1;1433.02;0;20/03/2014;17;21468.3;BT;1/01/2013;1;CNE
C07542;01/03/2014;<=10;0;0;>48;715.1;1433.02;0;24/03/2014;11;21468.3;BT;1/01/2013;1;CNE
C07543;01/03/2014;<=10;0;0;>48;715.1;1433.02;0;26/03/2014;7;21468.3;BT;1/01/2013;1;CNE
C07544;01/03/2014;<=10;0;0;>48;715.1;1433.02;0;26/03/2014;8;21468.3;BT;1/01/2013;1;CNE
C07545;01/03/2014;<=10;0;0;>48;715.1;1433.02;0;26/03/2014;9;21468.3;BT;1/01/2013;1;CNE
C07546;01/03/2014;<=10;0;0;>48;715.1;1433.02;0;26/03/2014;19;21468.3;BT;1/01/2013;1;CNE
C07547;01/03/2014;<=10;0;0;<24, 48;169.94;169.94;0;21/03/2014;8;2709.99;BT;1/01/2012;1;CNE
C07551;01/03/2014;<=10;0;0;>48;1249.77;1145.68;169.4;5/03/2014;20;17256.7;BT;1/01/2013;1;CNE
C07552;01/03/2014;<=10;0;0;<=24;401.12;598.79;0;13/03/2014;17;2560.39;BT;1/01/2013;0;CNE
C07553;01/03/2014;<=10;0;0;<=24;401.12;598.79;0;19/03/2014;16;2560.39;BT;1/01/2013;0;CNE
C07554;01/03/2014;<=10;>0;1;<24, 48;855.67;0;0;17/03/2014;18;4745.23;BT;1/01/2012;0;COEF
C07556;01/03/2014;<=10;0;0;>48;145.75;345.32;0;12/03/2014;12;1456.93;BT;1/01/2013;0;COEF
C07557;01/03/2014;<=10;>0;1;<24, 48;662.38;919.06;0;26/03/2014;16;4871.52;BT;1/01/2013;0;COEF
C07558;01/03/2014;<=10;>0;0;<24, 48;885.2;1215.49;0;7/03/2014;13;5272.63;BT;1/01/2012;0;CNE
C07559;01/03/2014;<=10;0;0;<=24;153.98;22.48;0;10/03/2014;12;4317.26;BT;1/01/2013;1;CNE
C07561;01/03/2014;<=10;>0;1;<24, 48;1031.22;1379.25;0;12/03/2014;12;6426.46;BT;1/01/2013;0;COEF
C07562;01/03/2014;<=10;0;0;<24, 48;213.86;205.65;0;5/03/2014;8;4054.04;BT;1/01/2013;1;CNE
C07563;01/03/2014;<=10;0;0;<24, 48;213.86;205.65;212.34;5/03/2014;11;4054.04;BT;1/01/2013;1;CNE
C07566;01/03/2014;<=10;0;0;<24, 48;1016.09;1527.46;0;6/03/2014;13;14698.5;BT;1/01/2013;0;CNE
C07572;01/03/2014;<=10;0;0;<24, 48;259.43;259.43;0;24/03/2014;9;4368.5;BT;1/01/2013;1;CNE
C07575;01/03/2014;<=10;0;0;<24, 48;572.41;857.74;0;4/03/2014;13;5925.02;BT;1/01/2013;0;CNE
C07579;01/03/2014;<=10;0;0;<24, 48;362.2;632.69;904.25;13/03/2014;20;6521.23;BT;1/01/2013;0;CNE
C07580;01/03/2014;<=10;0;0;<24, 48;91.76;183.88;276.1;10/03/2014;14;1643.27;BT;1/01/2013;0;CNE
C07581;01/03/2014;<=10;0;0;>48;1839.98;3004.66;0;17/03/2014;15;27772.6;BT;1/01/2013;0;CNE
C07582;01/03/2014;<=10;0;0;>48;372;370.41;368.97;6/03/2014;10;7248.72;BT;1/01/2012;1;CNE
C07583;01/03/2014;<=10;>0;0;<=24;681.72;914.09;0;4/03/2014;14;1914.19;BT;1/01/2013;0;CNE
C07585;01/03/2014;<=10;>0;0;<=24;611.08;818.53;0;17/03/2014;11;1045.13;BT;1/01/2012;0;COEF
C07586;01/03/2014;<=10;>0;0;<=24;611.08;818.53;0;27/03/2014;11;1045.13;BT;1/01/2012;0;COEF
C07587;01/03/2014;<=10;>0;1;<=24;611.08;818.53;0;24/03/2014;14;1045.13;BT;1/01/2012;0;CNE
C07588;01/03/2014;<=10;0;0;<24, 48;619.82;618.8;0;5/03/2014;13;3050.94;BT;1/01/2010;1;CNE
C07589;01/03/2014;>10;>0;0;>48;279.05;497.31;0;21/03/2014;11;6412.65;BT;1/01/2012;1;COEF
C07591;01/03/2014;<=10;0;0;<24, 48;237.23;0;25.76;4/03/2014;15;5075.23;BT;1/01/2013;1;COEF
C07592;01/03/2014;<=10;>0;0;<24, 48;1575.46;2132.86;0;7/03/2014;9;13153.1;BT;1/01/2013;0;COEF
C07593;01/03/2014;<=10;>0;1;>48;1575.46;2132.86;0;24/03/2014;13;13153.1;BT;1/01/2013;0;CNE
C07595;01/03/2014;<=10;0;0;<24, 48;135.48;421.55;708.51;26/03/2014;12;5814.51;BT;1/01/2014;1;CNE
C07601;01/03/2014;<=10;0;0;<24, 48;153.39;309.89;467.54;25/03/2014;17;3433.68;BT;1/01/2013;1;CNE
C07602;01/03/2014;<=10;0;0;<24, 48;442.01;880.88;0;27/03/2014;10;11911.3;BT;1/01/2013;1;CNE
C07603;01/03/2014;<=10;0;0;<24, 48;201.43;0;0;5/03/2014;8;6222.2;BT;1/01/2013;1;COEF
C07604;01/03/2014;<=10;0;0;>48;1170.76;1170.76;0;4/03/2014;8;9573.06;BT;1/01/2013;0;CNE
C07605;01/03/2014;<=10;0;0;>48;1170.76;1170.76;0;5/03/2014;8;9573.06;BT;1/01/2013;0;CNE
C07606;01/03/2014;<=10;0;0;<=24;818.37;0;0;12/03/2014;20;2487.57;BT;1/01/2013;0;CNE
C07609;01/03/2014;<=10;0;0;<24, 48;551.55;829.98;1110.23;11/03/2014;12;5107.23;BT;1/01/2013;0;CNE
C07614;01/03/2014;<=10;0;0;<24, 48;1678.13;1678.13;0;17/03/2014;7;14309;BT;1/01/2013;0;CNE
C07615;01/03/2014;<=10;>0;0;<24, 48;678.57;587;803.55;18/03/2014;13;3694.75;BT;1/01/2012;0;CNE
C07619;01/03/2014;<=10;0;0;<24, 48;536.81;904.29;1477.65;25/03/2014;9;9842.39;BT;1/01/2013;1;COEF
C07620;01/03/2014;<=10;0;0;<=24;677.52;1021.44;0;24/03/2014;16;5197.27;BT;1/01/2013;0;CNE
C07621;01/03/2014;<=10;0;0;<=24;109.66;333.69;0;3/03/2014;13;1125.37;BT;1/01/2013;0;CNE
C07622;01/03/2014;<=10;0;0;<=24;109.66;333.69;0;4/03/2014;19;1125.37;BT;1/01/2013;0;CNE
C07624;01/03/2014;<=10;0;0;<24, 48;542.44;542.44;0;18/03/2014;12;742.45;BT;1/01/2011;0;CNE
C07625;01/03/2014;<=10;0;0;<24, 48;542.44;542.44;0;18/03/2014;13;742.45;BT;1/01/2011;0;CNE
C07626;01/03/2014;<=10;0;0;<24, 48;1040.51;1040.51;0;13/03/2014;9;10129.4;BT;1/01/2013;0;CNE
C07627;01/03/2014;<=10;>0;0;>48;343.08;688.48;0;14/03/2014;10;6099.05;BT;1/01/2013;1;CNE
C07634;01/03/2014;<=10;0;0;<24, 48;563.96;0;0;3/03/2014;10;8743.88;BT;1/01/2012;1;CNE
C07635;01/03/2014;<=10;0;0;>48;944.68;1480.57;0;24/03/2014;14;16692.2;BT;1/01/2013;0;CNE
C07636;01/03/2014;>10;0;0;<24, 48;974.68;974.68;0;18/03/2014;11;7823.2;BT;1/01/2012;0;CNE
C07637;01/03/2014;>10;>0;0;>48;1717.4;3659.61;0;17/03/2014;8;42624.2;BT;1/01/2012;1;CNE
C07638;01/03/2014;>10;>0;0;>48;1717.4;3659.61;0;24/03/2014;10;42624.2;BT;1/01/2012;1;CNE
C07639;01/03/2014;<=10;0;0;<24, 48;950.31;953.86;0;27/03/2014;14;38335.9;BT;1/01/2012;1;CNE
C07640;01/03/2014;>10;>0;0;<=24;381.31;643.7;0;6/03/2014;8;630.5;BT;1/01/2012;0;CNE
C07641;01/03/2014;<=10;>0;1;<24, 48;258.69;917.51;0;20/03/2014;15;12630.1;BT;1/01/2011;1;COEF
C07642;01/03/2014;<=10;0;0;<24, 48;661.27;885.44;0;21/03/2014;11;3665.25;BT;1/01/2012;0;CNE
C07643;01/03/2014;>10;0;0;>48;1966.5;3945.83;1967.47;17/03/2014;14;60710.4;BT;1/01/2012;1;COEF
C07644;01/03/2014;>10;0;0;>48;1966.5;3945.83;1967.47;19/03/2014;15;60710.4;BT;1/01/2012;1;COEF
C07645;01/03/2014;>10;>0;0;>48;1966.5;3945.83;1967.47;31/03/2014;19;60710.4;BT;1/01/2012;1;COEF
C07646;01/03/2014;<=10;0;0;<=24;187.77;187.86;0;4/03/2014;15;972.6;BT;1/01/2014;1;CNE
C07647;01/03/2014;<=10;0;0;>48;805.51;0;0;12/03/2014;8;31383.2;BT;1/01/2013;1;COEF
C07648;01/03/2014;<=10;0;0;>48;805.51;0;0;24/03/2014;14;31383.2;BT;1/01/2013;1;COEF
C07650;01/03/2014;>10;0;0;<24, 48;149.62;62.51;0;13/03/2014;17;2720.32;BT;1/01/2013;1;COEF
C07651;01/03/2014;<=10;>0;0;>48;838.32;351.77;0;19/03/2014;13;3530.34;BT;1/01/2010;0;CNE
C07652;01/03/2014;>10;0;0;<24, 48;740.13;1482.99;0;5/03/2014;19;15602.9;BT;1/01/2012;1;COEF
C07653;01/03/2014;>10;0;0;<24, 48;740.13;1482.99;0;25/03/2014;12;15602.9;BT;1/01/2012;1;COEF
C07654;01/03/2014;>10;0;0;<24, 48;740.13;1482.99;0;4/03/2014;10;15602.9;BT;1/01/2012;1;CNE
C07656;01/04/2014;<=10;0;0;<24, 48;856.5;0;0;29/04/2014;12;9768.49;BT;1/01/2013;0;CNE
C07657;01/04/2014;<=10;0;0;<24, 48;291.42;0;0;11/04/2014;15;18348.3;BT;1/01/2013;1;COEF
C07658;01/04/2014;>10;0;0;<24, 48;74.26;0;0;8/04/2014;10;2125.26;BT;1/01/2012;1;CNE
C07659;01/04/2014;<=10;0;0;<24, 48;328.33;0;125.98;3/04/2014;11;4575.15;BT;1/01/2012;1;COEF
C07660;01/04/2014;>10;0;0;<24, 48;518.24;0;518.24;25/04/2014;11;9488.8;BT;1/01/2013;1;CNE
C07661;01/04/2014;>10;0;0;>48;366.12;0;0;7/04/2014;12;4936.14;BT;1/01/2011;1;CNE
C07662;01/04/2014;<=10;0;0;<24, 48;392.75;0;1031.83;24/04/2014;9;7239.64;BT;1/01/2013;1;CNE
C07664;01/04/2014;>10;0;0;>48;290.02;288.28;289.13;14/04/2014;12;5213.51;BT;1/01/2012;1;CNE
C07665;01/04/2014;<=10;0;0;<24, 48;56.76;0;0;16/04/2014;13;4883.79;BT;1/01/2012;1;CNE
C07666;01/04/2014;<=10;0;0;<24, 48;212.62;213.33;213.5;10/04/2014;16;3155.15;BT;1/01/2012;1;CNE
C07667;01/04/2014;<=10;>0;0;<=24;148.78;0;235.97;30/04/2014;9;1240.42;BT;1/01/2013;1;CNE
C07668;01/04/2014;>10;0;0;<=24;160.91;161.15;0.63;24/04/2014;11;765.64;BT;1/01/2012;1;CNE
C07669;01/04/2014;<=10;>0;0;>48;1375.79;0;0;30/04/2014;8;33164.6;BT;1/01/2012;1;CNE
C07670;01/04/2014;>10;0;0;>48;379.15;336.67;336.67;15/04/2014;15;8011.62;BT;1/01/2012;1;COEF
C07671;01/04/2014;<=10;0;0;>48;422.27;426.56;427.94;23/04/2014;19;9239.02;BT;1/01/2013;1;CNE
C07672;01/04/2014;<=10;0;0;>48;57.29;0;0;8/04/2014;13;1544.68;BT;1/01/2012;1;CNE
C07673;01/04/2014;<=10;0;0;<24, 48;322;0;0;3/04/2014;11;6003.25;BT;1/01/2012;1;CNE
C07674;01/04/2014;<=10;>0;0;<24, 48;448.54;448.31;445.5;4/04/2014;16;4647.65;BT;1/01/2012;1;CNE
C07676;01/04/2014;<=10;0;0;>48;889.23;0;0;7/04/2014;10;21701.2;BT;1/01/2012;1;CNE
C07677;01/04/2014;<=10;0;0;>48;374.63;321.4;0;14/04/2014;14;5294.13;BT;1/01/2011;1;CNE
C07679;01/04/2014;<=10;0;0;>48;753.13;756.93;0;10/04/2014;8;23039.3;BT;1/01/2013;1;CNE
C07680;01/04/2014;<=10;0;0;>48;634.95;0;1573.33;25/04/2014;11;14723.5;BT;1/01/2013;1;CNE
C07682;01/04/2014;>10;0;0;>48;587.73;0;0;7/04/2014;10;9703.3;BT;1/01/2011;1;CNE
C07683;01/04/2014;<=10;0;0;>48;37.88;0;0;11/04/2014;9;26918.3;BT;1/01/2014;1;CNE
C07684;01/04/2014;>10;0;0;>48;613.47;614.12;615.21;3/04/2014;9;13865.7;BT;1/01/2012;1;COEF
C07685;01/04/2014;<=10;>0;0;>48;2700.56;0;1338.87;9/04/2014;10;34348.3;BT;1/01/2012;0;CNE
C07687;01/04/2014;<=10;0;0;>48;567.84;0;0;24/04/2014;11;9232.85;BT;1/01/2013;1;CNE
C07688;01/04/2014;>10;0;0;>48;288.73;288.73;289.81;22/04/2014;8;8924.23;BT;1/01/2012;1;CNE
C07690;01/04/2014;<=10;0;0;<24, 48;411.58;0;0;25/04/2014;10;11090.6;BT;1/01/2013;1;CNE
C07691;01/04/2014;>10;0;0;<24, 48;244.6;0;0;8/04/2014;7;2101.38;BT;1/01/2011;1;CNE
C07692;01/04/2014;<=10;0;0;<24, 48;785.5;0;0;3/04/2014;7;5680.52;BT;1/01/2013;0;COEF
C07693;01/04/2014;>10;0;0;<24, 48;28.45;0;0;7/04/2014;11;900.07;BT;1/01/2012;1;COEF
C07694;01/04/2014;<=10;0;0;<24, 48;222.63;239.18;0;7/04/2014;16;3712.75;BT;1/01/2012;1;CNE
C07695;01/04/2014;>10;0;0;<24, 48;776.12;0;0;3/04/2014;8;14635.7;BT;1/01/2011;1;COEF
C07696;01/04/2014;<=10;0;0;>48;474.52;0;0;4/04/2014;8;7174.68;BT;1/01/2011;1;CNE
C07697;01/04/2014;<=10;0;0;<=24;144.71;0;0;23/04/2014;15;7767.09;BT;1/01/2013;1;CNE
C07698;01/04/2014;<=10;0;0;<24, 48;795.75;0;180.74;3/04/2014;17;15275.4;BT;1/01/2013;1;CNE
C07699;01/04/2014;<=10;>0;0;>48;2806.17;0;0;8/04/2014;19;48737.2;BT;1/01/2011;0;COEF
C07700;01/04/2014;<=10;0;0;<24, 48;507.77;512.77;508.69;3/04/2014;17;9036.44;BT;1/01/2013;1;CNE
C07701;01/04/2014;>10;>0;0;>48;36.95;77.83;29.53;14/04/2014;11;3887.19;BT;1/01/2010;1;CNE
C07702;01/04/2014;>10;0;0;<24, 48;153.89;0;0;3/04/2014;14;1646.97;BT;1/01/2012;1;CNE
C07703;01/04/2014;>10;0;0;<24, 48;346.93;0;0;30/04/2014;9;5981.04;BT;1/01/2011;1;CNE
C07704;01/04/2014;<=10;0;0;>48;514.08;0;0;4/04/2014;10;23990.6;BT;1/01/2012;1;COEF
C07705;01/04/2014;>10;>0;0;<24, 48;1072.38;0;0;23/04/2014;16;11102.1;BT;1/01/2011;0;COEF
C07706;01/04/2014;<=10;0;0;>48;162.97;0;0;9/04/2014;15;4768.25;BT;1/01/2010;1;CNE
C07707;01/04/2014;<=10;0;0;<24, 48;250.75;0;0;15/04/2014;8;5321.32;BT;1/01/2013;1;CNE
C07708;01/04/2014;<=10;0;0;>48;557.58;626.88;766.44;4/04/2014;11;16046.2;BT;1/01/2011;1;CNE
C07709;01/04/2014;<=10;0;0;<=24;216.75;0;0;3/04/2014;12;1670.33;BT;1/01/2012;1;CNE
C07710;01/04/2014;<=10;0;0;>48;237.33;0;237.24;2/04/2014;11;5620.83;BT;1/01/2010;1;CNE
C07711;01/04/2014;>10;0;0;>48;1466.26;8.46;0;16/04/2014;7;41932.1;BT;1/01/2012;1;COEF
C07713;01/04/2014;<=10;>0;0;>48;170.91;2671.24;0;28/04/2014;16;58099.7;BT;1/01/2013;1;COEF
C07714;01/04/2014;<=10;0;0;<24, 48;280.38;0;0;9/04/2014;12;8170.86;BT;1/01/2013;1;COEF
C07715;01/04/2014;>10;>0;0;>48;357.28;0;0;21/04/2014;16;4563.17;BT;1/01/2011;1;COEF
C07716;01/04/2014;>10;0;0;<24, 48;237.14;0;0;3/04/2014;13;713.76;BT;1/01/2011;1;CNE
C07717;01/04/2014;<=10;0;0;<=24;220.82;0;0;1/04/2014;16;3803.2;BT;1/01/2013;1;CNE
C07718;01/04/2014;<=10;0;0;<24, 48;184.49;0;0;3/04/2014;13;4895.83;BT;1/01/2013;1;CNE
C07719;01/04/2014;<=10;0;0;<24, 48;503.93;504.65;504.65;21/04/2014;11;12634.6;BT;1/01/2013;1;CNE
C07720;01/04/2014;<=10;>0;0;<24, 48;1095.72;0;0;25/04/2014;12;18078.9;BT;1/01/2011;1;CNE
C07721;01/04/2014;<=10;0;0;<24, 48;261.5;261.66;261.9;15/04/2014;11;4907.07;BT;1/01/2013;1;CNE
C07722;01/04/2014;<=10;0;0;>48;23.37;0;0;24/04/2014;11;2317.05;BT;1/01/2011;1;CNE
C07723;01/04/2014;<=10;0;0;>48;614.79;0;0;9/04/2014;15;17034.1;BT;1/01/2013;1;COEF
C07724;01/04/2014;>10;0;0;<24, 48;243.45;239.02;0;7/04/2014;16;2271.31;BT;1/01/2012;1;CNE
C07725;01/04/2014;<=10;0;0;<24, 48;254.08;0;0;16/04/2014;20;2589.84;BT;1/01/2012;1;CNE
C07726;01/04/2014;<=10;0;0;<24, 48;76.55;0;0;4/04/2014;9;1426.74;BT;1/01/2013;1;COEF
C07727;01/04/2014;<=10;0;0;<24, 48;223.94;223.72;223.97;15/04/2014;8;4666;BT;1/01/2013;1;CNE
C07728;01/04/2014;<=10;0;0;<24, 48;71.03;0;22.89;4/04/2014;9;5407.53;BT;1/01/2013;1;CNE
C07729;01/04/2014;>10;0;0;<24, 48;49.4;22.25;227.45;16/04/2014;13;3339.05;BT;1/01/2012;1;CNE
C07730;01/04/2014;<=10;0;0;<24, 48;232.68;232.92;232.23;25/04/2014;14;2920.36;BT;1/01/2012;1;CNE
C07731;01/04/2014;<=10;0;0;<=24;221.06;221.85;0;11/04/2014;7;1740.97;BT;1/01/2013;1;CNE
C07732;01/04/2014;<=10;0;0;<24, 48;536.9;0;0;22/04/2014;8;13016.2;BT;1/01/2012;1;COEF
C07734;01/04/2014;>10;0;0;<24, 48;135.53;138.22;176.62;3/04/2014;11;6553.9;BT;1/01/2011;1;COEF
C07736;01/04/2014;<=10;0;0;<24, 48;418.7;1258.63;1258.63;11/04/2014;11;3759.52;BT;1/01/2013;1;CNE
C07737;01/04/2014;<=10;0;0;<24, 48;455.7;0;0;10/04/2014;10;13001.2;BT;1/01/2013;1;COEF
C07738;01/04/2014;<=10;0;0;<24, 48;789.81;1056.17;0;10/04/2014;19;4322.08;BT;1/01/2012;0;CNE
C07740;01/04/2014;<=10;0;0;>48;67.2;0;0;8/04/2014;14;48281.5;BT;1/01/2012;1;CNE
C07741;01/04/2014;>10;0;0;<24, 48;312.99;0;0;3/04/2014;11;3176.91;BT;1/01/2012;1;CNE
C07742;01/04/2014;<=10;0;0;>48;65.84;0;0;24/04/2014;10;3716.36;BT;1/01/2012;1;CNE
C07743;01/04/2014;>10;>0;0;<24, 48;478.93;0;1200.2;15/04/2014;10;6915.99;BT;1/01/2011;1;CNE
C07745;01/04/2014;<=10;>0;0;>48;668.27;0;2010.67;29/04/2014;8;24921.4;BT;1/01/2013;1;CNE
C07746;01/04/2014;<=10;0;0;<24, 48;285.29;333.11;363.56;25/04/2014;10;22123.5;BT;1/01/2012;1;CNE
C07747;01/04/2014;>10;0;0;<24, 48;373.98;0;0;2/04/2014;7;8560.59;BT;1/01/2011;1;CNE
C07748;01/04/2014;<=10;0;0;<24, 48;137.21;0;0;3/04/2014;13;67514.9;BT;1/01/2013;1;COEF
C07749;01/04/2014;>10;0;0;<24, 48;117.83;0;0;1/04/2014;9;911.81;BT;1/01/2011;1;CNE
C07750;01/04/2014;<=10;0;0;>48;251.67;0;0;8/04/2014;20;2870.34;BT;1/01/2011;1;CNE
C07751;01/04/2014;<=10;0;0;<24, 48;555.47;0;0;3/04/2014;8;16018.2;BT;1/01/2013;1;CNE
C07752;01/04/2014;<=10;0;0;<24, 48;223.6;223.91;219.26;11/04/2014;9;2789.2;BT;1/01/2012;1;CNE
C07753;01/04/2014;>10;>0;0;>48;598.88;0;2080.82;7/04/2014;11;19221.8;BT;1/01/2012;1;CNE
C07754;01/04/2014;<=10;0;0;>48;555.47;0;0;3/04/2014;8;31399.8;BT;1/01/2013;1;COEF
C07755;01/04/2014;>10;0;0;>48;38.21;0;0;9/04/2014;8;2706.24;BT;1/01/2011;1;COEF
C07756;01/04/2014;>10;0;0;<24, 48;337.68;0;0;4/04/2014;14;2261.21;BT;1/01/2010;1;COEF
C07757;01/04/2014;<=10;0;0;>48;2120.7;0;0;29/04/2014;11;64362.8;BT;1/01/2012;1;CNE
C07758;01/04/2014;<=10;>0;0;>48;571.68;0;1737.64;24/04/2014;12;12537;BT;1/01/2012;1;CNE
C07759;01/04/2014;<=10;0;0;>48;1027.31;1544.65;0;30/04/2014;14;14287.2;BT;1/01/2013;0;CNE
C07760;01/04/2014;<=10;>0;0;<24, 48;1462.79;0;0;14/04/2014;11;14196;BT;1/01/2012;0;CNE
C07762;01/04/2014;>10;0;0;<24, 48;263.97;0;0;15/04/2014;12;1529.95;BT;1/01/2011;1;CNE
C07765;01/04/2014;>10;>0;0;<24, 48;262.32;0;263.9;3/04/2014;14;2517.78;BT;1/01/2011;1;CNE
C07767;01/04/2014;<=10;0;0;>48;385.9;0;0;3/04/2014;16;12754.3;BT;1/01/2013;1;CNE
C07768;01/04/2014;<=10;0;0;<=24;184.06;184.56;185.56;28/04/2014;7;2444.17;BT;1/01/2013;1;CNE
C07769;01/04/2014;<=10;0;0;<=24;45.37;45.52;45.32;29/04/2014;11;2748.67;BT;1/01/2012;1;CNE
C07770;01/04/2014;>10;0;0;<24, 48;2278.58;3552.74;0;30/04/2014;14;22153;BT;1/01/2011;0;COEF
C07771;01/04/2014;<=10;0;0;<24, 48;314.69;34.83;34.83;25/04/2014;7;5116.09;BT;1/01/2013;1;CNE
C07772;01/04/2014;>10;0;0;>48;271.96;253.66;276.83;14/04/2014;13;6159.44;BT;1/01/2012;1;CNE
C07773;01/04/2014;<=10;0;0;>48;389.66;0;0;22/04/2014;7;4849.59;BT;1/01/2011;1;CNE
C07775;01/04/2014;>10;0;0;<24, 48;39.11;0;0;8/04/2014;11;1979.6;BT;1/01/2012;1;CNE
C07776;01/04/2014;<=10;0;0;<24, 48;249.99;0;0;24/04/2014;8;3666.78;BT;1/01/2012;1;CNE
C07778;01/04/2014;<=10;0;0;<24, 48;373.3;0;0;2/04/2014;12;2759.04;BT;1/01/2013;1;CNE
C07781;01/04/2014;<=10;>0;0;<24, 48;343.19;186.96;0;30/04/2014;15;6613.5;BT;1/01/2012;0;CNE
C07784;01/04/2014;<=10;0;0;>48;120.82;0;0;11/04/2014;8;22989.7;BT;1/01/2013;1;CNE
C07785;01/04/2014;<=10;0;0;<24, 48;48.34;0;0;16/04/2014;13;5362.37;BT;1/01/2014;1;CNE
C07786;01/04/2014;<=10;0;0;<24, 48;782.63;0;0;1/04/2014;13;4402.34;BT;1/01/2012;0;CNE
C07787;01/04/2014;>10;0;0;<24, 48;1346.92;0;0;16/04/2014;8;9402.72;BT;1/01/2012;0;CNE
C07789;01/04/2014;<=10;0;0;<24, 48;518.26;0;0;3/04/2014;17;4355.83;BT;1/01/2010;1;COEF
C07790;01/04/2014;<=10;0;0;>48;411.22;0;0;11/04/2014;12;7606.16;BT;1/01/2010;1;CNE
C07791;01/04/2014;<=10;0;0;<24, 48;583.24;0;1757.41;29/04/2014;8;17181.7;BT;1/01/2014;1;CNE
C07792;01/04/2014;<=10;0;0;<=24;347.34;0;0;11/04/2014;9;4771.21;BT;1/01/2013;1;CNE
C07793;01/04/2014;<=10;0;0;<24, 48;281.17;184.57;155.88;3/04/2014;18;12019.1;BT;1/01/2013;1;CNE
C07794;01/04/2014;<=10;0;0;<24, 48;100.96;0;0;15/04/2014;15;1754.2;BT;1/01/2012;1;COEF
C07795;01/04/2014;>10;0;0;<24, 48;65.91;0;0;4/04/2014;8;2139.94;BT;1/01/2011;1;COEF
C07796;01/04/2014;>10;0;0;>48;109.39;0;0;11/04/2014;14;17633;BT;1/01/2011;1;CNE
C07797;01/04/2014;<=10;0;0;<24, 48;445.05;0;0;28/04/2014;13;8535.69;BT;1/01/2013;1;COEF
C07798;01/04/2014;>10;0;0;<24, 48;283.54;0;0;4/04/2014;20;873.34;BT;1/01/2011;1;CNE
C07799;01/04/2014;<=10;0;0;>48;87.97;0;834.58;29/04/2014;15;8486.17;BT;1/01/2013;1;CNE
C07800;01/04/2014;<=10;0;0;>48;385.36;0;0;3/04/2014;11;7434.82;BT;1/01/2012;1;CNE
C07801;01/04/2014;<=10;>0;1;>48;237.35;0;0;10/04/2014;16;3575.92;BT;1/01/2012;1;COEF
C07802;01/04/2014;>10;0;0;<24, 48;793.13;397.79;1193.59;1/04/2014;20;5996.86;BT;1/01/2011;0;CNE
C07803;01/04/2014;<=10;0;0;>48;629.83;381.31;0;3/04/2014;18;18343.4;BT;1/01/2013;1;CNE
C07804;01/04/2014;>10;0;0;<24, 48;1518.67;0;0;3/04/2014;7;60570.9;BT;1/01/2012;1;CNE
C07805;01/04/2014;>10;0;0;>48;592.5;0;0;4/04/2014;11;16153.4;BT;1/01/2012;1;CNE
C07806;01/04/2014;<=10;>0;0;<=24;377.94;568.22;0;29/04/2014;13;2724.37;BT;1/01/2013;0;COEF
C07807;01/04/2014;<=10;0;0;<24, 48;186.62;0;0;21/04/2014;13;4207.54;BT;1/01/2012;1;CNE
C07808;01/04/2014;<=10;0;0;>48;830.17;0;0;7/04/2014;10;20691.6;BT;1/01/2013;1;CNE
C07809;01/04/2014;<=10;0;0;<=24;315.6;0;0;3/04/2014;11;2007.19;BT;1/01/2013;1;CNE
C07810;01/04/2014;>10;>0;0;<24, 48;545.68;0;0;1/04/2014;7;546.09;BT;1/01/2011;0;CNE
C07811;01/04/2014;<=10;0;0;<24, 48;309.88;620.32;932.43;28/04/2014;13;5846.07;BT;1/01/2013;1;CNE
C07813;01/04/2014;<=10;0;0;>48;1988.38;0;0;8/04/2014;7;56674.4;BT;1/01/2012;1;CNE
C07814;01/04/2014;<=10;0;0;<24, 48;821.4;0;0;14/04/2014;12;20553.3;BT;1/01/2012;1;CNE
C07815;01/04/2014;>10;>0;0;>48;3471.39;2329.31;6665.19;22/04/2014;20;53103.7;BT;1/01/2011;0;CNE
C07816;01/04/2014;<=10;0;0;>48;598.85;600.54;579.57;4/04/2014;13;15805.2;BT;1/01/2012;1;CNE
C07818;01/04/2014;>10;0;0;>48;892.61;0;0;29/04/2014;11;3855.46;BT;1/01/2011;0;CNE
C07819;01/04/2014;<=10;0;0;>48;221.48;320.85;0;9/04/2014;8;7162.18;BT;1/01/2012;1;CNE
C07822;01/04/2014;<=10;0;0;<24, 48;46.8;0;0;9/04/2014;14;1192.69;BT;1/01/2012;1;CNE
C07823;01/04/2014;>10;>0;1;<24, 48;849.51;841.7;851.73;15/04/2014;7;4143.98;BT;1/01/2010;1;CNE
C07824;01/04/2014;>10;0;0;<24, 48;260.08;0;0;9/04/2014;18;3070.29;BT;1/01/2012;1;CNE
C07825;01/04/2014;<=10;>0;0;>48;351.34;0;0;15/04/2014;10;6647.86;BT;1/01/2012;1;COEF
C07826;01/04/2014;<=10;>0;0;<24, 48;617.13;541.18;431.08;1/04/2014;9;8083.68;BT;1/01/2011;1;COEF
C07827;01/04/2014;<=10;0;0;>48;519.43;0;0;3/04/2014;18;14689;BT;1/01/2013;1;CNE
C07828;01/04/2014;<=10;0;0;<24, 48;102.22;146.2;149.44;29/04/2014;10;2891.88;BT;1/01/2013;1;CNE
C07829;01/04/2014;>10;0;0;<24, 48;654.94;654.94;0;3/04/2014;11;2213.56;BT;1/01/2011;0;CNE
C07832;01/04/2014;<=10;0;0;<24, 48;2929.74;2929.74;0;9/04/2014;14;63679.8;BT;1/01/2013;1;COEF
C07834;01/04/2014;<=10;0;0;>48;2835.88;0;0;21/04/2014;13;76479.1;BT;1/01/2013;1;CNE
C07836;01/04/2014;<=10;>0;1;<24, 48;1296.19;0;0;23/04/2014;15;7151.52;BT;1/01/2011;0;CNE
C07837;01/04/2014;<=10;0;0;<24, 48;290.38;0;0;3/04/2014;14;6715;BT;1/01/2014;1;COEF
C07838;01/04/2014;<=10;0;0;<24, 48;460.03;0;0;28/04/2014;11;10979.4;BT;1/01/2012;1;CNE
C07839;01/04/2014;<=10;0;0;<24, 48;87.58;0;0;15/04/2014;7;3455.35;BT;1/01/2012;1;COEF
C07840;01/04/2014;>10;0;0;<24, 48;2263.14;1538.3;914.15;7/04/2014;10;31052.5;BT;1/01/2011;1;CNE
C07841;01/04/2014;>10;0;0;<24, 48;108.23;208.31;0.4;9/04/2014;13;3829.23;BT;1/01/2011;1;COEF
C07843;01/04/2014;<=10;0;0;<24, 48;518.49;0;0;15/04/2014;9;12059.6;BT;1/01/2013;1;CNE
C07844;01/04/2014;>10;0;0;>48;101.08;94.6;100.87;15/04/2014;15;1470.24;BT;1/01/2011;1;CNE
C07845;01/04/2014;>10;0;0;>48;37.03;0;0;2/04/2014;11;38763.8;BT;1/01/2010;1;CNE
C07847;01/04/2014;>10;0;0;>48;51.87;0;0;7/04/2014;11;66518.5;BT;1/01/2012;1;CNE
C07849;01/04/2014;>10;0;0;<24, 48;289.13;0;0;3/04/2014;12;5074.93;BT;1/01/2012;1;COEF
C07851;01/04/2014;<=10;0;0;>48;521.68;521.68;1572.85;25/04/2014;12;12407.7;BT;1/01/2013;1;CNE
C07852;01/04/2014;<=10;0;0;<24, 48;1399.44;0;0;9/04/2014;11;32873.3;BT;1/01/2011;1;CNE
C07853;01/04/2014;<=10;0;0;<24, 48;852;0;0;11/04/2014;11;17570.9;BT;1/01/2013;1;CNE
C07854;01/04/2014;>10;0;0;>48;2628.15;0;0;11/04/2014;17;53137.7;BT;1/01/2011;0;CNE
C07857;01/04/2014;<=10;0;0;<=24;132.74;0;0;8/04/2014;9;855.83;BT;1/01/2012;1;COEF
C07859;01/04/2014;<=10;0;0;<24, 48;326.41;0;0;4/04/2014;10;6353.03;BT;1/01/2013;1;COEF
C07860;01/04/2014;<=10;0;0;<24, 48;235.67;235.67;0;11/04/2014;8;7247.33;BT;1/01/2012;1;CNE
C07862;01/04/2014;<=10;0;0;<24, 48;627.82;554.54;672.03;1/04/2014;12;5143.94;BT;1/01/2010;1;CNE
C07863;01/04/2014;<=10;0;0;<24, 48;395.49;0;0;15/04/2014;7;10704.3;BT;1/01/2013;1;COEF
C07864;01/04/2014;<=10;0;0;<=24;266.55;0;0;24/04/2014;9;751.31;BT;1/01/2011;1;CNE
C07865;01/04/2014;<=10;0;0;<24, 48;521.64;0;0;8/04/2014;8;9149.45;BT;1/01/2013;1;COEF
C07866;01/04/2014;<=10;0;0;<24, 48;1047.28;0;3162.73;10/04/2014;8;25878.4;BT;1/01/2012;1;CNE
C07867;01/04/2014;<=10;0;0;<24, 48;731.42;0;0;9/04/2014;7;45909.1;BT;1/01/2013;1;COEF
C07869;01/04/2014;<=10;>0;0;<24, 48;962.83;0;2856.29;30/04/2014;13;18684.4;BT;1/01/2013;1;CNE
C07870;01/04/2014;<=10;0;0;<=24;1057.09;1057.64;0;1/04/2014;11;1041.47;BT;1/01/2013;0;CNE
C07873;01/04/2014;<=10;0;1;>48;109.28;0;0;2/04/2014;12;7178.51;BT;1/01/2014;1;CNE
C07874;01/04/2014;<=10;0;0;>48;1905.84;0;0;29/04/2014;9;41451.1;BT;1/01/2012;1;CNE
C07875;01/04/2014;<=10;0;0;<24, 48;211.95;0;0;3/04/2014;15;4360.38;BT;1/01/2013;1;CNE
C07876;01/04/2014;>10;0;0;<24, 48;562.02;563.5;0;4/04/2014;9;9813.15;BT;1/01/2013;1;CNE
C07878;01/04/2014;<=10;0;0;<24, 48;805.26;805.26;0;24/04/2014;14;13906.3;BT;1/01/2012;1;COEF
C07879;01/04/2014;<=10;0;0;<24, 48;459.77;1032.34;1612.23;15/04/2014;14;9345.42;BT;1/01/2012;1;CNE
C07880;01/04/2014;<=10;0;0;>48;359.82;0;0;4/04/2014;7;5331.67;BT;1/01/2011;1;CNE
C07881;01/04/2014;<=10;0;0;>48;145.22;0;0;14/04/2014;13;13633.8;BT;1/01/2011;1;CNE
C07883;01/04/2014;<=10;0;0;<24, 48;751.95;0;0;1/04/2014;18;4034.71;BT;1/01/2013;0;CNE
C07884;01/04/2014;<=10;0;0;<24, 48;204.43;204.83;204.83;14/04/2014;13;3535.32;BT;1/01/2012;1;CNE
C07885;01/04/2014;>10;>0;0;<24, 48;176.96;172.4;0;30/04/2014;16;6406.6;BT;1/01/2011;1;COEF
C07886;01/04/2014;<=10;>0;0;>48;407.86;822.82;0;4/04/2014;20;9849.86;BT;1/01/2012;0;COEF
C07887;01/04/2014;>10;0;0;>48;197.89;0;0;4/04/2014;8;9519.92;BT;1/01/2012;1;CNE
C07888;01/04/2014;<=10;0;0;<24, 48;545.96;9.71;21.57;3/04/2014;8;13340.3;BT;1/01/2013;1;COEF
C07889;01/04/2014;>10;0;0;<24, 48;161.92;0.16;161.97;25/04/2014;11;3793.89;BT;1/01/2010;1;CNE
C07891;01/04/2014;<=10;0;0;>48;115.18;0;0;21/04/2014;14;17066;BT;1/01/2013;1;CNE
C07892;01/04/2014;<=10;0;0;>48;462.39;0;0;9/04/2014;8;14090.2;BT;1/01/2013;1;CNE
C07893;01/04/2014;<=10;0;0;<24, 48;1150.49;0;0;22/04/2014;8;25245;BT;1/01/2013;1;COEF
C07894;01/04/2014;<=10;0;0;<24, 48;775.23;1.2;0;3/04/2014;9;16123.5;BT;1/01/2013;1;CNE
C07897;01/04/2014;<=10;0;0;<24, 48;239.71;0;0;21/04/2014;9;5150.66;BT;1/01/2013;1;COEF
C07898;01/04/2014;<=10;0;0;>48;41.67;0;0;21/04/2014;10;26287.2;BT;1/01/2013;1;CNE
C07899;01/04/2014;<=10;0;0;<24, 48;306.94;0;41.52;3/04/2014;10;953.05;BT;1/01/2011;1;COEF
C07900;01/04/2014;>10;>0;1;<24, 48;1693.96;0;0;16/04/2014;7;39796.7;BT;1/01/2012;1;COEF
C07902;01/04/2014;>10;0;0;>48;746.34;0;0;15/04/2014;9;19753.2;BT;1/01/2011;1;CNE
C07903;01/04/2014;>10;0;0;>48;156.47;0;0;3/04/2014;15;2072.59;BT;1/01/2010;1;COEF
C07904;01/04/2014;<=10;>0;0;>48;518.45;494.35;129.91;14/04/2014;9;15900;BT;1/01/2013;1;CNE
C07905;01/04/2014;<=10;0;0;<24, 48;225.43;366.49;356.26;16/04/2014;8;12673.4;BT;1/01/2013;1;CNE
C07906;01/04/2014;>10;0;0;<24, 48;219.12;496.97;532.83;2/04/2014;11;12577.4;BT;1/01/2012;1;CNE
C07909;01/04/2014;<=10;>0;1;<24, 48;61.51;0;0;21/04/2014;10;3937.57;BT;1/01/2012;1;COEF
C07911;01/04/2014;<=10;0;0;<24, 48;146.32;0;0;3/04/2014;14;2144.77;BT;1/01/2012;1;COEF
C07912;01/04/2014;<=10;0;0;<=24;1010.85;0;0;21/04/2014;7;978.954;BT;1/01/2014;1;CNE
C07913;01/04/2014;<=10;0;0;>48;430.4;0;0;7/04/2014;13;16730.1;BT;1/01/2013;1;COEF
C07914;01/04/2014;<=10;0;0;<=24;231.15;0;0;11/04/2014;8;2519.78;BT;1/01/2013;1;CNE
C07917;01/04/2014;<=10;0;0;<24, 48;544.89;0;0;10/04/2014;10;13046.3;BT;1/01/2012;1;COEF
C07918;01/04/2014;<=10;0;0;>48;1230.88;871.65;0;8/04/2014;18;45974.4;BT;1/01/2013;1;COEF
C07919;01/04/2014;>10;>0;0;<24, 48;1165.38;1563.53;0;22/04/2014;14;5873.14;BT;1/01/2011;0;CNE
C07920;01/04/2014;<=10;0;0;>48;319.48;315.83;315.84;9/04/2014;18;9802.15;BT;1/01/2013;1;COEF
C07921;01/04/2014;>10;0;0;<24, 48;175.34;178.53;0;29/04/2014;10;1932.12;BT;1/01/2012;0;CNE
C07923;01/04/2014;<=10;>0;0;<24, 48;512.31;0;0;4/04/2014;12;4063.29;BT;1/01/2012;0;COEF
C07925;01/04/2014;<=10;0;0;<24, 48;270.08;523.33;523.33;30/04/2014;8;4802.47;BT;1/01/2013;0;CNE
C07926;01/04/2014;<=10;0;0;>48;580.53;582;0;9/04/2014;15;10343.3;BT;1/01/2011;1;COEF
C07927;01/04/2014;<=10;>0;0;<24, 48;500.62;500.62;1731.63;25/04/2014;7;13196.4;BT;1/01/2012;1;COEF
C07930;01/04/2014;<=10;0;0;>48;479.95;0;0;1/04/2014;9;73896.7;BT;1/01/2013;1;CNE
C07932;01/04/2014;<=10;0;0;<=24;211.97;212.34;212.56;3/04/2014;12;2586.59;BT;1/01/2013;1;CNE
C07934;01/04/2014;<=10;0;0;>48;607.22;606.28;45.87;9/04/2014;15;15852;BT;1/01/2012;1;COEF
C07935;01/04/2014;>10;0;0;<24, 48;38.62;0;0;4/04/2014;8;606.34;BT;1/01/2011;1;CNE
C07936;01/04/2014;>10;0;0;<24, 48;294.23;313.8;314.96;16/04/2014;8;2558.64;BT;1/01/2011;1;CNE
C07937;01/04/2014;>10;>0;0;<24, 48;645.23;971.11;981.43;16/04/2014;15;5845.59;BT;1/01/2013;0;COEF
C07938;01/04/2014;<=10;0;0;<24, 48;1437.36;0;0;9/04/2014;15;38842.7;BT;1/01/2013;1;COEF
C07939;01/04/2014;<=10;0;0;<24, 48;181.78;0;0;21/04/2014;19;13978.5;BT;1/01/2012;1;CNE
C07940;01/04/2014;>10;0;0;<24, 48;517.62;0;0;3/04/2014;8;2030.21;BT;1/01/2011;1;COEF
C07941;01/04/2014;<=10;0;0;>48;162.5;167.59;163.65;14/04/2014;15;4461.2;BT;1/01/2012;1;CNE
C07942;01/04/2014;<=10;0;0;<24, 48;268.24;268.24;0;28/04/2014;7;617.07;BT;1/01/2011;1;CNE
C07943;01/04/2014;>10;0;0;<24, 48;423.48;0;166.35;22/04/2014;20;872.25;BT;1/01/2011;0;CNE
C07944;01/04/2014;<=10;0;0;<24, 48;209.89;0;214.28;3/04/2014;14;3364;BT;1/01/2012;1;CNE
C07947;01/04/2014;>10;0;0;>48;511.73;0;0;8/04/2014;11;2021.01;BT;1/01/2010;1;COEF
C07948;01/04/2014;<=10;0;0;<24, 48;193.34;0;0;10/04/2014;10;3877.99;BT;1/01/2014;1;CNE
C07949;01/04/2014;<=10;0;0;<24, 48;297.14;0;0;14/04/2014;7;5961.8;BT;1/01/2012;1;COEF
C07950;01/04/2014;<=10;0;0;>48;1555.44;0;4672.01;11/04/2014;15;46650.3;BT;1/01/2014;1;CNE
C07951;01/04/2014;<=10;0;0;>48;446.12;0;0;2/04/2014;17;12518.5;BT;1/01/2012;1;COEF
C07952;01/04/2014;>10;0;0;<24, 48;556.67;0;1691.9;7/04/2014;11;11265.6;BT;1/01/2012;1;CNE
C07954;01/04/2014;<=10;>0;0;<24, 48;577.79;179.03;280.66;1/04/2014;12;7793.85;BT;1/01/2012;1;COEF
C07955;01/04/2014;<=10;0;0;<24, 48;1495.38;0;0;8/04/2014;8;36468.6;BT;1/01/2012;1;COEF
C07956;01/04/2014;>10;>0;0;<24, 48;456.06;0;0;28/04/2014;7;8644.43;BT;1/01/2012;1;CNE
C07957;01/04/2014;<=10;>0;1;<24, 48;894.82;0;1346.55;29/04/2014;14;12336.1;BT;1/01/2013;0;CNE
C07958;01/04/2014;>10;0;0;<24, 48;310.21;472.48;0;21/04/2014;18;1520.29;BT;1/01/2011;0;COEF
C07959;01/04/2014;>10;0;0;<24, 48;71.67;0;0;22/04/2014;7;11111.3;BT;1/01/2010;1;CNE
C07960;01/04/2014;<=10;0;0;<24, 48;520.07;0;0;16/04/2014;7;6431.29;BT;1/01/2012;1;CNE
C07962;01/04/2014;>10;0;0;<24, 48;402.57;402.57;402.89;25/04/2014;12;4750.69;BT;1/01/2012;1;CNE
C07963;01/04/2014;<=10;0;0;<24, 48;2309.97;2309.97;6972.5;22/04/2014;7;49177.2;BT;1/01/2012;1;CNE
C07964;01/04/2014;<=10;0;0;>48;362.88;0;0;9/04/2014;18;58523.5;BT;1/01/2013;1;CNE
C07965;01/04/2014;<=10;0;0;<24, 48;520.19;0;529.79;16/04/2014;12;10556.9;BT;1/01/2013;1;CNE
C07967;01/04/2014;<=10;0;0;<24, 48;401.68;0;0;8/04/2014;7;6289.84;BT;1/01/2011;1;CNE
C07968;01/04/2014;<=10;0;0;<24, 48;334.27;669.08;0;14/04/2014;20;5501.71;BT;1/01/2012;0;CNE
C07969;01/04/2014;<=10;>0;0;>48;2223.53;0;0;21/04/2014;7;26328.8;BT;1/01/2013;0;COEF
C07970;01/04/2014;<=10;0;0;<24, 48;557.33;0;1680.84;28/04/2014;9;14867.3;BT;1/01/2012;1;CNE
C07971;01/04/2014;>10;0;0;>48;69.6;0;0;21/04/2014;10;47581.4;BT;1/01/2011;1;COEF
C07972;01/04/2014;<=10;0;0;<24, 48;1126.13;1126.42;1126.88;3/04/2014;7;27915.3;BT;1/01/2013;1;CNE
C07973;01/04/2014;>10;0;0;>48;496.89;0;0;8/04/2014;10;9699.4;BT;1/01/2012;1;CNE
C07974;01/04/2014;<=10;0;0;<24, 48;221.35;221.35;667.2;10/04/2014;11;3994.85;BT;1/01/2012;1;COEF
C07976;01/04/2014;<=10;0;0;>48;99.89;0;0;14/04/2014;7;5888.91;BT;1/01/2013;1;CNE
C07977;01/04/2014;<=10;0;0;<24, 48;176.59;0;0;22/04/2014;7;10572.9;BT;1/01/2014;1;CNE
C07978;01/04/2014;<=10;0;0;<24, 48;115.93;0;297.61;14/04/2014;15;7729.56;BT;1/01/2013;1;COEF
C07980;01/04/2014;<=10;0;0;<=24;412.51;412.51;1222.56;10/04/2014;14;2339.71;BT;1/01/2013;1;CNE
C07982;01/04/2014;<=10;0;0;<=24;2091.06;0;0;22/04/2014;18;15564.3;BT;1/01/2013;0;COEF
C07983;01/04/2014;<=10;>0;0;>48;512.93;0;1547.64;23/04/2014;8;13605.2;BT;1/01/2013;1;CNE
C07984;01/04/2014;<=10;0;0;>48;436.04;0;0;1/04/2014;9;10333.2;BT;1/01/2012;1;CNE
C07985;01/04/2014;<=10;0;0;<=24;425.19;225.19;479.69;23/04/2014;13;1353.23;BT;1/01/2013;0;CNE
C07986;01/04/2014;<=10;>0;0;>48;836.85;937.63;1115.36;25/04/2014;12;14139.2;BT;1/01/2013;0;CNE
C07987;01/04/2014;<=10;0;0;<24, 48;683.3;681.75;898.25;15/04/2014;9;16462.6;BT;1/01/2012;1;COEF
C07989;01/04/2014;<=10;>0;0;>48;625.44;0;0;11/04/2014;12;3280.77;BT;1/01/2013;0;CNE
C07990;01/04/2014;<=10;>0;0;>48;528.33;0;0;10/04/2014;7;7519.16;BT;1/01/2012;1;COEF
C07991;01/04/2014;<=10;0;0;>48;426;0;0;29/04/2014;17;8260.52;BT;1/01/2012;0;CNE
C07992;01/04/2014;>10;0;0;<24, 48;3768.45;3768.45;0;2/04/2014;8;35473.8;BT;1/01/2012;0;CNE
C07993;01/04/2014;>10;0;0;<24, 48;1305.86;0;0;7/04/2014;8;35115.5;BT;1/01/2012;1;COEF
C07994;01/04/2014;<=10;>0;1;>48;2697.94;0;0;1/04/2014;18;17597;BT;1/01/2012;0;COEF
C07995;01/04/2014;>10;0;0;>48;1354.82;0;0;4/04/2014;7;34540.9;BT;1/01/2012;1;CNE
C07996;01/04/2014;>10;0;0;<24, 48;395.04;0;0;4/04/2014;14;7124.62;BT;1/01/2011;1;CNE
C07997;01/04/2014;<=10;0;0;>48;157.34;0;0;3/04/2014;15;13347.8;BT;1/01/2013;1;CNE
C07998;01/04/2014;<=10;0;0;<24, 48;680.35;0;0;22/04/2014;8;19657.6;BT;1/01/2013;1;COEF
C07999;01/04/2014;<=10;0;0;<=24;272.32;0;0;8/04/2014;9;1705.44;BT;1/01/2013;1;COEF
C08000;01/04/2014;<=10;0;0;>48;139.98;0;0;4/04/2014;8;3221.19;BT;1/01/2012;1;COEF
C08002;01/04/2014;>10;0;0;<24, 48;169.98;169.36;0;23/04/2014;12;3507.09;BT;1/01/2012;1;CNE
C08003;01/04/2014;>10;0;0;<24, 48;286.75;26.1;51.91;15/04/2014;16;2758.71;BT;1/01/2011;1;CNE
C08004;01/04/2014;<=10;0;0;>48;107.96;0;0;24/04/2014;18;14530;BT;1/01/2012;1;CNE
C08005;01/04/2014;<=10;0;0;<=24;1018.61;0;0;14/04/2014;19;1011.36;BT;1/01/2014;1;CNE
C08006;01/04/2014;>10;0;0;<24, 48;133.23;0;0;3/04/2014;14;2194.99;BT;1/01/2011;1;COEF
C08007;01/04/2014;<=10;0;0;<24, 48;411.54;463.11;594.71;4/04/2014;8;21509.3;BT;1/01/2014;1;CNE
C08009;01/04/2014;<=10;0;0;<24, 48;364.95;0;0;4/04/2014;14;1416.72;BT;1/01/2011;1;CNE
C08010;01/04/2014;<=10;0;0;<=24;491.19;0;0;29/04/2014;9;2748.74;BT;1/01/2014;1;COEF
C08011;01/04/2014;<=10;0;0;>48;703.31;0;0;3/04/2014;9;65745.5;BT;1/01/2013;1;COEF
C08012;01/04/2014;<=10;0;0;<24, 48;907.74;1216.17;0;10/04/2014;19;4415.53;BT;1/01/2012;0;CNE
C08013;01/04/2014;<=10;0;0;>48;800.55;801.25;802.28;3/04/2014;9;17072.6;BT;1/01/2013;1;CNE
C08015;01/04/2014;<=10;0;0;<24, 48;68.54;0;177.45;3/04/2014;11;8983;BT;1/01/2013;1;CNE
C08017;01/04/2014;<=10;0;0;<=24;381.24;326.82;410.59;14/04/2014;9;7464.77;BT;1/01/2014;1;CNE
C08018;01/04/2014;<=10;0;0;<=24;327.64;14.38;0;25/04/2014;7;5597.8;BT;1/01/2013;1;CNE
C08020;01/04/2014;<=10;0;0;>48;301.59;1147.08;0;9/04/2014;11;19441.4;BT;1/01/2011;1;CNE
C08021;01/04/2014;>10;0;0;<24, 48;539.67;0;0;4/04/2014;13;19519;BT;1/01/2012;1;COEF
C08022;01/04/2014;>10;0;0;<24, 48;461.93;0;0;7/04/2014;13;5887.38;BT;1/01/2011;1;COEF
C08024;01/04/2014;<=10;0;0;<24, 48;393.09;649.75;0;30/04/2014;19;4418.42;BT;1/01/2012;0;CNE
C08025;01/04/2014;>10;0;0;<24, 48;291.33;0;0;3/04/2014;12;2826.59;BT;1/01/2012;1;COEF
C08026;01/04/2014;<=10;0;0;<24, 48;1282.77;1717.44;0;11/04/2014;17;8148.02;BT;1/01/2012;0;CNE
C08027;01/04/2014;>10;>0;0;<24, 48;250.83;0;510;21/04/2014;12;3088.8;BT;1/01/2012;1;CNE
C08028;01/04/2014;<=10;>0;0;<24, 48;1056.79;1416.14;0;29/04/2014;18;6797.4;BT;1/01/2013;0;CNE
C08029;01/04/2014;<=10;0;0;>48;521.25;0;0;4/04/2014;7;28756.4;BT;1/01/2013;1;CNE
C08030;01/04/2014;<=10;0;0;<24, 48;51.02;0;0;15/04/2014;8;7287.68;BT;1/01/2013;1;COEF
C08031;01/04/2014;<=10;0;0;>48;273.86;0;0;3/04/2014;13;13923.3;BT;1/01/2012;1;CNE
C08032;01/04/2014;<=10;0;0;<24, 48;1762.02;1110.59;6.5;2/04/2014;8;31834.2;BT;1/01/2013;1;CNE
C08033;01/04/2014;>10;0;0;>48;618.04;1232.85;0;23/04/2014;9;4640.98;BT;1/01/2010;1;CNE
C08034;01/04/2014;>10;0;0;>48;439.61;0;0;3/04/2014;11;5931.28;BT;1/01/2011;1;COEF
C08036;01/04/2014;<=10;0;0;<24, 48;171.57;0;397.74;4/04/2014;8;7162.59;BT;1/01/2013;1;COEF
C08037;01/04/2014;<=10;>0;0;<24, 48;331.81;598.94;0;29/04/2014;10;4669;BT;1/01/2013;0;CNE
C08038;01/04/2014;>10;0;0;>48;897.7;978.65;1057.94;29/04/2014;11;5736.16;BT;1/01/2012;0;CNE
C08040;01/04/2014;>10;0;0;<24, 48;277.18;0;0;9/04/2014;8;1101.43;BT;1/01/2010;1;CNE
C08041;01/04/2014;>10;0;0;<24, 48;593.78;613.46;596.71;8/04/2014;11;4136.02;BT;1/01/2010;1;CNE
C08043;01/04/2014;>10;0;0;<24, 48;824.42;0;0;11/04/2014;12;6411.24;BT;1/01/2010;1;COEF
C08044;01/04/2014;>10;0;0;<24, 48;219.11;0;0;3/04/2014;16;836.8;BT;1/01/2011;1;CNE
C08045;01/04/2014;<=10;>0;0;<24, 48;821.74;0;2486.69;23/04/2014;15;20074.2;BT;1/01/2013;1;COEF
C08046;01/04/2014;<=10;0;0;<24, 48;528.75;625.42;959.84;4/04/2014;7;18783.7;BT;1/01/2013;1;CNE
C08047;01/04/2014;<=10;>0;0;<24, 48;1252.05;0;0;3/04/2014;20;17960.1;BT;1/01/2013;0;CNE
C08048;01/04/2014;<=10;>0;0;<=24;740.18;855.76;0;29/04/2014;11;4986.34;BT;1/01/2013;0;CNE
C08049;01/04/2014;<=10;>0;0;>48;650.98;0;1984.77;28/04/2014;16;23509.2;BT;1/01/2013;1;CNE
C08050;01/04/2014;>10;>0;0;>48;1185.9;1185.85;2.9;28/04/2014;8;10926.9;BT;1/01/2011;1;COEF
C08051;01/04/2014;>10;0;0;<24, 48;151.71;148.65;167.86;3/04/2014;14;2994.96;BT;1/01/2011;1;CNE
C08052;01/04/2014;>10;0;0;<24, 48;1383.72;1862.89;0;14/04/2014;10;6601.82;BT;1/01/2012;0;CNE
C08053;01/04/2014;<=10;0;0;<=24;523.02;0;0;9/04/2014;16;668.92;BT;1/01/2014;1;COEF
C08054;01/04/2014;<=10;0;0;<24, 48;161.17;0;0;8/04/2014;8;6467.96;BT;1/01/2013;1;CNE
C08055;01/04/2014;>10;0;0;<24, 48;205.96;0;0;3/04/2014;11;2166.42;BT;1/01/2012;1;COEF
C08056;01/04/2014;<=10;>0;0;<=24;846.22;0;0;4/04/2014;15;4326.94;BT;1/01/2013;0;CNE
C08059;01/04/2014;<=10;0;0;<24, 48;975.82;0;0;29/04/2014;15;6600.47;BT;1/01/2013;0;CNE
C08060;01/04/2014;<=10;0;0;<=24;310.8;313.12;0;9/04/2014;8;4797.71;BT;1/01/2013;1;COEF
C08061;01/04/2014;>10;0;0;<24, 48;328.98;0;0;25/04/2014;11;4612.06;BT;1/01/2011;1;CNE
C08062;01/04/2014;<=10;0;0;<=24;626.31;629.99;0;11/04/2014;8;616.94;BT;1/01/2014;0;COEF
C08063;01/04/2014;<=10;>0;0;<24, 48;748.73;748.73;0;1/04/2014;13;11406.5;BT;1/01/2013;1;CNE
C08064;01/04/2014;<=10;0;0;<24, 48;1519.54;0;0;10/04/2014;8;25257.5;BT;1/01/2012;1;CNE
C08065;01/04/2014;<=10;>0;1;>48;864.31;864.29;864.29;16/04/2014;16;15700;BT;1/01/2013;1;COEF
C08066;01/04/2014;<=10;0;0;<24, 48;118.32;0;0;10/04/2014;16;2377.42;BT;1/01/2013;1;COEF
C08068;01/04/2014;<=10;0;0;<24, 48;1229.04;1645.69;0;21/04/2014;14;12271.3;BT;1/01/2013;0;CNE
C08069;01/04/2014;>10;>0;0;>48;71.78;44.88;166.91;8/04/2014;11;5124.41;BT;1/01/2011;0;COEF
C08070;01/04/2014;<=10;0;0;<24, 48;21.86;0;0;22/04/2014;7;2605.05;BT;1/01/2011;1;CNE
C08071;01/04/2014;>10;0;0;<24, 48;358.9;357.03;360.01;10/04/2014;10;2706.77;BT;1/01/2010;1;CNE
C08072;01/04/2014;<=10;0;0;>48;385.27;0;0;3/04/2014;11;8860.97;BT;1/01/2013;1;COEF
C08073;01/04/2014;<=10;>0;1;>48;672.42;0;0;28/04/2014;8;62288.9;BT;1/01/2013;1;COEF
C08074;01/04/2014;>10;0;0;>48;356.44;297.11;354.93;7/04/2014;15;6153.38;BT;1/01/2011;1;CNE
C08075;01/04/2014;<=10;0;0;<24, 48;638.64;0;2186.09;1/04/2014;8;7783.12;BT;1/01/2012;1;CNE
C08077;01/04/2014;>10;>0;0;>48;880.35;0;0;30/04/2014;14;53855;BT;1/01/2012;1;CNE
C08078;01/04/2014;<=10;>0;0;<24, 48;264.72;264.09;797.32;23/04/2014;11;5740.15;BT;1/01/2012;1;CNE
C08080;01/04/2014;>10;0;0;>48;2329.1;0;0;22/04/2014;10;2288.13;BT;1/01/2010;1;COEF
C08081;01/04/2014;<=10;0;0;>48;34.7;0;0;9/04/2014;12;3786.52;BT;1/01/2010;1;CNE
C08082;01/04/2014;>10;>0;1;>48;1819.68;2534.23;0;25/04/2014;7;15302.2;BT;1/01/2012;0;COEF
C08083;01/04/2014;<=10;0;1;>48;3251.2;5507.34;0;4/04/2014;11;63853.1;BT;1/01/2012;0;COEF
C08084;01/04/2014;>10;0;0;<24, 48;589.19;0;0;4/04/2014;9;3470.65;BT;1/01/2011;1;COEF
C08087;01/04/2014;<=10;0;0;>48;1308.97;1308.61;1306.15;30/04/2014;7;35353;BT;1/01/2011;1;CNE
C08088;01/04/2014;<=10;>0;0;<24, 48;766;0;0;28/04/2014;16;738.85;BT;1/01/2011;0;CNE
C08090;01/04/2014;<=10;0;0;>48;1302.27;0;0;28/04/2014;18;2999.69;BT;1/01/2011;0;CNE
C08091;01/04/2014;>10;0;0;<24, 48;2412.82;0;0;11/04/2014;10;51566.3;BT;1/01/2012;1;CNE
C08092;01/04/2014;<=10;0;0;<24, 48;1448.71;0;0;3/04/2014;7;50795.6;BT;1/01/2013;1;COEF
C08093;01/04/2014;>10;0;0;<24, 48;132.47;132.43;132.65;14/04/2014;20;789.01;BT;1/01/2011;1;CNE
C08094;01/04/2014;>10;0;0;>48;286.79;287.13;287.29;3/04/2014;15;5282.84;BT;1/01/2012;1;COEF
C08095;01/04/2014;>10;0;0;<24, 48;172.81;174.15;0;3/04/2014;13;2381.4;BT;1/01/2012;1;CNE
C08097;01/04/2014;>10;>0;0;<24, 48;3541.02;2564.44;0;14/04/2014;9;3464.46;BT;1/01/2011;0;CNE
C08099;01/04/2014;>10;0;0;<24, 48;312.91;0;1308.28;4/04/2014;10;26516.4;BT;1/01/2013;1;CNE
C08102;01/04/2014;<=10;0;0;>48;301.06;359.9;0;4/04/2014;15;10480.9;BT;1/01/2013;1;CNE
C08103;01/04/2014;<=10;0;0;<24, 48;1054.61;0;0;25/04/2014;7;4825.8;BT;1/01/2011;0;CNE
C08105;01/04/2014;<=10;>0;0;<24, 48;1689.28;2115.69;0;23/04/2014;19;9699.1;BT;1/01/2011;0;CNE
C08106;01/04/2014;<=10;0;0;>48;1448.28;905.08;2454.17;24/04/2014;13;4277.17;BT;1/01/2013;1;CNE
C08107;01/04/2014;>10;0;0;<24, 48;1962.63;0;0;3/04/2014;18;30734.5;BT;1/01/2012;1;COEF
C08108;01/04/2014;>10;0;0;<24, 48;117.21;0;0;14/04/2014;20;2579.18;BT;1/01/2011;1;CNE
C08110;01/04/2014;<=10;0;0;<24, 48;731.24;0;723.72;30/04/2014;14;10977;BT;1/01/2011;1;CNE
C08111;01/04/2014;>10;0;0;<24, 48;663.78;663.32;663.32;29/04/2014;7;8713.67;BT;1/01/2012;1;COEF
C08113;01/04/2014;<=10;>0;0;<=24;602.63;0;1853.08;30/04/2014;11;3477.61;BT;1/01/2013;1;CNE
C08115;01/04/2014;<=10;>0;0;<=24;293.49;588.07;283.62;30/04/2014;10;4228.58;BT;1/01/2013;0;CNE
C08116;01/04/2014;<=10;0;0;<24, 48;73.61;0;0;4/04/2014;11;13040.5;BT;1/01/2012;1;COEF
C08118;01/04/2014;<=10;0;0;<=24;373.93;368.13;297.91;4/04/2014;10;4550.56;BT;1/01/2013;1;CNE
C08119;01/04/2014;<=10;0;0;<24, 48;231.85;0;699.9;10/04/2014;10;5441.08;BT;1/01/2013;1;CNE
C08120;01/04/2014;<=10;0;0;<24, 48;117.79;0;0;22/04/2014;7;2857.89;BT;1/01/2013;1;CNE
C08123;01/04/2014;<=10;>0;0;<=24;359.3;361.06;0;30/04/2014;11;4996.76;BT;1/01/2014;0;CNE
C08124;01/04/2014;<=10;0;0;<=24;454.12;0;0;15/04/2014;10;1361.36;BT;1/01/2013;1;CNE
C08125;01/04/2014;<=10;>0;1;<24, 48;536.07;0;0;10/04/2014;11;13280.9;BT;1/01/2012;1;CNE
C08126;01/04/2014;>10;0;0;>48;235.15;0;0;3/04/2014;12;1108.8;BT;1/01/2010;1;COEF
C08127;01/04/2014;<=10;>0;0;>48;588.79;0;0;30/04/2014;15;8350.62;BT;1/01/2013;0;CNE
C08128;01/04/2014;<=10;0;0;<24, 48;785.33;785.33;0;25/04/2014;10;25401.6;BT;1/01/2013;1;CNE
C08129;01/04/2014;<=10;0;0;>48;1541.65;0;0;22/04/2014;8;64993.9;BT;1/01/2012;1;CNE
C08130;01/04/2014;<=10;>0;0;<24, 48;833.86;0;0;23/04/2014;19;8742.19;BT;1/01/2013;0;CNE
C08131;01/04/2014;<=10;>0;0;<24, 48;1333.07;1810.36;0;23/04/2014;19;9099.1;BT;1/01/2012;0;CNE
C08132;01/04/2014;<=10;0;0;>48;269.79;264.58;0;24/04/2014;8;7020.9;BT;1/01/2013;1;COEF
C08133;01/04/2014;>10;0;0;>48;68.12;0;0;15/04/2014;8;843.17;BT;1/01/2010;1;CNE
C08134;01/04/2014;>10;0;0;<24, 48;335.75;0;0;24/04/2014;7;8037.06;BT;1/01/2011;1;CNE
C08136;01/04/2014;>10;0;0;<24, 48;200.16;0;0;3/04/2014;12;2766.33;BT;1/01/2012;1;CNE
C08137;01/04/2014;<=10;0;0;<24, 48;226.15;0;0;3/04/2014;14;2816.81;BT;1/01/2012;1;COEF
C08138;01/04/2014;<=10;>0;0;<24, 48;548.65;0;0;23/04/2014;20;1126.97;BT;1/01/2011;0;CNE
C08139;01/04/2014;>10;>0;0;>48;272.25;0;0;14/04/2014;11;1527.47;BT;1/01/2011;1;COEF
C08141;01/04/2014;<=10;0;0;<24, 48;130.67;0;0;8/04/2014;9;29809.3;BT;1/01/2012;1;COEF
C08143;01/04/2014;<=10;0;0;>48;1350.1;0;383.17;10/04/2014;9;20200.3;BT;1/01/2011;1;COEF
C08144;01/04/2014;<=10;>0;0;<24, 48;92.31;0;0;14/04/2014;11;4197.71;BT;1/01/2013;1;CNE
C08145;01/04/2014;<=10;0;0;>48;507.47;357.66;0;3/04/2014;9;15172.8;BT;1/01/2013;1;COEF
C08146;01/04/2014;<=10;0;0;<24, 48;751.49;0;0;8/04/2014;7;21726.2;BT;1/01/2013;1;COEF
C08147;01/04/2014;>10;>0;1;>48;1803.21;1805.14;61.99;11/04/2014;11;52714;BT;1/01/2012;1;COEF
C08148;01/04/2014;<=10;0;0;>48;95.37;0;0;3/04/2014;9;16552;BT;1/01/2012;1;COEF
C08149;01/04/2014;>10;0;0;>48;518.9;0;0;4/04/2014;8;29837.1;BT;1/01/2011;1;COEF
C08150;01/04/2014;<=10;0;0;>48;270.26;279.11;284.58;10/04/2014;13;9685.51;BT;1/01/2012;1;COEF
C08151;01/04/2014;>10;0;0;>48;221.07;190.85;232.77;1/04/2014;16;3075.31;BT;1/01/2012;1;CNE
C08152;01/04/2014;<=10;0;0;<24, 48;616.34;0;0;10/04/2014;8;8684.27;BT;1/01/2013;1;CNE
C08153;01/04/2014;<=10;0;0;<24, 48;131.54;0;0;9/04/2014;14;1432.12;BT;1/01/2012;1;CNE
C08155;01/04/2014;>10;0;0;<24, 48;260.93;262.76;0;4/04/2014;14;5246.7;BT;1/01/2012;1;CNE
C08157;01/04/2014;>10;0;0;>48;750.81;0;0;10/04/2014;17;8957.26;BT;1/01/2011;1;COEF
C08158;01/04/2014;>10;0;0;<24, 48;539.58;0;0;15/04/2014;8;33176;BT;1/01/2012;1;CNE
C08159;01/04/2014;>10;>0;0;<=24;164.05;0;0;21/04/2014;11;1434.94;BT;1/01/2012;1;CNE
C08160;01/04/2014;>10;0;0;<24, 48;113.7;0;0;11/04/2014;9;1436.2;BT;1/01/2012;1;CNE
C08161;01/04/2014;>10;0;0;<24, 48;354.45;344.24;363.44;4/04/2014;8;6715.48;BT;1/01/2011;1;COEF
C08163;01/04/2014;>10;>0;1;>48;642.77;136.57;0;10/04/2014;13;14331.7;BT;1/01/2012;1;CNE
C08164;01/04/2014;>10;0;0;>48;66.67;429.4;0;29/04/2014;10;9821.2;BT;1/01/2012;0;CNE
C08166;01/04/2014;<=10;0;0;<=24;860.58;0;0;9/04/2014;7;4991.72;BT;1/01/2013;1;CNE
C08167;01/04/2014;<=10;0;0;<=24;544.21;0;0;8/04/2014;7;9269.5;BT;1/01/2013;1;CNE
C08169;01/04/2014;>10;>0;0;>48;1101.2;1093.17;0;14/04/2014;9;14857.3;BT;1/01/2011;1;CNE
C08170;01/04/2014;>10;0;0;<24, 48;668.22;0;0;8/04/2014;14;14741.7;BT;1/01/2012;1;CNE
C08172;01/04/2014;>10;0;0;<24, 48;845.68;0;0;10/04/2014;16;5161.7;BT;1/01/2012;0;CNE
C08173;01/04/2014;>10;0;0;>48;141.74;146.05;108.3;10/04/2014;13;9416.41;BT;1/01/2012;1;CNE
C08174;01/04/2014;<=10;0;0;<24, 48;149.91;0;0;11/04/2014;20;5271.81;BT;1/01/2012;1;CNE
C08176;01/04/2014;<=10;0;0;<24, 48;150.14;0;0;8/04/2014;7;1239.09;BT;1/01/2013;1;COEF
C08177;01/04/2014;<=10;0;0;>48;2066.93;0;0;4/04/2014;10;67721.3;BT;1/01/2013;1;COEF
C08178;01/04/2014;<=10;0;0;<24, 48;162.74;169.56;0;4/04/2014;8;3727.37;BT;1/01/2012;1;CNE
C08180;01/04/2014;<=10;0;0;>48;308.43;0;0;4/04/2014;18;42360.7;BT;1/01/2012;1;CNE
C08181;01/04/2014;<=10;0;0;>48;470.35;470.35;0;7/04/2014;16;11825.4;BT;1/01/2013;1;CNE
C08182;01/04/2014;<=10;0;0;<24, 48;536.31;504.46;356.71;24/04/2014;16;9772.22;BT;1/01/2012;1;CNE
C08184;01/04/2014;<=10;0;0;<24, 48;808.62;811.56;1624.08;8/04/2014;10;17221.8;BT;1/01/2013;1;CNE
C08185;01/04/2014;>10;0;0;>48;608.08;0;0;29/04/2014;20;5907.52;BT;1/01/2012;0;CNE
C08186;01/04/2014;<=10;0;0;<24, 48;305.54;0;0;4/04/2014;15;8717.64;BT;1/01/2013;1;CNE
C08187;01/04/2014;<=10;0;0;<24, 48;530.69;0;0;3/04/2014;8;18299.5;BT;1/01/2013;1;COEF
C08188;01/04/2014;<=10;0;0;<24, 48;339.23;0;0;4/04/2014;14;9818.73;BT;1/01/2014;1;COEF
C08189;01/04/2014;<=10;0;0;<24, 48;367.7;368.2;368.2;29/04/2014;9;7876.46;BT;1/01/2013;1;CNE
C08190;01/04/2014;<=10;0;0;<24, 48;122.55;122.61;122.68;4/04/2014;9;1108.15;BT;1/01/2012;1;CNE
C08192;01/04/2014;>10;0;0;<=24;32.52;0;0;4/04/2014;9;1029.46;BT;1/01/2012;1;CNE
C08193;01/04/2014;<=10;>0;0;>48;906.38;904.24;905.02;30/04/2014;16;14173.7;BT;1/01/2011;0;CNE
C08194;01/04/2014;<=10;0;0;>48;614.53;616.86;0;16/04/2014;11;13409.5;BT;1/01/2012;1;CNE
C08195;01/04/2014;>10;>0;0;<24, 48;119.28;241.63;0;25/04/2014;13;611.01;BT;1/01/2012;1;COEF
C08196;01/04/2014;<=10;0;0;<24, 48;1465.22;1461.99;1465.89;9/04/2014;11;27621.9;BT;1/01/2013;1;CNE
C08197;01/04/2014;<=10;>0;0;<24, 48;735.3;1430.83;0;14/04/2014;12;15704.7;BT;1/01/2012;0;CNE
C08198;01/04/2014;>10;0;0;<24, 48;164.39;0;0;8/04/2014;14;12374;BT;1/01/2012;1;COEF
C08199;01/04/2014;<=10;>0;0;<24, 48;217.81;0;0;21/04/2014;10;8783.97;BT;1/01/2013;1;COEF
C08200;01/04/2014;<=10;0;0;>48;95.69;0;0;7/04/2014;12;50075.3;BT;1/01/2012;1;COEF
C08202;01/04/2014;<=10;>0;0;>48;1627.98;0;0;1/04/2014;10;18810.3;BT;1/01/2012;0;CNE
C08203;01/04/2014;<=10;0;0;<=24;250.88;501.74;755.43;23/04/2014;19;2333.01;BT;1/01/2013;1;CNE
C08204;01/04/2014;<=10;0;0;<24, 48;227.86;0;0;14/04/2014;7;6740.63;BT;1/01/2013;1;CNE
C08205;01/04/2014;<=10;0;0;<24, 48;72.35;241.99;257.13;24/04/2014;9;2146.95;BT;1/01/2011;1;CNE
C08206;01/04/2014;<=10;0;0;<=24;272.61;0;273.63;10/04/2014;14;4687.95;BT;1/01/2013;1;CNE
C08207;01/04/2014;>10;0;0;>48;943.32;0;0;14/04/2014;10;15291.3;BT;1/01/2011;1;CNE
C08208;01/04/2014;<=10;0;0;<24, 48;530.04;0;0;4/04/2014;9;20168.7;BT;1/01/2013;1;COEF
C08209;01/04/2014;>10;0;0;<24, 48;718.65;0;0;15/04/2014;7;10193.5;BT;1/01/2011;1;COEF
C08210;01/04/2014;>10;0;0;<24, 48;188.76;188.68;189.05;1/04/2014;7;2153.77;BT;1/01/2011;0;COEF
C08211;01/04/2014;<=10;0;0;<24, 48;699.18;0;0;11/04/2014;20;9043;BT;1/01/2013;0;COEF
C08212;01/04/2014;>10;0;0;<24, 48;256.11;257.2;256.69;14/04/2014;13;1662.27;BT;1/01/2011;1;CNE
C08213;01/04/2014;<=10;0;0;<24, 48;630.87;0;0;9/04/2014;14;10005.3;BT;1/01/2012;1;CNE
C08216;01/04/2014;>10;>0;0;>48;1391.95;0;0;1/04/2014;20;14184.2;BT;1/01/2012;0;COEF
C08217;01/04/2014;>10;0;0;>48;367.45;342.26;282.49;4/04/2014;13;14373.9;BT;1/01/2012;1;COEF
C08218;01/04/2014;<=10;0;0;<24, 48;256.02;0;0;4/04/2014;14;2042.51;BT;1/01/2011;1;CNE
C08219;01/04/2014;<=10;>0;0;>48;528.63;0;1586.98;22/04/2014;8;14995;BT;1/01/2013;1;CNE
C08220;01/04/2014;<=10;0;0;<24, 48;325.75;0;982.04;16/04/2014;8;6847.18;BT;1/01/2014;1;CNE
C08221;01/04/2014;>10;>0;0;<=24;716.84;0;0;11/04/2014;19;2372.45;BT;1/01/2012;0;CNE
C08224;01/04/2014;<=10;0;0;>48;3930.82;0;0;29/04/2014;11;70712;BT;1/01/2013;0;CNE
C08225;01/04/2014;<=10;>0;0;<24, 48;34.39;0;0;28/04/2014;11;5024.48;BT;1/01/2013;1;CNE
C08226;01/04/2014;>10;0;0;>48;544.04;0;0;7/04/2014;10;13577.1;BT;1/01/2012;1;CNE
C08228;01/04/2014;>10;0;0;<24, 48;512.17;0;0;3/04/2014;8;6231.12;BT;1/01/2012;1;COEF
C08229;01/04/2014;>10;0;0;<24, 48;881.2;881.2;0;16/04/2014;11;5896.82;BT;1/01/2012;0;CNE
C08230;01/04/2014;>10;>0;0;>48;1421.73;0;4275.89;11/04/2014;7;24185.9;BT;1/01/2010;1;COEF
C08231;01/04/2014;<=10;>0;0;<24, 48;244.25;0;1138.99;29/04/2014;18;9175.21;BT;1/01/2013;1;CNE
C08232;01/04/2014;>10;0;0;<24, 48;382.21;0;575.56;8/04/2014;20;5426.98;BT;1/01/2010;0;CNE
C08233;01/04/2014;<=10;0;0;<24, 48;319.82;0;0;1/04/2014;12;8499.03;BT;1/01/2012;1;CNE
C08235;01/04/2014;<=10;0;0;<24, 48;118.75;154.7;0;3/04/2014;13;4658.99;BT;1/01/2013;1;CNE
C08236;01/04/2014;<=10;0;0;<24, 48;163.53;0;0;11/04/2014;11;3583.32;BT;1/01/2012;1;CNE
C08237;01/04/2014;<=10;0;0;<24, 48;439.09;663.63;0;1/04/2014;15;2564.28;BT;1/01/2012;0;CNE
C08238;01/04/2014;<=10;0;0;<24, 48;194.76;0;0;1/04/2014;11;2315.89;BT;1/01/2012;1;CNE
C08240;01/04/2014;>10;0;0;<24, 48;481.11;0;0;7/04/2014;14;2809.76;BT;1/01/2010;1;CNE
C08241;01/04/2014;<=10;0;0;<24, 48;237.21;0;0;25/04/2014;9;4973.09;BT;1/01/2013;1;CNE
C08242;01/04/2014;<=10;>0;0;>48;294.92;0;0;10/04/2014;7;21579.3;BT;1/01/2012;1;COEF
C08243;01/04/2014;<=10;>0;0;<24, 48;3777.62;3802.65;3824.85;9/04/2014;15;36856.9;BT;1/01/2013;0;CNE
C08244;01/04/2014;>10;0;0;<=24;286.3;0;0;14/04/2014;14;1859.05;BT;1/01/2012;1;CNE
C08245;01/04/2014;<=10;0;0;<24, 48;661.05;0;0;3/04/2014;9;5121.36;BT;1/01/2011;1;CNE
C08246;01/04/2014;<=10;>0;0;<=24;1161.75;1604.14;0;24/04/2014;10;4108.2;BT;1/01/2013;0;CNE
C08247;01/04/2014;<=10;0;0;<=24;225.77;117.95;115.26;4/04/2014;9;9410.13;BT;1/01/2013;1;CNE
C08249;01/04/2014;<=10;0;0;<24, 48;203.34;0;0;21/04/2014;9;10467.1;BT;1/01/2011;1;COEF
C08250;01/04/2014;>10;>0;0;<24, 48;1272.19;1270.39;1266.82;9/04/2014;16;5965.26;BT;1/01/2012;0;COEF
C08252;01/04/2014;<=10;>0;0;<24, 48;1865.16;2005.5;1647.95;9/04/2014;8;22283.3;BT;1/01/2013;0;CNE
C08253;01/04/2014;<=10;0;0;<=24;321.44;0;0;9/04/2014;8;1625.32;BT;1/01/2013;1;CNE
C08254;01/04/2014;<=10;0;0;>48;108.06;0;0;14/04/2014;14;7813.46;BT;1/01/2013;1;COEF
C08255;01/04/2014;<=10;0;0;<=24;473.68;0;0;25/04/2014;7;1444.16;BT;1/01/2013;0;CNE
C08256;01/04/2014;<=10;0;0;<24, 48;372.49;0;0;9/04/2014;15;4142.47;BT;1/01/2012;1;COEF
C08257;01/04/2014;<=10;0;0;<=24;563.5;0;564.86;15/04/2014;9;8726.37;BT;1/01/2014;1;CNE
C08259;01/04/2014;<=10;0;0;<24, 48;373.42;0;0;7/04/2014;14;16883.7;BT;1/01/2014;1;CNE
C08260;01/04/2014;>10;0;0;<24, 48;69.03;0;0;8/04/2014;7;4974.92;BT;1/01/2013;1;CNE
C08261;01/04/2014;<=10;0;0;<24, 48;532.96;532.96;1605.34;30/04/2014;14;5464.81;BT;1/01/2012;1;COEF
C08262;01/04/2014;>10;>0;0;>48;282.93;0;0;24/04/2014;10;569.74;BT;1/01/2011;1;CNE
C08263;01/04/2014;<=10;0;0;<24, 48;262.22;0;0;21/04/2014;9;5953.63;BT;1/01/2013;1;COEF
C08264;01/04/2014;>10;0;0;>48;469.12;465.47;464.06;7/04/2014;19;8310.32;BT;1/01/2011;1;CNE
C08266;01/04/2014;<=10;0;0;>48;741.82;0;0;3/04/2014;9;25920.2;BT;1/01/2013;1;COEF
C08267;01/04/2014;<=10;>0;0;<=24;262.05;9.27;1009.54;11/04/2014;9;14199.6;BT;1/01/2013;1;CNE
C08268;01/04/2014;<=10;0;0;<24, 48;540.3;547.91;0;4/04/2014;7;12615.7;BT;1/01/2013;1;COEF
C08269;01/04/2014;<=10;0;0;<24, 48;408.6;610.6;610.6;29/04/2014;14;4239.06;BT;1/01/2013;0;CNE
C08270;01/04/2014;<=10;0;0;<24, 48;578.04;626.5;0;14/04/2014;9;14125.6;BT;1/01/2012;1;CNE
C08271;01/04/2014;<=10;>0;0;<24, 48;1496.61;1800.14;0;28/04/2014;10;12869.9;BT;1/01/2012;0;CNE
C08272;01/04/2014;<=10;0;0;>48;618.61;0;0;8/04/2014;7;19466.9;BT;1/01/2013;1;CNE
C08273;01/04/2014;<=10;0;0;<24, 48;23.3;0;0;4/04/2014;9;14574.5;BT;1/01/2013;1;COEF
C08274;01/04/2014;<=10;>0;0;>48;1006.56;0;0;30/04/2014;10;51680;BT;1/01/2013;1;COEF
C08275;01/04/2014;<=10;0;0;>48;860.42;0;0;4/04/2014;10;29137.1;BT;1/01/2014;1;CNE
C08277;01/04/2014;<=10;0;0;<=24;283.84;0;0;24/04/2014;9;2399.21;BT;1/01/2013;1;CNE
C08279;01/04/2014;>10;0;0;>48;651.72;647.13;0;14/04/2014;11;14858.6;BT;1/01/2012;1;CNE
C08280;01/04/2014;<=10;0;0;<24, 48;1056.36;0;0;2/04/2014;11;41668.3;BT;1/01/2013;1;COEF
C08281;01/04/2014;<=10;0;0;>48;2544.98;0;0;9/04/2014;11;44280.7;BT;1/01/2012;1;CNE
C08282;01/04/2014;<=10;>0;0;<24, 48;441.37;590.06;0;3/04/2014;19;3131.22;BT;1/01/2013;0;CNE
C08285;01/04/2014;<=10;0;0;<=24;407.68;0;0;3/04/2014;7;9551.63;BT;1/01/2013;1;COEF
C08286;01/04/2014;<=10;0;0;<24, 48;155.32;0;0;7/04/2014;16;7962.21;BT;1/01/2013;1;COEF
C08287;01/04/2014;<=10;0;0;<24, 48;368.98;0;0;8/04/2014;8;6312.75;BT;1/01/2013;1;COEF
C08289;01/04/2014;<=10;0;0;<24, 48;481.52;0;0;21/04/2014;10;8826.69;BT;1/01/2013;1;COEF
C08291;01/04/2014;<=10;0;0;<=24;346.97;0;0;30/04/2014;7;4778.51;BT;1/01/2013;1;CNE
C08292;01/04/2014;<=10;0;0;>48;60.29;0;60.92;4/04/2014;9;2432.48;BT;1/01/2012;1;COEF
C08293;01/04/2014;>10;0;0;<24, 48;62.84;0;0;3/04/2014;16;1134.23;BT;1/01/2012;1;CNE
C08294;01/04/2014;<=10;0;0;>48;2875.39;0;0;15/04/2014;10;30236.8;BT;1/01/2013;0;COEF
C08295;01/04/2014;<=10;>0;0;<24, 48;669.13;0;2068;30/04/2014;12;17985.3;BT;1/01/2013;0;CNE
C08297;01/04/2014;<=10;0;0;<24, 48;1390.8;0;0;2/04/2014;17;18195.1;BT;1/01/2013;0;COEF
C08299;01/04/2014;>10;0;0;>48;2347.92;0;4370.54;7/04/2014;10;29456.7;BT;1/01/2012;0;CNE
C08300;01/04/2014;>10;0;0;<24, 48;162.99;163.21;162.9;8/04/2014;15;2493.37;BT;1/01/2012;1;CNE
C08302;01/04/2014;>10;0;0;>48;591.08;0;0;29/04/2014;19;2426.46;BT;1/01/2010;1;CNE
C08303;01/04/2014;>10;0;0;<24, 48;457.05;465.11;463.7;11/04/2014;10;5764.88;BT;1/01/2012;1;CNE
C08304;01/04/2014;<=10;0;0;>48;30.81;842.4;0;24/04/2014;10;24682.4;BT;1/01/2014;1;CNE
C08305;01/04/2014;>10;0;0;>48;539.08;0;0;11/04/2014;13;6493.38;BT;1/01/2011;1;CNE
C08307;01/04/2014;<=10;>0;0;<24, 48;167.42;0;0;4/04/2014;20;1076.69;BT;1/01/2012;0;CNE
C08308;01/04/2014;>10;0;0;<24, 48;45.14;171.75;179.35;3/04/2014;17;2042.23;BT;1/01/2013;1;CNE
C08309;01/04/2014;<=10;0;0;<24, 48;45.92;0;0;22/04/2014;14;10545.9;BT;1/01/2013;1;CNE
C08311;01/04/2014;<=10;0;0;<24, 48;1402.77;0;1404.54;3/04/2014;10;24775.3;BT;1/01/2012;1;COEF
C08312;01/04/2014;>10;0;0;<24, 48;369.04;0;0;4/04/2014;20;761.65;BT;1/01/2011;0;CNE
C08313;01/04/2014;>10;0;0;<24, 48;114.49;44.42;0;14/04/2014;12;657.36;BT;1/01/2011;1;CNE
C08314;01/04/2014;<=10;0;0;>48;65.91;0;55.56;15/04/2014;15;9712.71;BT;1/01/2013;1;COEF
C08315;01/04/2014;>10;>0;0;<24, 48;605.15;0;0;25/04/2014;13;5886.2;BT;1/01/2011;0;CNE
C08316;01/04/2014;<=10;0;0;<24, 48;878.01;0;0;16/04/2014;11;28467.9;BT;1/01/2011;1;CNE
C08318;01/04/2014;<=10;>0;0;>48;308.58;0;0;11/04/2014;7;1976.38;BT;1/01/2012;1;CNE
C08319;01/04/2014;<=10;0;0;>48;2664.45;0;0;24/04/2014;14;74229.1;BT;1/01/2013;1;CNE
C08322;01/04/2014;<=10;0;0;<24, 48;549.86;0;0;3/04/2014;8;13438;BT;1/01/2013;1;COEF
C08324;01/04/2014;<=10;0;0;<24, 48;2381.5;0;2383.51;1/04/2014;8;56204.3;BT;1/01/2012;1;CNE
C08326;01/04/2014;<=10;0;0;>48;270.33;271.31;271.43;23/04/2014;9;4233.87;BT;1/01/2011;1;COEF
C08327;01/04/2014;>10;>0;0;<24, 48;1288.2;1343.18;2283.89;30/04/2014;13;19231.1;BT;1/01/2012;0;CNE
C08328;01/04/2014;<=10;0;0;>48;191.61;0;0;9/04/2014;9;4177.47;BT;1/01/2011;1;CNE
C08329;01/04/2014;>10;0;0;<24, 48;207.89;0;0;7/04/2014;8;2402.82;BT;1/01/2012;1;CNE
C08330;01/04/2014;<=10;0;0;>48;1158.27;0;2049.2;11/04/2014;8;24149.9;BT;1/01/2012;0;CNE
C08331;01/04/2014;>10;0;0;<24, 48;422.05;419.08;416.98;22/04/2014;11;2906.28;BT;1/01/2011;1;CNE
C08332;01/04/2014;<=10;0;0;<24, 48;203.04;408.11;203.74;30/04/2014;10;1897.45;BT;1/01/2011;0;CNE
C08333;01/04/2014;>10;0;0;<24, 48;377.01;0;0;11/04/2014;10;4429.18;BT;1/01/2012;1;CNE
C08334;01/04/2014;<=10;0;0;>48;192.73;0;0;14/04/2014;14;3947.78;BT;1/01/2012;1;CNE
C08335;01/04/2014;>10;0;0;<24, 48;488.55;487.6;490.24;11/04/2014;7;11869;BT;1/01/2012;1;CNE
C08336;01/04/2014;<=10;0;0;<24, 48;700.45;0;0;3/04/2014;9;18233.4;BT;1/01/2013;1;COEF
C08338;01/04/2014;<=10;0;0;<24, 48;196.22;0;46.87;10/04/2014;13;5274.61;BT;1/01/2012;1;CNE
C08339;01/04/2014;<=10;0;0;<24, 48;359.8;0;720.55;8/04/2014;18;7152.99;BT;1/01/2013;1;COEF
C08343;01/04/2014;>10;0;0;>48;298.47;607.12;0;23/04/2014;8;5536.95;BT;1/01/2011;1;CNE
C08344;01/04/2014;<=10;>0;0;<24, 48;1395.63;0;1393.94;4/04/2014;9;18939.3;BT;1/01/2013;0;CNE
C08345;01/04/2014;>10;0;0;>48;376.12;277.37;377.22;14/04/2014;15;1853.44;BT;1/01/2011;1;COEF
C08346;01/04/2014;>10;>0;0;<24, 48;347.26;0;0;11/04/2014;10;4837.34;BT;1/01/2012;1;COEF
C08347;01/04/2014;<=10;>0;0;>48;978.55;0;0;21/04/2014;17;22509.8;BT;1/01/2012;1;CNE
C08348;01/04/2014;>10;0;0;>48;129.03;0;0;7/04/2014;10;7106.53;BT;1/01/2011;1;COEF
C08349;01/04/2014;<=10;0;0;<24, 48;232.95;0;0;8/04/2014;9;2787.17;BT;1/01/2012;1;COEF
C08350;01/04/2014;<=10;0;0;>48;128.63;0;0;3/04/2014;8;2265.36;BT;1/01/2011;1;COEF
C08351;01/04/2014;<=10;0;0;>48;498.66;500.84;502.8;14/04/2014;8;3613.74;BT;1/01/2010;1;CNE
C08352;01/04/2014;<=10;0;0;>48;188.78;0;0;16/04/2014;9;16025.5;BT;1/01/2013;1;CNE
C08353;01/04/2014;<=10;0;0;<24, 48;480.1;0;0;8/04/2014;9;11459.1;BT;1/01/2013;1;CNE
C08355;01/04/2014;<=10;0;0;<24, 48;340.6;0;0;3/04/2014;18;2259.57;BT;1/01/2012;0;CNE
C08356;01/04/2014;<=10;>0;0;>48;1772.25;768.78;2864.23;11/04/2014;7;59974.3;BT;1/01/2012;0;CNE
C08357;01/04/2014;>10;0;0;<24, 48;755.79;729.75;0;3/04/2014;8;13310.6;BT;1/01/2011;1;CNE
C08358;01/04/2014;<=10;0;0;>48;1771.29;2369.45;0;23/04/2014;15;6689.74;BT;1/01/2010;0;COEF
C08359;01/04/2014;<=10;>0;0;<24, 48;446.79;596.62;0;25/04/2014;7;2870.78;BT;1/01/2013;0;COEF
C08363;01/04/2014;<=10;>0;1;<24, 48;295.65;288.78;279.33;23/04/2014;12;6563.2;BT;1/01/2012;1;COEF
C08365;01/04/2014;<=10;0;0;<24, 48;190.54;191.13;0;14/04/2014;14;4983.89;BT;1/01/2013;1;CNE
C08367;01/04/2014;>10;0;0;<24, 48;305;0;0;22/04/2014;8;2764.39;BT;1/01/2011;1;CNE
C08368;01/04/2014;<=10;>0;0;<24, 48;857.13;0;0;10/04/2014;18;3177.79;BT;1/01/2012;0;CNE
C08369;01/04/2014;<=10;0;0;<24, 48;93.19;49.5;211.24;29/04/2014;11;3807.13;BT;1/01/2013;1;CNE
C08370;01/04/2014;<=10;0;0;<=24;1011.12;0;0;28/04/2014;10;1007.23;BT;1/01/2014;1;COEF
C08371;01/04/2014;<=10;0;0;>48;524.46;524.52;520.28;1/04/2014;12;15240.2;BT;1/01/2013;1;CNE
C08372;01/04/2014;>10;0;0;<24, 48;353.49;0;0;16/04/2014;7;9241.4;BT;1/01/2013;1;COEF
C08373;01/04/2014;<=10;0;0;<24, 48;588.01;588.01;1181.64;16/04/2014;12;8032.31;BT;1/01/2012;1;CNE
C08374;01/04/2014;<=10;0;0;>48;1321.57;0;1307.52;4/04/2014;11;45030.7;BT;1/01/2013;1;CNE
C08375;01/04/2014;<=10;0;0;<24, 48;566.39;0;0;11/04/2014;13;8012.1;BT;1/01/2012;1;CNE
C08376;01/04/2014;<=10;0;0;<24, 48;1233.74;0;1861.52;10/04/2014;15;2971.47;BT;1/01/2010;0;CNE
C08377;01/04/2014;>10;>0;1;<24, 48;200.08;393.64;0;2/04/2014;13;2639.49;BT;1/01/2012;0;CNE
C08379;01/04/2014;<=10;>0;0;>48;2004.87;0;0;3/04/2014;20;27132;BT;1/01/2012;0;CNE
C08381;01/04/2014;<=10;0;0;<24, 48;408.46;0;204.8;24/04/2014;17;4726.82;BT;1/01/2013;0;CNE
C08383;01/04/2014;<=10;0;0;>48;1045.26;0;0;3/04/2014;7;22961.1;BT;1/01/2012;1;COEF
C08384;01/04/2014;<=10;0;0;<24, 48;388.39;0;0;29/04/2014;20;10694.2;BT;1/01/2012;1;CNE
C08385;01/04/2014;>10;0;0;<24, 48;266.39;0;0;15/04/2014;11;6166.43;BT;1/01/2013;1;CNE
C08386;01/04/2014;>10;0;0;<24, 48;223.51;0;0;9/04/2014;7;1598.33;BT;1/01/2011;1;CNE
C08387;01/04/2014;<=10;0;0;<=24;356.33;360.09;0;3/04/2014;11;1050.31;BT;1/01/2012;1;CNE
C08388;01/04/2014;<=10;0;0;<24, 48;110.13;0;0;4/04/2014;8;25435.7;BT;1/01/2013;1;CNE
C08389;01/04/2014;<=10;0;0;<24, 48;2816.68;0;8495.14;7/04/2014;10;40621.7;BT;1/01/2012;1;CNE
C08390;01/04/2014;<=10;0;0;<24, 48;594.96;512.48;387.84;28/04/2014;8;2085.26;BT;1/01/2014;1;CNE
C08393;01/04/2014;>10;0;0;<24, 48;68.07;0;0;9/04/2014;7;3981.25;BT;1/01/2012;1;CNE
C08394;01/04/2014;<=10;0;0;>48;100.41;0;0;15/04/2014;15;10508.4;BT;1/01/2012;1;CNE
C08395;01/04/2014;>10;0;0;>48;513.27;513.16;514.23;1/04/2014;16;9485.23;BT;1/01/2012;1;COEF
C08396;01/04/2014;<=10;0;0;<24, 48;1593.64;1595.14;1593.76;10/04/2014;17;29183.3;BT;1/01/2012;1;CNE
C08398;01/04/2014;<=10;>0;0;>48;768.28;0;1154.71;29/04/2014;9;10540.3;BT;1/01/2013;0;CNE
C08399;01/04/2014;<=10;0;0;<24, 48;296.36;0;895.33;9/04/2014;12;1947.61;BT;1/01/2011;1;CNE
C08400;01/04/2014;<=10;0;0;<24, 48;891.83;0;0;3/04/2014;19;6372.27;BT;1/01/2010;1;CNE
C08401;01/04/2014;>10;0;0;>48;187.46;375.26;563.61;14/04/2014;13;3045.74;BT;1/01/2011;1;CNE
C08402;01/04/2014;<=10;0;0;>48;2932.09;0;8791.91;24/04/2014;8;66549.5;BT;1/01/2012;1;CNE
C08403;01/04/2014;<=10;>0;1;<=24;1393.09;1398.63;1404.01;9/04/2014;14;6922.89;BT;1/01/2013;0;CNE
C08404;01/04/2014;>10;0;0;<24, 48;189.9;0;0;29/04/2014;10;3388.81;BT;1/01/2011;1;CNE
C08405;01/04/2014;>10;0;0;>48;1712.65;743.53;46.76;9/04/2014;11;70053.4;BT;1/01/2012;1;COEF
C08406;01/04/2014;<=10;0;0;<24, 48;661.52;531.68;669.65;2/04/2014;20;19517.3;BT;1/01/2013;1;CNE
C08408;01/04/2014;<=10;0;0;<24, 48;493.96;17.67;490.46;16/04/2014;14;7710.1;BT;1/01/2012;1;CNE
C08409;01/04/2014;<=10;0;0;<24, 48;233.43;0;0;14/04/2014;15;2635.31;BT;1/01/2012;1;CNE
C08410;01/04/2014;<=10;>0;0;>48;1564.46;0;0;30/04/2014;13;60864.8;BT;1/01/2014;1;CNE
C08411;01/04/2014;>10;0;0;<24, 48;452.46;455.96;455.96;21/04/2014;18;5000.58;BT;1/01/2011;1;CNE
C08412;01/04/2014;<=10;0;0;>48;610.55;610.55;612.03;29/04/2014;8;13671.4;BT;1/01/2012;1;CNE
C08413;01/04/2014;<=10;0;0;<24, 48;655.99;655.99;2186.19;23/04/2014;8;26636.8;BT;1/01/2012;1;CNE
C08414;01/04/2014;<=10;0;0;<24, 48;586.2;0;1767.98;22/04/2014;14;12358.4;BT;1/01/2012;1;CNE
C08415;01/04/2014;>10;0;0;<24, 48;1083.1;0;3268.42;3/04/2014;7;19773.4;BT;1/01/2011;1;CNE
C08416;01/04/2014;<=10;0;0;<=24;270.02;0;0;16/04/2014;9;568.96;BT;1/01/2012;1;CNE
C08417;01/04/2014;<=10;0;0;<24, 48;91.82;0;0;4/04/2014;8;9528.93;BT;1/01/2013;1;CNE
C08419;01/04/2014;<=10;0;0;<24, 48;619.76;0;0;15/04/2014;7;15669.2;BT;1/01/2012;1;COEF
C08420;01/04/2014;<=10;0;0;>48;590.11;0;0;3/04/2014;8;11280.9;BT;1/01/2012;1;CNE
C08421;01/04/2014;<=10;0;0;<=24;345.12;0;0;3/04/2014;13;3100.79;BT;1/01/2013;1;COEF
C08422;01/04/2014;>10;0;0;<24, 48;363.43;0;1091.33;7/04/2014;13;7356.76;BT;1/01/2012;1;CNE
C08423;01/04/2014;>10;0;0;>48;80.31;0;0;10/04/2014;20;8765.06;BT;1/01/2012;1;CNE
C08424;01/04/2014;>10;0;0;<24, 48;630.29;623.38;621.07;7/04/2014;10;13601.8;BT;1/01/2012;1;CNE
C08429;01/04/2014;<=10;0;0;<=24;524.65;524.65;0;30/04/2014;8;10382.4;BT;1/01/2014;1;COEF
C08430;01/04/2014;>10;>0;0;>48;1222.91;1147.74;0;7/04/2014;16;7540.76;BT;1/01/2011;0;CNE
C08431;01/04/2014;>10;0;0;<24, 48;283.45;0;0;24/04/2014;13;2831.84;BT;1/01/2012;1;CNE
C08432;01/04/2014;>10;0;0;<24, 48;44.47;219.03;0;4/04/2014;10;16737.5;BT;1/01/2011;1;COEF
C08433;01/04/2014;>10;0;0;<24, 48;54.63;0;0;4/04/2014;14;6675.63;BT;1/01/2012;1;CNE
C08434;01/04/2014;>10;0;0;<24, 48;235.75;271.57;271.57;23/04/2014;12;2413.18;BT;1/01/2012;1;CNE
C08435;01/04/2014;<=10;0;0;>48;75.65;0;0;14/04/2014;7;9830.35;BT;1/01/2011;1;COEF
C08436;01/04/2014;<=10;0;0;<24, 48;336.04;0;0;2/04/2014;14;2120.1;BT;1/01/2013;0;CNE
C08437;01/04/2014;<=10;0;0;<24, 48;254.63;509.61;0;22/04/2014;11;4937.01;BT;1/01/2013;1;CNE
C08438;01/04/2014;<=10;0;0;>48;478.51;0;1441.98;30/04/2014;9;4036.95;BT;1/01/2010;1;CNE
C08441;01/04/2014;<=10;0;0;>48;792.66;0;0;1/04/2014;13;6159.9;BT;1/01/2012;0;CNE
C08443;01/04/2014;<=10;0;0;<24, 48;692.87;1.95;0;24/04/2014;15;18112.3;BT;1/01/2013;1;CNE
C08444;01/04/2014;>10;0;0;<24, 48;74.87;250.77;0;23/04/2014;14;3270.91;BT;1/01/2012;1;CNE
C08445;01/04/2014;<=10;0;0;<24, 48;281.73;0;851.14;8/04/2014;13;3539.14;BT;1/01/2012;1;CNE
C08446;01/04/2014;<=10;0;0;<24, 48;1003.71;0;0;2/04/2014;16;8516.08;BT;1/01/2010;0;CNE
C08447;01/04/2014;>10;>0;0;<24, 48;95.84;0;0;11/04/2014;8;2398.84;BT;1/01/2011;1;COEF
C08448;01/04/2014;>10;0;0;<24, 48;213.37;0;0;22/04/2014;11;2733.2;BT;1/01/2011;1;CNE
C08449;01/04/2014;>10;0;0;<24, 48;246.74;0;0;3/04/2014;16;2112.93;BT;1/01/2011;1;CNE
C08450;01/04/2014;>10;0;0;<24, 48;31.43;31.64;31.84;2/04/2014;8;2376.82;BT;1/01/2012;1;CNE
C08451;01/04/2014;<=10;0;0;>48;392.57;0;0;3/04/2014;16;11692.8;BT;1/01/2013;1;COEF
C08452;01/04/2014;<=10;>0;1;<24, 48;232.13;265.88;0;10/04/2014;14;5663.7;BT;1/01/2011;1;CNE
C08453;01/04/2014;<=10;>0;0;>48;417.68;0;1055.9;29/04/2014;9;8736.67;BT;1/01/2012;1;COEF
C08454;01/04/2014;<=10;0;0;>48;1107.54;0;0;11/04/2014;17;9496.51;BT;1/01/2013;0;CNE
C08455;01/04/2014;<=10;0;0;>48;948.22;942.54;945.22;9/04/2014;17;29956.6;BT;1/01/2013;1;CNE
C08456;01/04/2014;<=10;>0;0;>48;286.27;174.29;459.06;15/04/2014;7;4960.38;BT;1/01/2013;1;CNE
C08457;01/04/2014;<=10;0;0;>48;978;1163;4164.33;7/04/2014;10;39679.2;BT;1/01/2013;1;CNE
C08458;01/04/2014;>10;0;0;<24, 48;43.33;0;0;8/04/2014;15;6252.52;BT;1/01/2012;1;CNE
C08459;01/04/2014;<=10;0;0;<24, 48;127.91;0;0;4/04/2014;10;2056.5;BT;1/01/2013;1;CNE
C08461;01/04/2014;<=10;>0;0;>48;228.11;0;1993;30/04/2014;9;25106.2;BT;1/01/2012;0;CNE
C08462;01/04/2014;<=10;0;0;>48;200.4;0;0;11/04/2014;18;5333.4;BT;1/01/2013;1;CNE
C08463;01/04/2014;<=10;0;0;>48;1109.01;0;0;14/04/2014;11;43154.1;BT;1/01/2013;1;CNE
C08464;01/04/2014;<=10;>0;1;<24, 48;718.26;478.44;0;9/04/2014;10;7353.83;BT;1/01/2013;0;CNE
C08465;01/04/2014;>10;0;0;<24, 48;476.22;0;0;28/04/2014;9;10599.4;BT;1/01/2012;1;CNE
C08466;01/04/2014;<=10;>0;1;<24, 48;234.48;0;0;10/04/2014;13;3951.63;BT;1/01/2013;1;CNE
C08467;01/04/2014;<=10;0;0;<24, 48;197.37;449.08;0;25/04/2014;9;10423.9;BT;1/01/2013;1;COEF
C08468;01/04/2014;<=10;0;0;<24, 48;186.58;0;0;15/04/2014;16;4908.46;BT;1/01/2012;1;COEF
C08469;01/04/2014;<=10;0;0;>48;322.67;0;0;3/04/2014;11;2428.27;BT;1/01/2010;1;CNE
C08470;01/04/2014;<=10;>0;0;<=24;1607.18;0;0;4/04/2014;11;5189.14;BT;1/01/2013;0;COEF
C08471;01/04/2014;<=10;0;0;<24, 48;212.07;0;0;11/04/2014;16;3649.47;BT;1/01/2012;1;CNE
C08473;01/04/2014;>10;>0;0;<24, 48;141.89;0;0;21/04/2014;13;7637.16;BT;1/01/2012;1;COEF
C08474;01/04/2014;<=10;>0;0;<24, 48;514.75;773.75;0;25/04/2014;14;4654.25;BT;1/01/2013;0;CNE
C08475;01/04/2014;<=10;0;0;>48;116.05;249.62;0;3/04/2014;10;10949.5;BT;1/01/2013;1;COEF
C08476;01/04/2014;<=10;0;0;<24, 48;447.09;0;0;3/04/2014;20;2623.38;BT;1/01/2013;0;CNE
C08477;01/04/2014;<=10;0;0;>48;617.59;0;0;16/04/2014;9;14667.5;BT;1/01/2013;1;COEF
C08478;01/04/2014;<=10;0;0;>48;371.6;0;0;3/04/2014;10;8558.29;BT;1/01/2013;1;COEF
C08479;01/04/2014;<=10;>0;0;>48;342.56;340.46;340.46;11/04/2014;7;7065.22;BT;1/01/2012;0;CNE
C08480;01/04/2014;<=10;0;0;<=24;1013;1005.09;1005.95;29/04/2014;7;14461.4;BT;1/01/2013;1;COEF
C08482;01/04/2014;<=10;0;0;<24, 48;251.17;0;0;4/04/2014;7;7621.53;BT;1/01/2013;1;CNE
C08483;01/04/2014;<=10;0;0;<24, 48;420.87;420.87;1265.12;28/04/2014;8;7145.93;BT;1/01/2013;1;COEF
C08485;01/04/2014;<=10;0;0;<24, 48;633.16;0;0;15/04/2014;15;18491.1;BT;1/01/2013;1;CNE
C08486;01/04/2014;<=10;0;0;<=24;1148.6;0;0;22/04/2014;9;13934.9;BT;1/01/2013;1;COEF
C08487;01/04/2014;<=10;>0;0;<=24;902.6;0;0;11/04/2014;16;2281.18;BT;1/01/2013;0;COEF
C08489;01/04/2014;<=10;0;0;>48;387.83;0;843.47;23/04/2014;11;7552.83;BT;1/01/2012;1;CNE
C08492;01/04/2014;<=10;>0;0;<24, 48;331.02;1279.18;0;1/04/2014;14;6634.8;BT;1/01/2012;1;CNE
C08493;01/04/2014;<=10;0;0;<24, 48;190.61;0;0;14/04/2014;12;3657.44;BT;1/01/2013;1;COEF
C08494;01/04/2014;<=10;0;0;<24, 48;222.5;0;445.57;11/04/2014;10;2786.54;BT;1/01/2012;1;CNE
C08495;01/04/2014;<=10;0;0;<24, 48;323.24;53.06;0;21/04/2014;7;7174.43;BT;1/01/2013;1;CNE
C08496;01/04/2014;<=10;0;0;<24, 48;1378.99;0;0;3/04/2014;20;8859.38;BT;1/01/2012;0;CNE
C08497;01/04/2014;<=10;0;0;>48;655.79;0;0;23/04/2014;18;15218.2;BT;1/01/2012;1;COEF
C08498;01/04/2014;>10;0;0;<24, 48;1114.5;1489.86;0;23/04/2014;17;5164.42;BT;1/01/2011;0;CNE
C08500;01/04/2014;<=10;0;0;>48;557.3;233.75;250.28;16/04/2014;11;15953.3;BT;1/01/2013;1;CNE
C08501;01/04/2014;<=10;0;0;>48;354.05;0;0;8/04/2014;9;8668.46;BT;1/01/2012;1;COEF
C08502;01/04/2014;<=10;0;0;<24, 48;70.43;70.43;0;15/04/2014;7;9579.56;BT;1/01/2013;1;CNE
C08503;01/04/2014;<=10;0;0;<24, 48;671;0;0;29/04/2014;8;14472.4;BT;1/01/2013;1;CNE
C08504;01/04/2014;<=10;0;0;<=24;484.67;0;0;14/04/2014;12;3186.72;BT;1/01/2013;1;CNE
C08505;01/04/2014;<=10;0;0;>48;799.9;798.4;0;15/04/2014;9;22515.8;BT;1/01/2013;1;COEF
C08506;01/04/2014;<=10;0;0;<24, 48;55.78;72.98;0;16/04/2014;13;6167.64;BT;1/01/2012;1;CNE
C08508;01/04/2014;<=10;0;0;<=24;483.78;0;0;4/04/2014;7;9515.1;BT;1/01/2013;1;COEF
C08509;01/04/2014;>10;0;0;<24, 48;221.92;0;0;11/04/2014;9;4017.79;BT;1/01/2012;1;COEF
C08510;01/04/2014;<=10;0;0;>48;28.55;0;0;21/04/2014;11;20076.6;BT;1/01/2012;1;COEF
C08511;01/04/2014;>10;0;0;<24, 48;259.71;0;0;25/04/2014;9;6245.9;BT;1/01/2012;1;CNE
C08512;01/04/2014;<=10;0;0;<=24;56.06;0;0;8/04/2014;9;9787.77;BT;1/01/2013;1;COEF
C08514;01/04/2014;>10;0;0;<24, 48;191.81;0;0;14/04/2014;11;1958.31;BT;1/01/2012;1;CNE
C08515;01/04/2014;<=10;0;0;<24, 48;435.25;0;0;14/04/2014;14;5178.26;BT;1/01/2011;1;CNE
C08516;01/04/2014;>10;0;0;<24, 48;660.16;0;0;15/04/2014;9;11296;BT;1/01/2011;1;CNE
C08517;01/04/2014;<=10;0;0;>48;632.07;0;1911.13;21/04/2014;14;13470;BT;1/01/2012;1;CNE
C08518;01/04/2014;<=10;0;0;>48;471.24;469.11;0;9/04/2014;13;10130.8;BT;1/01/2012;1;CNE
C08519;01/04/2014;<=10;0;1;<=24;225.6;225.87;225.7;2/04/2014;12;1436.88;BT;1/01/2012;1;CNE
C08521;01/04/2014;>10;0;0;<24, 48;240.56;24.28;184.31;25/04/2014;10;1433.28;BT;1/01/2010;1;CNE
C08522;01/04/2014;<=10;0;0;>48;286.88;373.18;336.2;9/04/2014;13;8002.95;BT;1/01/2012;1;CNE
C08523;01/04/2014;<=10;0;0;<24, 48;991.4;1006.83;1006.83;29/04/2014;11;6150.47;BT;1/01/2011;0;COEF
C08524;01/04/2014;<=10;0;0;<24, 48;36.21;0;0;14/04/2014;17;12103.8;BT;1/01/2012;1;CNE
C08525;01/04/2014;<=10;0;0;>48;21.55;0;0;7/04/2014;10;19299;BT;1/01/2012;1;CNE
C08526;01/04/2014;<=10;0;0;>48;459.79;459.79;0;30/04/2014;19;15348.1;BT;1/01/2013;1;CNE
C08527;01/04/2014;<=10;0;0;>48;652.42;0;0;4/04/2014;11;39199.2;BT;1/01/2013;1;CNE
C08528;01/04/2014;<=10;0;0;<24, 48;85.76;0;0;3/04/2014;15;30402.3;BT;1/01/2013;1;COEF
C08529;01/04/2014;>10;0;0;<24, 48;551.31;0;0;3/04/2014;9;1666.75;BT;1/01/2011;1;COEF
C08530;01/04/2014;<=10;0;0;<24, 48;319.04;663.01;0;25/04/2014;7;3115.92;BT;1/01/2010;1;CNE
C08532;01/04/2014;<=10;0;0;<24, 48;58.42;0;0;25/04/2014;14;6644.51;BT;1/01/2011;1;CNE
C08535;01/04/2014;>10;0;0;<24, 48;1023.38;0;0;16/04/2014;7;4073.52;BT;1/01/2012;0;CNE
C08536;01/04/2014;<=10;0;0;<24, 48;198;0;200.72;16/04/2014;9;1792.52;BT;1/01/2011;1;CNE
C08539;01/04/2014;<=10;0;0;<=24;205.39;0;0;14/04/2014;7;2624.12;BT;1/01/2013;1;COEF
C08540;01/04/2014;<=10;0;0;>48;333.2;0;317.25;9/04/2014;8;11702.2;BT;1/01/2013;1;CNE
C08541;01/04/2014;>10;>0;0;>48;1015.61;0;0;9/04/2014;20;49309;BT;1/01/2012;1;CNE
C08542;01/04/2014;<=10;0;0;>48;231.09;462.42;465.07;11/04/2014;14;5522.5;BT;1/01/2013;1;CNE
C08543;01/04/2014;>10;>0;0;<24, 48;506.7;1017.51;0;15/04/2014;9;6074.05;BT;1/01/2011;1;CNE
C08544;01/04/2014;>10;0;0;>48;334.59;0;0;16/04/2014;10;11871.6;BT;1/01/2012;1;CNE
C08545;01/04/2014;<=10;0;0;>48;203.29;0;0;10/04/2014;14;4910.63;BT;1/01/2013;1;COEF
C08548;01/04/2014;>10;0;0;<24, 48;296.75;296.95;296.95;3/04/2014;15;4616.92;BT;1/01/2012;1;CNE
C08549;01/04/2014;<=10;>0;1;<24, 48;1207.64;1713.59;2916.63;30/04/2014;10;22776;BT;1/01/2013;1;COEF
C08550;01/04/2014;<=10;>0;1;>48;634.24;876.82;3.17;21/04/2014;14;74369.3;BT;1/01/2013;1;CNE
C08553;01/04/2014;<=10;0;0;<24, 48;1242.18;0;0;2/04/2014;15;9256.69;BT;1/01/2012;0;CNE
C08554;01/04/2014;<=10;0;0;<24, 48;214.42;0;0;25/04/2014;8;4079.48;BT;1/01/2012;1;CNE
C08556;01/04/2014;>10;0;0;<24, 48;1388.59;1388.59;0;10/04/2014;13;5781.8;BT;1/01/2011;0;CNE
C08557;01/04/2014;<=10;0;0;<24, 48;402.48;468.37;338.36;16/04/2014;10;8769.51;BT;1/01/2013;1;COEF
C08558;01/04/2014;>10;0;0;>48;446.62;485.42;479.86;3/04/2014;10;6174.08;BT;1/01/2011;1;CNE
C08559;01/04/2014;<=10;0;0;<=24;760.04;949.51;0;3/04/2014;16;3238.46;BT;1/01/2013;0;CNE
C08560;01/04/2014;<=10;>0;0;<24, 48;213.8;0;644.13;30/04/2014;8;5614.14;BT;1/01/2013;1;CNE
C08561;01/04/2014;>10;0;0;<24, 48;1421.85;0;0;1/04/2014;7;8603.65;BT;1/01/2011;0;COEF
C08562;01/04/2014;<=10;>0;0;<24, 48;1050.17;1567.2;0;16/04/2014;8;5821.07;BT;1/01/2012;0;CNE
C08563;01/04/2014;<=10;>0;1;<24, 48;1247.59;1249.03;1241.78;10/04/2014;8;18562;BT;1/01/2011;1;CNE
C08564;01/04/2014;<=10;0;0;<24, 48;1391.33;0;0;1/04/2014;18;6591.11;BT;1/01/2011;0;CNE
C08565;01/04/2014;<=10;0;0;<=24;1543.87;1536.51;0;14/04/2014;11;10412.5;BT;1/01/2012;1;CNE
C08566;01/04/2014;<=10;0;0;<24, 48;516.01;640.42;640.42;23/04/2014;11;11473.2;BT;1/01/2013;1;COEF
C08567;01/04/2014;<=10;0;0;<24, 48;650.93;650.93;0;14/04/2014;16;6246.84;BT;1/01/2013;0;CNE
C08569;01/04/2014;<=10;0;0;>48;161.81;0;0;7/04/2014;7;22790.7;BT;1/01/2012;1;CNE
C08570;01/04/2014;<=10;>0;0;>48;2751.02;0;0;15/04/2014;19;27964.6;BT;1/01/2010;0;COEF
C08571;01/04/2014;<=10;0;0;>48;677.74;681.36;2053.46;11/04/2014;11;19757.8;BT;1/01/2013;1;COEF
C08572;01/04/2014;<=10;0;0;<24, 48;655.62;0;0;22/04/2014;9;17981.5;BT;1/01/2013;1;COEF
C08573;01/04/2014;<=10;0;0;<24, 48;2744.83;4289.67;0;30/04/2014;13;50791.5;BT;1/01/2013;0;CNE
C08574;01/04/2014;<=10;0;0;<=24;845.04;847.71;0;10/04/2014;16;835.67;BT;1/01/2013;0;CNE
C08575;01/04/2014;<=10;0;0;<24, 48;56.49;0;0;16/04/2014;12;11269.5;BT;1/01/2013;1;COEF
C08578;01/04/2014;<=10;0;0;>48;610.63;0;0;3/04/2014;18;15967.7;BT;1/01/2013;1;CNE
C08579;01/04/2014;<=10;0;0;<24, 48;952.16;0;0;8/04/2014;8;28142.2;BT;1/01/2013;1;CNE
C08580;01/04/2014;<=10;0;0;>48;487.84;0;0;3/04/2014;11;12715.3;BT;1/01/2013;1;COEF
C08581;01/04/2014;<=10;>0;0;>48;508.37;0;0;22/04/2014;18;19958.3;BT;1/01/2013;1;CNE
C08582;01/04/2014;<=10;0;0;>48;96.34;0;0;16/04/2014;8;11128;BT;1/01/2012;1;COEF
C08583;01/04/2014;<=10;0;0;>48;546.4;0;552.79;3/04/2014;9;19425.5;BT;1/01/2013;1;CNE
C08585;01/04/2014;>10;>0;0;<24, 48;622.48;638.76;628.54;1/04/2014;16;10334;BT;1/01/2011;1;CNE
C08586;01/04/2014;<=10;0;0;<24, 48;1138.96;0;0;10/04/2014;13;24145.1;BT;1/01/2012;1;CNE
C08587;01/04/2014;>10;0;0;<24, 48;366.89;0;1173.24;15/04/2014;19;12147.3;BT;1/01/2012;1;CNE
C08588;01/04/2014;<=10;0;0;>48;1216.31;0;0;7/04/2014;11;35124.1;BT;1/01/2013;1;CNE
C08589;01/04/2014;>10;0;0;<24, 48;1228.69;1228.69;3706.67;30/04/2014;16;27248.4;BT;1/01/2012;1;CNE
C08590;01/04/2014;<=10;>0;0;<24, 48;426.47;448.6;431.79;14/04/2014;8;11300.2;BT;1/01/2013;1;CNE
C08591;01/04/2014;<=10;0;0;<=24;807.31;0;0;23/04/2014;20;780.66;BT;1/01/2012;0;CNE
C08594;01/04/2014;<=10;0;0;>48;202.64;0;0;11/04/2014;9;7644.54;BT;1/01/2013;1;CNE
C08595;01/04/2014;<=10;0;0;<24, 48;629.03;0;0;4/04/2014;7;1270.03;BT;1/01/2010;1;CNE
C08596;01/04/2014;<=10;0;0;>48;427.93;272.42;1129.81;4/04/2014;8;25881.1;BT;1/01/2013;1;COEF
C08597;01/04/2014;<=10;0;0;<24, 48;364.85;0;0;3/04/2014;10;1430.56;BT;1/01/2010;1;CNE
C08599;01/04/2014;<=10;0;0;<24, 48;1921.58;0;2896.37;11/04/2014;13;28595;BT;1/01/2013;1;CNE
C08603;01/04/2014;>10;0;0;<24, 48;769.06;0;0;8/04/2014;7;20354.7;BT;1/01/2012;1;COEF
C08604;01/04/2014;<=10;0;0;<=24;145.03;0;0;7/04/2014;16;1789.47;BT;1/01/2013;1;COEF
C08605;01/04/2014;>10;0;0;<=24;181.32;363.72;548.26;21/04/2014;11;1711.87;BT;1/01/2013;1;CNE
C08608;01/04/2014;<=10;0;0;<24, 48;937.2;0;0;9/04/2014;9;25853.3;BT;1/01/2013;1;COEF
C08609;01/04/2014;>10;>0;1;<24, 48;1760.06;0;0;2/04/2014;14;13930.9;BT;1/01/2012;0;CNE
C08610;01/04/2014;<=10;0;0;<24, 48;2409.56;0;0;2/04/2014;17;26970;BT;1/01/2013;0;CNE
C08612;01/04/2014;>10;0;0;<24, 48;372.67;404.61;416.1;24/04/2014;8;4607.6;BT;1/01/2011;1;CNE
C08613;01/04/2014;>10;0;0;>48;94.87;404.57;79.2;3/04/2014;20;12249.7;BT;1/01/2012;0;CNE
C08614;01/04/2014;<=10;0;0;>48;200.1;0;0;3/04/2014;13;31581.9;BT;1/01/2012;1;COEF
C08615;01/04/2014;<=10;0;0;>48;533;0;0;1/04/2014;11;9522.17;BT;1/01/2011;1;CNE
C08616;01/04/2014;<=10;0;0;<24, 48;198.09;0;0;22/04/2014;10;7407.39;BT;1/01/2013;1;CNE
C08618;01/04/2014;>10;>0;0;<24, 48;501.82;0;0;1/04/2014;14;2194.27;BT;1/01/2012;0;COEF
C08619;01/04/2014;<=10;0;0;>48;155.69;0;0;10/04/2014;14;660.59;BT;1/01/2010;1;COEF
C08621;01/04/2014;<=10;0;0;<24, 48;502.18;756.02;0;15/04/2014;20;3643.55;BT;1/01/2011;0;CNE
C08623;01/04/2014;<=10;0;0;>48;651.17;0;0;24/04/2014;13;18995.1;BT;1/01/2012;1;COEF
C08624;01/04/2014;<=10;0;0;>48;228.07;0;0;9/04/2014;7;2555.18;BT;1/01/2011;1;CNE
C08625;01/04/2014;<=10;0;0;<24, 48;104.77;0;0;11/04/2014;8;2415.88;BT;1/01/2013;1;CNE
C08627;01/04/2014;<=10;0;0;>48;555.93;17.63;213.62;24/04/2014;11;28273.3;BT;1/01/2014;1;CNE
C08628;01/04/2014;<=10;0;0;>48;1198.25;0;0;9/04/2014;16;56666;BT;1/01/2012;1;COEF
C08630;01/04/2014;>10;0;0;<24, 48;333.38;0;0;14/04/2014;12;2449.12;BT;1/01/2010;0;CNE
C08631;01/04/2014;>10;0;0;<24, 48;43.41;0;0;14/04/2014;19;3072.71;BT;1/01/2011;1;CNE
C08632;01/04/2014;<=10;0;0;<24, 48;224.65;224.65;1056.19;23/04/2014;13;3815.11;BT;1/01/2010;0;CNE
C08633;01/04/2014;>10;>0;0;>48;171.75;0;0;1/04/2014;15;28780.9;BT;1/01/2013;1;COEF
C08634;01/04/2014;>10;0;0;<24, 48;567.96;567.96;471.84;21/04/2014;18;12038;BT;1/01/2012;1;COEF
C08635;01/04/2014;<=10;0;0;>48;360.34;0;0;30/04/2014;11;16164.9;BT;1/01/2013;1;CNE
C08636;01/04/2014;>10;0;0;<24, 48;216.79;0;0;21/04/2014;19;1718.14;BT;1/01/2011;1;COEF
C08637;01/04/2014;<=10;0;0;<=24;106.7;152.24;0;4/04/2014;8;904.93;BT;1/01/2012;1;CNE
C08639;01/04/2014;>10;0;0;<24, 48;579.15;0;580.42;22/04/2014;11;2266.38;BT;1/01/2010;1;CNE
C08640;01/04/2014;<=10;0;0;<24, 48;1483.68;512.29;512.29;29/04/2014;9;42011.1;BT;1/01/2013;1;CNE
C08641;01/04/2014;<=10;0;0;<24, 48;587.48;0;580.29;25/04/2014;10;13127;BT;1/01/2013;1;CNE
C08642;01/04/2014;<=10;0;0;<24, 48;98.53;0;0;3/04/2014;16;2112.33;BT;1/01/2013;1;COEF
C08643;01/04/2014;<=10;0;0;>48;1534.5;0;0;14/04/2014;11;42389.2;BT;1/01/2013;1;CNE
C08644;01/04/2014;<=10;0;0;>48;1174.4;39.93;316.63;7/04/2014;20;12217.6;BT;1/01/2012;0;CNE
C08646;01/04/2014;<=10;0;0;<24, 48;28.23;0;0;1/04/2014;14;18214.7;BT;1/01/2012;1;CNE
C08647;01/04/2014;<=10;>0;1;>48;777.41;782.93;0;15/04/2014;14;17639.7;BT;1/01/2013;1;CNE
C08648;01/04/2014;<=10;0;0;<24, 48;342.78;0;0;15/04/2014;10;5222.53;BT;1/01/2012;1;COEF
C08649;01/04/2014;<=10;0;0;<24, 48;303.97;0;0;29/04/2014;9;8718.4;BT;1/01/2012;1;COEF
C08650;01/04/2014;>10;0;0;<24, 48;611.59;291.24;610.82;14/04/2014;10;4178.93;BT;1/01/2010;1;CNE
C08651;01/04/2014;<=10;>0;1;<24, 48;345.25;0;0;2/04/2014;20;9687.35;BT;1/01/2011;1;CNE
C08653;01/04/2014;<=10;0;0;<24, 48;25.99;696.38;0;15/04/2014;8;14443.8;BT;1/01/2012;1;CNE
C08654;01/04/2014;<=10;0;0;<24, 48;1329.81;0;0;29/04/2014;11;10007.3;BT;1/01/2011;0;CNE
C08655;01/04/2014;<=10;0;0;>48;1958.4;0;6229.22;16/04/2014;10;70153.1;BT;1/01/2012;1;CNE
C08656;01/04/2014;<=10;0;0;<=24;199.84;199.84;1485.28;30/04/2014;8;6610.55;BT;1/01/2013;1;COEF
C08657;01/04/2014;<=10;0;0;<24, 48;419.02;420.61;415.88;7/04/2014;13;9034.55;BT;1/01/2013;1;CNE
C08658;01/04/2014;<=10;0;0;>48;1603.5;284.66;0;30/04/2014;15;40932.2;BT;1/01/2011;1;CNE
C08659;01/04/2014;>10;0;0;<24, 48;283.97;0;0;14/04/2014;7;10569.9;BT;1/01/2011;1;COEF
C08660;01/04/2014;>10;0;0;<24, 48;335.42;0;0;7/04/2014;7;6850.88;BT;1/01/2012;1;COEF
C08661;01/04/2014;<=10;>0;0;<=24;323.67;648.34;0;25/04/2014;10;3958.65;BT;1/01/2013;1;COEF
C08662;01/04/2014;<=10;0;0;>48;62.81;0;0;4/04/2014;10;7210.42;BT;1/01/2011;1;CNE
C08663;01/04/2014;<=10;>0;0;<24, 48;96.76;0;0;11/04/2014;15;12072.3;BT;1/01/2013;1;CNE
C08665;01/04/2014;<=10;0;0;>48;1232.73;1650.66;0;8/04/2014;13;12895.1;BT;1/01/2013;0;CNE
C08666;01/04/2014;<=10;0;0;<24, 48;1778.94;1778.94;0;9/04/2014;15;6453.07;BT;1/01/2011;0;CNE
C08667;01/04/2014;<=10;0;0;<24, 48;176.49;176.49;567.3;24/04/2014;16;4792.93;BT;1/01/2013;1;CNE
C08668;01/04/2014;<=10;0;0;<24, 48;952.23;0;0;15/04/2014;7;28315.5;BT;1/01/2013;1;CNE
C08669;01/04/2014;>10;0;0;<24, 48;782.38;782.38;0;30/04/2014;14;16717.6;BT;1/01/2012;1;COEF
C08671;01/04/2014;<=10;0;0;>48;399.47;0;0;7/04/2014;14;7853.88;BT;1/01/2012;1;CNE
C08672;01/04/2014;<=10;0;0;<24, 48;478;398.3;389.54;22/04/2014;11;9066.66;BT;1/01/2011;1;CNE
C08673;01/04/2014;<=10;0;0;>48;649.26;280.68;441.24;4/04/2014;11;29182;BT;1/01/2013;1;CNE
C08674;01/04/2014;<=10;0;0;>48;304.24;0;0;10/04/2014;17;7181.22;BT;1/01/2012;1;CNE
C08675;01/04/2014;>10;0;0;<24, 48;153.74;0;0;7/04/2014;10;3485.78;BT;1/01/2012;1;CNE
C08676;01/04/2014;<=10;0;0;<24, 48;279.78;0;0;3/04/2014;13;8237.51;BT;1/01/2012;1;COEF
C08677;01/04/2014;<=10;0;0;>48;2588.16;0;0;16/04/2014;8;22381.2;BT;1/01/2012;0;CNE
C08678;01/04/2014;>10;0;0;>48;418.53;107.83;167.78;4/04/2014;11;8042.25;BT;1/01/2012;1;COEF
C08679;01/04/2014;<=10;0;1;<24, 48;392.56;394.24;384.96;11/04/2014;15;9236.94;BT;1/01/2013;1;COEF
C08680;01/04/2014;<=10;0;0;>48;284.8;0;0;29/04/2014;10;7351.92;BT;1/01/2014;1;CNE
C08681;01/04/2014;<=10;>0;0;>48;555.2;0;0;16/04/2014;9;12894.9;BT;1/01/2013;1;COEF
C08682;01/04/2014;<=10;>0;1;>48;1051.15;0;0;10/04/2014;13;18069.7;BT;1/01/2011;1;COEF
C08683;01/04/2014;<=10;>0;0;<24, 48;494.97;494.97;1493.02;16/04/2014;15;7023.47;BT;1/01/2013;1;CNE
C08684;01/04/2014;<=10;0;0;<=24;63.14;0;0;4/04/2014;7;4172.04;BT;1/01/2013;1;CNE
C08685;01/04/2014;<=10;0;0;>48;466.52;0;0;22/04/2014;8;4316.82;BT;1/01/2014;1;CNE
C08687;01/04/2014;<=10;>0;0;<24, 48;137.98;136.54;416.83;15/04/2014;16;1758.41;BT;1/01/2012;1;CNE
C08690;01/04/2014;<=10;0;0;<24, 48;260.08;0;0;15/04/2014;15;6327.46;BT;1/01/2013;1;CNE
C08693;01/04/2014;>10;0;0;<24, 48;183.4;175.59;175.59;16/04/2014;10;1535.02;BT;1/01/2011;1;CNE
C08695;01/04/2014;<=10;0;0;>48;440.29;0;0;10/04/2014;15;12495.6;BT;1/01/2013;1;COEF
C08696;01/04/2014;<=10;0;0;<24, 48;389.63;390.07;390.07;3/04/2014;11;4738.74;BT;1/01/2012;1;CNE
C08697;01/04/2014;>10;0;0;<24, 48;391.75;527.99;0;3/04/2014;8;7345.14;BT;1/01/2011;1;COEF
C08698;01/04/2014;<=10;0;0;<24, 48;1079.63;0;0;11/04/2014;12;18857.9;BT;1/01/2012;1;COEF
C08700;01/04/2014;<=10;0;0;<=24;70.7;0;0;25/04/2014;8;586.34;BT;1/01/2013;1;CNE
C08702;01/04/2014;<=10;0;0;>48;194.02;0;0;7/04/2014;7;4328.8;BT;1/01/2013;1;CNE
C08703;01/04/2014;>10;0;0;<24, 48;668.67;0;0;10/04/2014;8;15023.5;BT;1/01/2012;1;CNE
C08704;01/04/2014;<=10;0;0;<24, 48;98.76;124.71;425.17;16/04/2014;13;10601.4;BT;1/01/2013;1;CNE
C08706;01/04/2014;<=10;0;0;<24, 48;268.5;268.9;269.1;3/04/2014;13;4621.96;BT;1/01/2013;1;COEF
C08707;01/04/2014;<=10;>0;1;>48;1904.28;1904.28;0;7/04/2014;16;20273.3;BT;1/01/2013;0;COEF
C08708;01/04/2014;<=10;0;0;<24, 48;168.79;68.75;68.75;3/04/2014;12;8350.49;BT;1/01/2013;1;COEF
C08709;01/04/2014;<=10;>0;1;<24, 48;1832.92;0;0;7/04/2014;20;14495.5;BT;1/01/2013;0;COEF
C08710;01/04/2014;<=10;0;0;>48;552.75;747.79;0;29/04/2014;15;3358.95;BT;1/01/2013;0;CNE
C08712;01/04/2014;<=10;>0;0;>48;105.2;0;0;30/04/2014;7;8789.45;BT;1/01/2013;1;COEF
C08713;01/04/2014;<=10;0;0;<24, 48;559.7;60.71;544.74;23/04/2014;8;8758.21;BT;1/01/2011;1;CNE
C08714;01/04/2014;<=10;0;0;<24, 48;461.62;0;0;7/04/2014;12;11500.7;BT;1/01/2012;1;COEF
C08716;01/04/2014;>10;0;0;<24, 48;648.21;0;0;1/04/2014;16;8910.21;BT;1/01/2012;0;CNE
C08718;01/04/2014;>10;0;0;<24, 48;279.35;278.63;0;3/04/2014;14;2815.5;BT;1/01/2012;1;CNE
C08719;01/04/2014;<=10;0;0;>48;1627.47;0;0;11/04/2014;7;50980.1;BT;1/01/2012;1;COEF
C08721;01/04/2014;<=10;0;0;<24, 48;351.34;0;0;28/04/2014;7;10260.3;BT;1/01/2013;1;CNE
C08722;01/04/2014;<=10;0;0;<24, 48;980.08;0;0;22/04/2014;18;9723.41;BT;1/01/2012;0;CNE
C08723;01/04/2014;>10;>0;0;>48;3792.25;3792.25;0;9/04/2014;14;42994;BT;1/01/2012;0;COEF
C08724;01/04/2014;>10;0;0;<24, 48;639.91;0;964.44;1/04/2014;9;4426.3;BT;1/01/2012;1;CNE
C08725;01/04/2014;<=10;0;0;<=24;885.1;0;0;16/04/2014;11;5314.18;BT;1/01/2013;0;CNE
C08726;01/04/2014;<=10;0;0;<24, 48;137.42;209.52;875.01;8/04/2014;9;3024.05;BT;1/01/2010;1;CNE
C08727;01/04/2014;<=10;0;0;>48;276.62;0;0;3/04/2014;9;6194.59;BT;1/01/2012;1;COEF
C08728;01/04/2014;<=10;0;0;<24, 48;3031.84;0;0;3/04/2014;16;28261.2;BT;1/01/2013;0;CNE
C08729;01/04/2014;<=10;0;0;<24, 48;2614.3;0;0;3/04/2014;7;68407.1;BT;1/01/2012;1;COEF
C08730;01/04/2014;<=10;>0;0;<=24;304.57;0;0;14/04/2014;7;3517.59;BT;1/01/2013;1;COEF
C08731;01/04/2014;>10;0;0;<24, 48;765.92;0;0;3/04/2014;9;10674.2;BT;1/01/2011;1;CNE
C08732;01/04/2014;<=10;0;0;<24, 48;247.48;0;747.08;14/04/2014;12;4916.77;BT;1/01/2013;1;CNE
C08733;01/04/2014;<=10;0;0;<24, 48;750.67;0;1746.41;29/04/2014;13;17877.6;BT;1/01/2013;0;CNE
C08736;01/04/2014;<=10;0;0;<24, 48;92.49;0;0;22/04/2014;8;1805.97;BT;1/01/2012;1;COEF
C08739;01/04/2014;<=10;0;0;<24, 48;658.13;0;0;28/04/2014;10;19534.4;BT;1/01/2013;1;CNE
C08741;01/04/2014;<=10;>0;0;<24, 48;596.95;0;1554.55;21/04/2014;7;15038.3;BT;1/01/2013;1;COEF
C08742;01/04/2014;>10;0;0;>48;2651.73;0;0;16/04/2014;12;64429.8;BT;1/01/2011;1;CNE
C08743;01/04/2014;<=10;0;0;<=24;535.87;539.09;554.07;29/04/2014;17;610.47;BT;1/01/2014;1;CNE
C08744;01/04/2014;<=10;0;0;<=24;805.6;0;819.49;11/04/2014;15;10212.7;BT;1/01/2013;1;CNE
C08745;01/04/2014;<=10;0;0;<24, 48;420.6;0;0;3/04/2014;11;12678.9;BT;1/01/2013;1;COEF
C08746;01/04/2014;<=10;0;0;<24, 48;1482.95;0;0;10/04/2014;20;23818.6;BT;1/01/2013;0;CNE
C08747;01/04/2014;<=10;0;0;<24, 48;599.94;604.81;0;11/04/2014;11;15267.7;BT;1/01/2013;1;CNE
C08748;01/04/2014;>10;0;0;<24, 48;1117.74;1110.39;1116.72;10/04/2014;11;24885.3;BT;1/01/2012;1;COEF
C08750;01/04/2014;<=10;0;0;<=24;517.89;0;0;14/04/2014;9;10776;BT;1/01/2014;1;COEF
C08751;01/04/2014;>10;>0;0;<=24;359.79;0;0;15/04/2014;8;6732.3;BT;1/01/2011;1;CNE
C08752;01/04/2014;<=10;0;0;<24, 48;436.58;0;0;4/04/2014;7;4270.9;BT;1/01/2012;1;CNE
C08753;01/04/2014;<=10;0;0;<24, 48;213.11;526.87;37.49;22/04/2014;8;11547.8;BT;1/01/2013;1;COEF
C08754;01/04/2014;<=10;0;0;<24, 48;531.43;0;0;3/04/2014;8;10981.4;BT;1/01/2013;1;COEF
C08755;01/04/2014;<=10;0;0;>48;214.24;146.4;146.4;30/04/2014;9;5811.88;BT;1/01/2013;1;CNE
C08756;01/04/2014;<=10;0;0;>48;673.64;764.83;772.35;22/04/2014;13;20865.1;BT;1/01/2013;1;CNE
C08757;01/04/2014;<=10;0;0;>48;202.34;0;0;15/04/2014;11;10730;BT;1/01/2011;1;CNE
C08759;01/04/2014;<=10;0;0;<24, 48;234.04;0;0;21/04/2014;10;4845.62;BT;1/01/2013;1;CNE
C08760;01/04/2014;<=10;0;0;<=24;1004.77;1004.77;2285.6;16/04/2014;10;2557.75;BT;1/01/2013;1;COEF
C08761;01/04/2014;>10;0;0;<24, 48;170.15;0;0;4/04/2014;8;1497.52;BT;1/01/2011;1;COEF
C08762;01/04/2014;<=10;0;0;<24, 48;60.04;0;0;15/04/2014;15;3518.64;BT;1/01/2011;1;CNE
C08763;01/04/2014;>10;0;0;<24, 48;269.68;0;0;1/04/2014;8;2159.43;BT;1/01/2011;1;CNE
C08765;01/04/2014;<=10;>0;0;>48;2226.81;0;6093.39;24/04/2014;14;67497.1;BT;1/01/2012;1;CNE
C08766;01/04/2014;<=10;0;0;>48;1161.48;0;0;3/04/2014;7;41626.8;BT;1/01/2013;1;CNE
C08767;01/04/2014;<=10;0;0;<24, 48;388.49;0;0;22/04/2014;8;4708.43;BT;1/01/2012;1;COEF
C08768;01/04/2014;>10;0;0;>48;225.44;0;0;4/04/2014;13;18355.2;BT;1/01/2012;1;COEF
C08769;01/04/2014;<=10;0;0;<24, 48;319.77;0;0;4/04/2014;20;1616.66;BT;1/01/2012;0;CNE
C08770;01/04/2014;>10;0;0;>48;231.86;0;0;15/04/2014;11;11598.7;BT;1/01/2012;1;CNE
C08771;01/04/2014;<=10;>0;0;>48;834.72;0;0;29/04/2014;15;6520.49;BT;1/01/2012;0;CNE
C08772;01/04/2014;<=10;0;0;>48;327.94;0;0;22/04/2014;17;3250.64;BT;1/01/2013;0;CNE
C08773;01/04/2014;<=10;0;0;<24, 48;653.59;0;0;10/04/2014;20;7951.21;BT;1/01/2012;0;CNE
C08774;01/04/2014;<=10;0;0;<24, 48;187.27;186.29;186.43;8/04/2014;10;919.48;BT;1/01/2011;1;COEF
C08775;01/04/2014;<=10;0;0;>48;384.13;0;0;3/04/2014;11;10044.2;BT;1/01/2012;1;COEF
C08776;01/04/2014;>10;>0;0;<24, 48;774.4;0;0;11/04/2014;20;8091.99;BT;1/01/2012;0;CNE
C08777;01/04/2014;>10;0;0;<24, 48;270.64;11.82;32.63;3/04/2014;14;2159.12;BT;1/01/2011;1;COEF
C08778;01/04/2014;<=10;0;0;<24, 48;439.97;0;0;2/04/2014;17;1001.79;BT;1/01/2011;0;CNE
C08779;01/04/2014;<=10;>0;0;>48;371.83;0;201.73;16/04/2014;8;9346.65;BT;1/01/2014;1;COEF
C08783;01/04/2014;>10;0;0;>48;74.61;74.22;316.01;9/04/2014;17;4575.63;BT;1/01/2011;1;COEF
C08784;01/04/2014;<=10;>0;0;<=24;637.79;0;0;16/04/2014;11;633.1;BT;1/01/2013;0;CNE
C08785;01/04/2014;<=10;0;0;<=24;331.98;331.98;0;8/04/2014;10;3378.76;BT;1/01/2014;1;CNE
C08786;01/04/2014;<=10;>0;0;<24, 48;45.44;0;0;23/04/2014;14;14104.4;BT;1/01/2013;1;CNE
C08787;01/04/2014;<=10;0;0;<24, 48;278.95;0;0;29/04/2014;10;8428.97;BT;1/01/2013;1;COEF
C08788;01/04/2014;<=10;0;0;<24, 48;356.68;0;1080.13;4/04/2014;7;9438.88;BT;1/01/2013;1;COEF
C08789;01/04/2014;>10;0;0;>48;920.75;923.45;2777.06;14/04/2014;7;9375.84;BT;1/01/2011;1;COEF
C08790;01/04/2014;>10;0;0;>48;391.13;0;0;11/04/2014;8;6269.11;BT;1/01/2011;1;COEF
C08791;01/04/2014;<=10;0;0;>48;584.38;0;0;3/04/2014;8;9842.34;BT;1/01/2011;1;CNE
C08792;01/04/2014;<=10;0;0;<=24;337.41;0;0;22/04/2014;16;4881.86;BT;1/01/2013;1;CNE
C08793;01/04/2014;<=10;0;0;>48;778.2;0;0;2/04/2014;20;6760.62;BT;1/01/2011;0;CNE
C08794;01/04/2014;<=10;0;0;>48;702.86;423.51;0;9/04/2014;15;40610.7;BT;1/01/2013;1;COEF
C08795;01/04/2014;>10;0;0;<24, 48;227.08;0;0;7/04/2014;8;1655.77;BT;1/01/2011;1;CNE
C08796;01/04/2014;<=10;0;0;<24, 48;54.74;0;0;3/04/2014;15;40698.1;BT;1/01/2013;1;COEF
C08797;01/04/2014;<=10;0;0;<=24;163.48;0;0;7/04/2014;17;2783.09;BT;1/01/2013;1;COEF
C08798;01/04/2014;<=10;0;0;<24, 48;789.04;0;0;4/04/2014;8;14242.2;BT;1/01/2011;1;COEF
C08799;01/04/2014;>10;0;0;<24, 48;268.51;0;0;8/04/2014;10;833.57;BT;1/01/2011;1;CNE
C08800;01/04/2014;>10;0;0;<24, 48;964.72;0;0;4/04/2014;10;21963;BT;1/01/2012;1;COEF
C08801;01/04/2014;<=10;>0;0;<24, 48;2531.08;0;0;9/04/2014;10;34066.5;BT;1/01/2013;0;CNE
C08802;01/04/2014;<=10;0;0;>48;105.12;0;0;21/04/2014;9;3738.73;BT;1/01/2011;1;CNE
C08803;01/04/2014;<=10;0;0;<=24;301.51;78.58;0;29/04/2014;8;4317.63;BT;1/01/2013;1;CNE
C08804;01/04/2014;<=10;>0;0;<24, 48;401.96;0;0;25/04/2014;7;1197.53;BT;1/01/2011;0;CNE
C08805;01/04/2014;<=10;0;0;<24, 48;594.79;0;0;15/04/2014;9;12729.6;BT;1/01/2012;1;CNE
C08806;01/04/2014;<=10;0;0;<24, 48;166.77;0.34;0;3/04/2014;14;3634.62;BT;1/01/2014;1;COEF
C08808;01/04/2014;<=10;0;0;>48;880.13;0;0;3/04/2014;8;20914.4;BT;1/01/2012;1;COEF
C08810;01/04/2014;>10;0;0;<24, 48;618.76;1080.5;1080.5;8/04/2014;10;6308.64;BT;1/01/2012;1;CNE
C08811;01/04/2014;<=10;0;0;<=24;820.95;225.7;227.75;3/04/2014;14;810.69;BT;1/01/2014;1;CNE
C08812;01/04/2014;<=10;0;0;<24, 48;583.79;0;0;3/04/2014;9;15602.4;BT;1/01/2013;1;CNE
C08814;01/04/2014;>10;0;0;>48;359.61;0;1084.99;29/04/2014;10;8055.31;BT;1/01/2012;1;CNE
C08815;01/04/2014;<=10;>0;0;>48;873.3;1201.83;0;30/04/2014;12;4482.47;BT;1/01/2013;0;CNE
C08816;01/04/2014;>10;>0;1;<24, 48;709.55;0;2148.48;30/04/2014;13;9595.83;BT;1/01/2012;1;CNE
C08817;01/04/2014;<=10;>0;0;<24, 48;323.69;0;0;21/04/2014;14;6741.92;BT;1/01/2013;1;CNE
C08818;01/04/2014;<=10;>0;1;<24, 48;949.76;1342.46;0;24/04/2014;12;9773.93;BT;1/01/2013;0;CNE
C08820;01/04/2014;<=10;0;0;<24, 48;497.22;0;0;14/04/2014;19;11973.2;BT;1/01/2013;1;CNE
C08821;01/04/2014;<=10;0;0;<24, 48;2026.76;0;3053.31;4/04/2014;16;23668;BT;1/01/2012;1;CNE
C08822;01/04/2014;<=10;0;0;>48;132.62;0;0;7/04/2014;16;6327.49;BT;1/01/2012;1;CNE
C08823;01/04/2014;<=10;0;0;<24, 48;554;0;0;8/04/2014;7;4660.08;BT;1/01/2010;1;CNE
C08824;01/04/2014;>10;>0;0;>48;181.68;0;0;23/04/2014;12;7718.01;BT;1/01/2012;1;CNE
C08825;01/04/2014;<=10;0;0;<24, 48;778.01;763.42;388.92;3/04/2014;18;18686.3;BT;1/01/2012;1;COEF
C08828;01/04/2014;<=10;0;0;>48;1401.02;0;0;8/04/2014;17;67388;BT;1/01/2013;1;COEF
C08829;01/04/2014;>10;0;0;<24, 48;819.17;869.16;883.15;29/04/2014;9;14750.4;BT;1/01/2011;1;CNE
C08830;01/04/2014;<=10;>0;1;>48;1481.13;1773.24;0;2/04/2014;11;44820;BT;1/01/2012;1;COEF
C08831;01/04/2014;>10;0;0;<24, 48;760.21;0;0;8/04/2014;9;8089.22;BT;1/01/2011;1;CNE
C08832;01/04/2014;<=10;0;0;<=24;1502.18;2116.12;0;2/04/2014;17;6577.05;BT;1/01/2013;0;CNE
C08833;01/04/2014;<=10;0;0;<=24;526.85;798.14;798.14;24/04/2014;8;1698.81;BT;1/01/2013;0;CNE
C08834;01/04/2014;<=10;0;0;>48;61.25;0;0;4/04/2014;10;3514.87;BT;1/01/2013;1;CNE
C08835;01/04/2014;<=10;0;0;>48;259.56;264.26;285.87;16/04/2014;9;755.37;BT;1/01/2013;1;CNE
C08836;01/04/2014;<=10;0;0;<=24;611.18;613.53;0;28/04/2014;10;609.51;BT;1/01/2014;1;CNE
C08838;01/04/2014;<=10;0;0;<=24;299.64;0;0;29/04/2014;10;597.26;BT;1/01/2013;1;CNE
C08839;01/04/2014;<=10;0;0;>48;2495.13;0;0;4/04/2014;11;58038.2;BT;1/01/2012;1;CNE
C08840;01/04/2014;<=10;0;0;<24, 48;209.78;0;0;25/04/2014;14;3485.52;BT;1/01/2013;1;CNE
C08841;01/04/2014;<=10;0;0;<24, 48;163.63;0;0;24/04/2014;9;2735.04;BT;1/01/2013;1;COEF
C08842;01/04/2014;>10;0;0;<24, 48;268.93;257.34;313.27;28/04/2014;15;803.06;BT;1/01/2010;1;CNE
C08843;01/04/2014;>10;>0;0;<=24;216.91;0;0;29/04/2014;10;1144.61;BT;1/01/2012;1;CNE
C08844;01/04/2014;<=10;0;0;<24, 48;483.38;0;0;3/04/2014;11;4977.09;BT;1/01/2012;1;CNE
C08847;01/04/2014;>10;>0;0;>48;368.85;0;0;14/04/2014;7;3305.81;BT;1/01/2010;1;COEF
C08848;01/04/2014;<=10;>0;1;<24, 48;524.7;521.87;789.54;3/04/2014;20;3640.3;BT;1/01/2013;0;CNE
C08849;01/04/2014;<=10;0;0;>48;221.64;0;0;3/04/2014;15;29193.8;BT;1/01/2012;1;COEF
C08850;01/04/2014;<=10;0;0;<24, 48;742.57;0;309.89;3/04/2014;17;27824;BT;1/01/2013;1;COEF
C08852;01/04/2014;<=10;>0;0;<24, 48;339.44;261.25;594.4;9/04/2014;8;3678.98;BT;1/01/2013;0;CNE
C08853;01/04/2014;<=10;0;0;<24, 48;183.34;0;0;14/04/2014;13;2782.47;BT;1/01/2012;1;CNE
C08855;01/04/2014;<=10;0;0;<=24;309.57;0;0;30/04/2014;9;2404.85;BT;1/01/2013;1;CNE
C08856;01/04/2014;<=10;0;0;>48;1240.32;1194.07;1194.06;22/04/2014;8;48827;BT;1/01/2014;1;COEF
C08858;01/04/2014;<=10;0;0;>48;566.27;0;0;3/04/2014;7;33667.7;BT;1/01/2013;1;CNE
C08859;01/04/2014;<=10;0;0;<24, 48;406.49;0;0;9/04/2014;19;6982.6;BT;1/01/2013;1;CNE
C08860;01/04/2014;<=10;0;0;<24, 48;440.19;440.19;439.35;11/04/2014;11;6108.02;BT;1/01/2011;1;CNE
C08862;01/04/2014;<=10;0;0;>48;299.13;290.47;290.6;3/04/2014;13;3785.12;BT;1/01/2011;1;COEF
C08863;01/04/2014;>10;0;0;>48;447.84;446.87;447.18;4/04/2014;10;6523.42;BT;1/01/2011;1;CNE
C08864;01/04/2014;<=10;0;0;>48;931.01;0;0;3/04/2014;8;17162.5;BT;1/01/2012;1;CNE
C08866;01/04/2014;<=10;0;0;<24, 48;187.56;0;0;21/04/2014;16;4429.62;BT;1/01/2013;1;COEF
C08867;01/04/2014;>10;0;0;>48;212.57;0;0;11/04/2014;10;5417.4;BT;1/01/2012;1;COEF
C08868;01/04/2014;>10;0;0;>48;148.92;102.82;138.02;10/04/2014;13;8655.58;BT;1/01/2012;1;CNE
C08869;01/04/2014;>10;0;0;<24, 48;397.24;0;1176.51;10/04/2014;16;4727.87;BT;1/01/2012;1;CNE
C08870;01/04/2014;>10;>0;0;>48;198.58;809.15;1174.26;16/04/2014;12;31912.4;BT;1/01/2012;1;CNE
C08872;01/04/2014;<=10;0;0;<24, 48;660.07;660.3;659.72;11/04/2014;13;22823;BT;1/01/2013;1;CNE
C08873;01/04/2014;<=10;>0;0;<=24;148.07;0;0;1/04/2014;16;1635.3;BT;1/01/2013;1;CNE
C08875;01/04/2014;<=10;0;0;<24, 48;452.72;262.72;0;11/04/2014;11;14283.1;BT;1/01/2013;1;CNE
C08876;01/04/2014;<=10;0;0;>48;543.01;543.01;537.09;1/04/2014;9;10436.4;BT;1/01/2012;1;CNE
C08877;01/04/2014;<=10;0;0;<24, 48;587.09;0;0;24/04/2014;14;4543.07;BT;1/01/2011;0;COEF
C08878;01/04/2014;<=10;>0;0;<24, 48;531.02;802.17;0;1/04/2014;7;5676.44;BT;1/01/2013;0;CNE
C08879;01/04/2014;<=10;0;0;>48;788.45;0;0;24/04/2014;20;26519.4;BT;1/01/2013;0;CNE
C08881;01/04/2014;<=10;0;0;<24, 48;248.58;377.5;377.5;30/04/2014;13;3285.24;BT;1/01/2013;0;CNE
C08882;01/04/2014;<=10;0;0;<24, 48;1630.81;1634.36;1630.31;15/04/2014;7;39743.6;BT;1/01/2013;1;CNE
C08884;01/04/2014;<=10;0;0;<=24;397.52;0;0;1/04/2014;10;3148.05;BT;1/01/2013;1;CNE
C08885;01/04/2014;<=10;0;0;>48;432.3;0;0;28/04/2014;7;8404.19;BT;1/01/2013;1;CNE
C08886;01/04/2014;<=10;0;0;<24, 48;133.92;109.98;560.47;2/04/2014;11;14448.4;BT;1/01/2012;1;COEF
C08888;01/04/2014;>10;0;0;<24, 48;1758.54;1755.2;1755.2;22/04/2014;18;10932.9;BT;1/01/2011;0;CNE
C08889;01/04/2014;<=10;0;0;<24, 48;30.61;0;0;15/04/2014;8;7010.77;BT;1/01/2013;1;CNE
C08890;01/04/2014;<=10;>0;0;>48;1656.14;0;2296.09;23/04/2014;19;22868.9;BT;1/01/2012;0;CNE
C08891;01/04/2014;>10;>0;0;>48;348.34;0;0;14/04/2014;8;7258.25;BT;1/01/2011;1;COEF
C08892;01/04/2014;<=10;0;0;<24, 48;165.05;0;0;4/04/2014;7;2693.26;BT;1/01/2013;1;COEF
C08893;01/04/2014;<=10;0;0;>48;202.67;0;0;23/04/2014;11;8858.95;BT;1/01/2011;1;CNE
C08894;01/04/2014;<=10;0;0;<24, 48;1271.08;1422.35;1422.97;3/04/2014;7;21294.2;BT;1/01/2012;1;COEF
C08895;01/04/2014;<=10;0;0;>48;40.63;398.03;0;24/04/2014;10;7859.13;BT;1/01/2012;1;CNE
C08897;01/04/2014;>10;0;0;<24, 48;163.97;0;0;16/04/2014;9;3525.43;BT;1/01/2012;1;CNE
C08899;01/04/2014;<=10;0;0;>48;336.21;0;0;3/04/2014;10;9742.26;BT;1/01/2013;1;CNE
C08901;01/04/2014;<=10;>0;0;>48;549.04;0;0;28/04/2014;10;11541.6;BT;1/01/2012;1;CNE
C08903;01/04/2014;>10;0;0;<24, 48;368.19;0;200.25;3/04/2014;11;7825.35;BT;1/01/2012;1;COEF
C08905;01/04/2014;<=10;>0;0;>48;311.44;627.5;944.99;24/04/2014;9;2716.62;BT;1/01/2011;1;CNE
C08906;01/04/2014;<=10;0;0;>48;101.91;0;0;16/04/2014;8;8963.87;BT;1/01/2013;1;CNE
C08908;01/04/2014;<=10;0;0;>48;698.1;693.23;696.66;24/04/2014;11;13805.7;BT;1/01/2012;1;CNE
C08913;01/04/2014;<=10;0;0;<24, 48;506.7;0;1532.82;23/04/2014;9;15296.8;BT;1/01/2014;1;CNE
C08915;01/04/2014;<=10;0;0;>48;1144.14;1145.2;3455.89;4/04/2014;12;30303.2;BT;1/01/2013;1;CNE
C08916;01/04/2014;<=10;0;0;<24, 48;1260.66;0;1168.89;3/04/2014;19;33646.2;BT;1/01/2012;1;COEF
C08917;01/04/2014;>10;0;0;<24, 48;450.17;0;0;15/04/2014;9;2658.46;BT;1/01/2011;1;CNE
C08918;01/04/2014;<=10;0;0;>48;527.47;0;0;10/04/2014;8;24110.1;BT;1/01/2012;1;CNE
C08919;01/04/2014;>10;>0;0;>48;422.78;475.92;273.05;22/04/2014;11;656.88;BT;1/01/2010;0;CNE
C08920;01/04/2014;>10;0;0;<24, 48;2640.33;0;0;1/04/2014;10;7666.7;BT;1/01/2010;0;CNE
C08921;01/04/2014;<=10;0;0;>48;397.51;0;0;3/04/2014;18;51123.4;BT;1/01/2013;1;COEF
C08922;01/04/2014;<=10;>0;0;<=24;461.7;0;0;24/04/2014;17;7875.35;BT;1/01/2013;1;COEF
C08923;01/04/2014;<=10;0;0;<24, 48;194.17;0;0;3/04/2014;9;9162.8;BT;1/01/2012;1;COEF
C08924;01/04/2014;>10;0;0;<24, 48;254.3;0;0;9/04/2014;18;3527.76;BT;1/01/2011;1;COEF
C08925;01/04/2014;>10;0;0;<24, 48;295.65;0;0;3/04/2014;11;2823.3;BT;1/01/2011;1;CNE
C08926;01/04/2014;<=10;0;0;<24, 48;25.91;0;0;9/04/2014;13;17278.7;BT;1/01/2013;1;CNE
C08927;01/04/2014;<=10;0;0;<=24;1287.41;0;3020.63;8/04/2014;12;25098.8;BT;1/01/2014;1;CNE
C08928;01/04/2014;<=10;>0;1;>48;609.02;0;0;14/04/2014;16;13950.3;BT;1/01/2013;1;COEF
C08929;01/04/2014;<=10;0;0;>48;618.77;0;0;7/04/2014;7;15023.2;BT;1/01/2010;1;CNE
C08931;01/04/2014;<=10;0;0;<=24;189.02;0;0;9/04/2014;12;1537.04;BT;1/01/2012;1;CNE
C08932;01/04/2014;<=10;0;0;<24, 48;497.81;0;0;15/04/2014;10;6000.59;BT;1/01/2012;1;CNE
C08933;01/04/2014;<=10;0;0;>48;576.12;0;0;7/04/2014;10;18068.7;BT;1/01/2013;1;CNE
C08934;01/04/2014;>10;0;0;>48;324.34;323.12;0;2/04/2014;11;4388.91;BT;1/01/2010;1;COEF
C08936;01/04/2014;<=10;>0;0;<24, 48;341.76;246.07;0;10/04/2014;12;8051.98;BT;1/01/2012;1;COEF
C08937;01/04/2014;<=10;0;0;>48;316.04;0;0;7/04/2014;10;20842.2;BT;1/01/2013;1;CNE
C08938;01/04/2014;<=10;0;0;<24, 48;603.75;0;2217.9;22/04/2014;15;19673.9;BT;1/01/2012;1;CNE
C08939;01/04/2014;>10;0;0;<24, 48;177.17;177.18;0;3/04/2014;14;1684.51;BT;1/01/2012;1;CNE
C08940;01/04/2014;<=10;0;0;<=24;196.3;0;0;21/04/2014;12;2024.81;BT;1/01/2013;1;COEF
C08941;01/04/2014;>10;0;0;<24, 48;429.27;0;0;2/04/2014;20;916.93;BT;1/01/2011;0;CNE
C08942;01/04/2014;<=10;0;0;<24, 48;677.51;0;0;1/04/2014;17;3654.5;BT;1/01/2012;0;CNE
C08943;01/04/2014;<=10;>0;0;<24, 48;2762.28;0;0;23/04/2014;19;22610.8;BT;1/01/2012;0;CNE
C08944;01/04/2014;<=10;>0;1;<24, 48;513.49;0;0;11/04/2014;16;9394.9;BT;1/01/2013;1;COEF
C08945;01/04/2014;<=10;0;0;<24, 48;280.21;0;0;3/04/2014;13;2754;BT;1/01/2011;1;CNE
C08946;01/04/2014;<=10;0;0;<24, 48;412.26;0;0;10/04/2014;10;9025.28;BT;1/01/2014;1;CNE
C08947;01/04/2014;<=10;0;0;>48;600.47;596.79;385.9;8/04/2014;9;8110.81;BT;1/01/2011;1;CNE
C08948;01/04/2014;<=10;0;1;<24, 48;418.46;0;0;15/04/2014;7;7035.77;BT;1/01/2012;1;COEF
C08949;01/04/2014;<=10;0;0;>48;842.13;0;0;28/04/2014;20;9339.17;BT;1/01/2012;0;CNE
C08950;01/04/2014;>10;0;0;<24, 48;23.08;0;0;3/04/2014;10;2107.92;BT;1/01/2011;1;COEF
C08951;01/04/2014;<=10;0;0;<24, 48;827.25;1103;0;16/04/2014;12;6092.53;BT;1/01/2013;0;CNE
C08952;01/04/2014;<=10;0;0;<=24;785.17;0;745.17;9/04/2014;12;10452;BT;1/01/2013;1;COEF
C08954;01/04/2014;<=10;0;0;<24, 48;487.91;0;0;16/04/2014;11;18145.7;BT;1/01/2013;1;CNE
C08955;01/04/2014;<=10;0;0;<24, 48;93.88;0;0;30/04/2014;8;4935.76;BT;1/01/2013;1;CNE
C08956;01/04/2014;<=10;>0;0;<=24;634.99;637.01;0;29/04/2014;16;627.97;BT;1/01/2013;0;CNE
C08958;01/04/2014;<=10;0;0;<24, 48;233.56;0;0;15/04/2014;12;3677.16;BT;1/01/2012;1;COEF
C08959;01/04/2014;<=10;0;0;>48;417.71;0;0;14/04/2014;13;11337.4;BT;1/01/2013;1;CNE
C08961;01/04/2014;<=10;0;0;<24, 48;388.04;0;0;9/04/2014;17;6368.62;BT;1/01/2013;1;COEF
C08962;01/04/2014;<=10;>0;0;>48;1238.53;0;0;15/04/2014;11;10744.7;BT;1/01/2013;0;CNE
C08963;01/04/2014;>10;0;0;<24, 48;444.71;0;0;14/04/2014;9;5660.62;BT;1/01/2011;1;CNE
C08965;01/04/2014;<=10;0;0;>48;530.85;1324.14;1285.99;9/04/2014;11;36614.9;BT;1/01/2013;1;CNE
C08967;01/04/2014;<=10;0;0;<24, 48;2602.14;0;4132.99;11/04/2014;13;37517.5;BT;1/01/2013;1;CNE
C08968;01/04/2014;<=10;>0;1;<24, 48;103.4;0;0;2/04/2014;15;21786.6;BT;1/01/2013;0;CNE
C08970;01/04/2014;>10;0;0;<=24;165.8;165.8;1001.74;24/04/2014;13;1113.01;BT;1/01/2012;1;CNE
C08971;01/04/2014;<=10;0;0;<24, 48;833.76;193.6;1039.22;8/04/2014;11;24664.2;BT;1/01/2013;1;CNE
C08972;01/04/2014;<=10;0;0;>48;522.32;522.31;522.15;3/04/2014;9;15941.2;BT;1/01/2013;1;COEF
C08973;01/04/2014;<=10;0;0;>48;524.8;0;0;3/04/2014;9;9600.3;BT;1/01/2012;1;COEF
C08974;01/04/2014;<=10;0;0;>48;162.02;243.12;0;9/04/2014;7;6141.35;BT;1/01/2013;1;COEF
C08975;01/04/2014;<=10;0;0;<24, 48;226.12;225.98;225.46;16/04/2014;8;3909.43;BT;1/01/2013;1;CNE
C08976;01/04/2014;<=10;0;0;<24, 48;79.87;0;0;16/04/2014;11;4293.97;BT;1/01/2012;1;COEF
C08977;01/04/2014;>10;0;0;<24, 48;114.09;0;0;11/04/2014;10;1777.21;BT;1/01/2012;1;COEF
C08978;01/04/2014;<=10;0;0;<24, 48;207.88;0;0;21/04/2014;11;1943.59;BT;1/01/2014;1;COEF
C08979;01/04/2014;>10;>0;0;>48;681.79;681.79;554.44;24/04/2014;14;7030.88;BT;1/01/2011;1;COEF
C08980;01/04/2014;<=10;0;0;<24, 48;73.52;0;0;4/04/2014;8;14059.3;BT;1/01/2013;1;CNE
C08983;01/04/2014;>10;0;0;>48;507.91;0;1536.13;24/04/2014;12;7926.51;BT;1/01/2011;1;CNE
C08984;01/04/2014;<=10;>0;0;<24, 48;663.08;913.51;0;22/04/2014;11;5127.54;BT;1/01/2013;0;CNE
C08985;01/04/2014;<=10;>0;0;<24, 48;710.57;968.25;0;25/04/2014;14;3732.06;BT;1/01/2012;0;CNE
C08986;01/04/2014;<=10;0;0;<24, 48;128.85;119.76;123.15;21/04/2014;10;2718.56;BT;1/01/2012;1;CNE
C08987;01/04/2014;<=10;0;0;<=24;349.23;0;405.73;8/04/2014;12;7301.6;BT;1/01/2013;1;COEF
C08988;01/04/2014;<=10;0;0;<24, 48;982.02;0;0;11/04/2014;7;17710.7;BT;1/01/2013;1;CNE
C08989;01/04/2014;<=10;0;0;<24, 48;231.98;232.29;114.15;9/04/2014;11;6080.69;BT;1/01/2013;1;COEF
C08990;01/04/2014;<=10;>0;0;<=24;618.85;280.7;0;29/04/2014;16;3511.1;BT;1/01/2013;0;COEF
C08991;01/04/2014;<=10;>0;0;>48;637.41;0;955.78;28/04/2014;10;13267.8;BT;1/01/2012;1;COEF
C08993;01/04/2014;<=10;>0;0;<24, 48;1651.96;2211.83;0;16/04/2014;19;15775;BT;1/01/2013;0;COEF
C08994;01/04/2014;<=10;0;0;<=24;96.6;0;264.17;15/04/2014;15;546.47;BT;1/01/2012;1;CNE
C08995;01/04/2014;<=10;0;0;<24, 48;196.12;0;0;3/04/2014;15;4198.99;BT;1/01/2013;1;COEF
C08997;01/04/2014;<=10;0;0;>48;673.97;0;0;9/04/2014;7;21901.6;BT;1/01/2013;1;COEF
C08999;01/04/2014;>10;0;0;>48;1079.47;0;0;3/04/2014;7;27832;BT;1/01/2012;1;COEF
C09000;01/04/2014;>10;0;0;<24, 48;123.8;0;0;7/04/2014;7;1215.85;BT;1/01/2012;1;CNE
C09001;01/04/2014;>10;0;0;<24, 48;523.6;523.6;520.77;2/04/2014;8;9011.6;BT;1/01/2013;1;CNE
C09002;01/04/2014;<=10;0;0;<=24;1054.3;1057.64;0;23/04/2014;16;1038.69;BT;1/01/2013;0;CNE
C09003;01/04/2014;<=10;>0;1;>48;164.47;0;0;10/04/2014;7;20351.2;BT;1/01/2012;1;COEF
C09004;01/04/2014;>10;>0;0;<24, 48;386.87;0;0;1/04/2014;17;7991.33;BT;1/01/2012;1;CNE
C09007;01/04/2014;<=10;0;0;<=24;258.34;279.1;290.35;29/04/2014;10;1363.41;BT;1/01/2012;1;CNE
C09009;01/04/2014;<=10;0;0;<24, 48;992.26;0;0;4/04/2014;12;20451.4;BT;1/01/2012;1;COEF
C09011;01/04/2014;<=10;>0;0;>48;1472.36;472.36;1065.53;3/04/2014;17;12810.6;BT;1/01/2010;1;COEF
C09012;01/04/2014;<=10;0;0;<=24;174.37;1152.81;0;2/04/2014;7;3358.08;BT;1/01/2013;1;CNE
C09013;01/04/2014;>10;0;0;>48;268.1;0;0;8/04/2014;13;3232.33;BT;1/01/2011;1;CNE
C09014;01/04/2014;<=10;>0;0;<24, 48;594.6;0;0;7/04/2014;11;16468.1;BT;1/01/2012;1;CNE
C09015;01/04/2014;<=10;0;0;<24, 48;560.57;0;0;3/04/2014;16;13159.8;BT;1/01/2013;1;COEF
C09016;01/04/2014;>10;0;0;<24, 48;232.81;0;0;4/04/2014;11;14243;BT;1/01/2012;1;CNE
C09018;01/04/2014;<=10;0;0;<24, 48;226.36;0;0;7/04/2014;7;4630.23;BT;1/01/2013;1;CNE
C09019;01/04/2014;<=10;0;0;>48;369.27;0;0;7/04/2014;11;11935.2;BT;1/01/2012;1;COEF
C09020;01/04/2014;<=10;0;0;<24, 48;813.92;0;0;15/04/2014;17;5842.68;BT;1/01/2013;0;CNE
C09021;01/04/2014;<=10;>0;0;<24, 48;237.37;360.91;0;9/04/2014;9;3494.3;BT;1/01/2013;0;COEF
C09022;01/04/2014;<=10;0;0;<24, 48;294.4;294.4;884.78;24/04/2014;10;5864.06;BT;1/01/2013;1;CNE
C09024;01/04/2014;<=10;>0;0;<24, 48;904.22;0;0;4/04/2014;20;16419.6;BT;1/01/2013;1;COEF
C09026;01/04/2014;<=10;>0;1;<24, 48;600.56;599.21;0;14/04/2014;17;3720.3;BT;1/01/2013;0;CNE
C09027;01/04/2014;<=10;>0;1;>48;754.72;754.72;2277.62;21/04/2014;14;23899;BT;1/01/2013;1;COEF
C09028;01/04/2014;<=10;>0;0;<24, 48;352.47;0;0;16/04/2014;7;6550.11;BT;1/01/2012;1;CNE
C09029;01/04/2014;<=10;0;0;<24, 48;44.92;212.51;0;3/04/2014;18;22630.3;BT;1/01/2012;1;COEF
C09030;01/04/2014;<=10;0;0;<24, 48;458.18;0;0;22/04/2014;12;3087.64;BT;1/01/2013;0;CNE
C09031;01/04/2014;>10;0;0;<24, 48;613.75;0;0;8/04/2014;8;9241.94;BT;1/01/2011;1;COEF
C09033;01/04/2014;<=10;0;0;<24, 48;211.46;244.14;0;3/04/2014;9;28530.3;BT;1/01/2013;1;CNE
C09034;01/04/2014;>10;0;0;<24, 48;605.45;1824.05;1824.05;7/04/2014;15;3037.74;BT;1/01/2010;1;COEF
C09035;01/04/2014;<=10;>0;1;<=24;429.77;588.1;0;7/04/2014;18;2773.72;BT;1/01/2013;0;COEF
C09037;01/04/2014;<=10;0;0;<24, 48;343.96;711.47;1081.2;9/04/2014;8;5103.21;BT;1/01/2011;1;CNE
C09038;01/04/2014;<=10;0;0;<=24;49.74;0;0;14/04/2014;7;2030.8;BT;1/01/2012;1;CNE
C09039;01/04/2014;<=10;0;0;<24, 48;1850.36;0;0;10/04/2014;16;10472.5;BT;1/01/2012;0;CNE
C09040;01/04/2014;<=10;0;0;>48;231.52;0;0;22/04/2014;9;5908.51;BT;1/01/2012;1;CNE
C09042;01/04/2014;<=10;0;0;<24, 48;150.65;0;0;11/04/2014;7;3195.43;BT;1/01/2012;1;CNE
C09043;01/04/2014;>10;0;0;>48;509.57;0;0;4/04/2014;7;18332.8;BT;1/01/2011;1;CNE
C09044;01/04/2014;<=10;0;0;<=24;989.51;0;0;29/04/2014;10;4885.93;BT;1/01/2013;0;CNE
C09045;01/04/2014;<=10;0;0;>48;624.7;765.48;761.12;4/04/2014;7;23229.9;BT;1/01/2012;1;COEF
C09046;01/04/2014;<=10;0;0;<24, 48;518.52;0;1552.46;25/04/2014;9;9925.83;BT;1/01/2013;1;CNE
C09048;01/04/2014;<=10;0;0;<24, 48;36.39;0;0;24/04/2014;8;5144.43;BT;1/01/2013;1;CNE
C09050;01/04/2014;<=10;0;0;>48;260.04;191.18;421.98;15/04/2014;12;10027.6;BT;1/01/2012;1;CNE
C09051;01/04/2014;<=10;>0;1;<24, 48;739.15;0;0;16/04/2014;16;3088.18;BT;1/01/2012;0;CNE
C09052;01/04/2014;<=10;0;0;<24, 48;265.93;0;0;8/04/2014;13;7269.7;BT;1/01/2013;1;CNE
C09053;01/04/2014;<=10;>0;0;>48;2965.06;0;0;14/04/2014;8;29136.6;BT;1/01/2013;0;CNE
C09055;01/04/2014;>10;>0;1;<24, 48;767.06;1068.04;0;24/04/2014;16;2165.78;BT;1/01/2011;0;COEF
C09057;01/04/2014;<=10;0;0;<=24;619.28;0;0;9/04/2014;20;3608.88;BT;1/01/2013;0;CNE
C09061;01/04/2014;<=10;0;0;<24, 48;254.75;0;0;22/04/2014;8;4770.21;BT;1/01/2013;1;CNE
C09062;01/04/2014;<=10;0;0;<24, 48;634.76;0;0;30/04/2014;13;16505.9;BT;1/01/2013;1;CNE
C09063;01/04/2014;>10;0;0;>48;812.46;810.8;0;2/04/2014;8;14691.6;BT;1/01/2011;1;CNE
C09064;01/04/2014;>10;0;0;>48;558.4;0;0;2/04/2014;10;556.83;BT;1/01/2012;0;COEF
C09065;01/04/2014;<=10;0;0;<24, 48;111.96;111.94;20.59;30/04/2014;12;8677.22;BT;1/01/2013;1;CNE
C09066;01/04/2014;<=10;>0;0;<24, 48;655.28;987.51;987.51;11/04/2014;7;4649.67;BT;1/01/2012;0;CNE
C09068;01/04/2014;<=10;0;0;<=24;521.93;0;1433.82;30/04/2014;8;7764.65;BT;1/01/2013;1;CNE
C09069;01/04/2014;<=10;0;0;<24, 48;324.92;0;0;3/04/2014;10;2065.74;BT;1/01/2011;1;CNE
C09070;01/04/2014;<=10;0;0;<24, 48;181.89;201.96;201.96;24/04/2014;8;3746.79;BT;1/01/2013;1;CNE
C09071;01/04/2014;<=10;0;0;<24, 48;66.73;305.64;545.72;22/04/2014;14;5619.52;BT;1/01/2013;1;CNE
C09073;01/04/2014;<=10;0;0;<24, 48;91.36;0;0;8/04/2014;8;9208.37;BT;1/01/2013;1;COEF
C09074;01/04/2014;<=10;0;0;<24, 48;336.09;0;0;10/04/2014;16;5801.6;BT;1/01/2013;1;CNE
C09075;01/04/2014;<=10;>0;1;<=24;968.43;0;0;10/04/2014;15;12393;BT;1/01/2013;0;COEF
C09077;01/04/2014;<=10;0;0;<24, 48;432.35;0;214.48;4/04/2014;11;22425.1;BT;1/01/2013;1;CNE
C09078;01/04/2014;<=10;0;0;>48;213.26;0;0;10/04/2014;16;15405.7;BT;1/01/2013;1;CNE
C09080;01/04/2014;>10;0;0;<24, 48;259.92;259.92;261.54;10/04/2014;14;5016.12;BT;1/01/2011;1;CNE
C09081;01/04/2014;>10;0;0;<24, 48;393.06;0;0;11/04/2014;14;7645.77;BT;1/01/2012;1;COEF
C09082;01/04/2014;<=10;0;0;<24, 48;544.57;0;0;4/04/2014;8;10108.6;BT;1/01/2013;1;CNE
C09083;01/04/2014;>10;0;0;<24, 48;194.97;190.33;271.4;30/04/2014;16;6920.13;BT;1/01/2012;1;CNE
C09084;01/04/2014;<=10;0;0;>48;586.09;881.57;0;2/04/2014;16;1431.69;BT;1/01/2012;0;CNE
C09087;01/04/2014;>10;0;0;<24, 48;192.33;193.26;0;30/04/2014;9;2524.01;BT;1/01/2012;1;CNE
C09088;01/04/2014;>10;0;0;>48;326.66;328.77;0;8/04/2014;8;6418.14;BT;1/01/2012;1;COEF
C09090;01/04/2014;<=10;0;0;>48;1462.32;989.39;0;22/04/2014;18;4411.27;BT;1/01/2012;0;CNE
C09091;01/04/2014;<=10;0;0;<24, 48;592.1;0;0;22/04/2014;8;15945.3;BT;1/01/2013;1;COEF
C09092;01/04/2014;>10;0;0;<24, 48;262.35;0;0;14/04/2014;9;2361;BT;1/01/2011;1;CNE
C09093;01/04/2014;>10;0;0;<24, 48;331.97;332.32;332.77;1/04/2014;16;6447.18;BT;1/01/2012;1;CNE
C09094;01/04/2014;<=10;0;0;>48;233.54;194.84;261.37;15/04/2014;12;8185.99;BT;1/01/2012;1;COEF
C09095;01/04/2014;<=10;0;0;<=24;101.83;0;0;22/04/2014;7;8502.81;BT;1/01/2013;1;CNE
C09096;01/04/2014;<=10;0;0;>48;471.98;471.98;0;28/04/2014;10;25365.1;BT;1/01/2013;1;COEF
C09097;01/04/2014;<=10;0;0;<=24;112.36;0;0;16/04/2014;15;609.34;BT;1/01/2014;1;CNE
C09098;01/04/2014;<=10;0;0;<24, 48;375.52;0;375.47;10/04/2014;15;11223.7;BT;1/01/2013;1;CNE
C09099;01/04/2014;<=10;>0;0;<24, 48;1166.08;1525.36;1862.2;10/04/2014;9;14331.8;BT;1/01/2013;0;CNE
C09100;01/04/2014;<=10;0;0;<24, 48;179.41;222.97;0;11/04/2014;10;3959.86;BT;1/01/2013;1;CNE
C09101;01/04/2014;<=10;>0;0;<24, 48;211.13;0;639.7;28/04/2014;15;4070.85;BT;1/01/2013;1;CNE
C09104;01/04/2014;<=10;>0;0;<=24;212.21;362.27;362.27;25/04/2014;11;1442.01;BT;1/01/2013;0;CNE
C09105;01/04/2014;<=10;0;0;<24, 48;243.23;249.67;0;25/04/2014;20;5107.97;BT;1/01/2014;1;CNE
C09106;01/04/2014;<=10;>0;0;<24, 48;464.22;707.26;733.73;7/04/2014;14;3075.79;BT;1/01/2012;0;CNE
C09107;01/04/2014;>10;0;0;>48;389.96;383.46;0;3/04/2014;20;2711.59;BT;1/01/2010;1;CNE
C09108;01/04/2014;>10;0;0;>48;383.67;0;0;3/04/2014;11;8618.01;BT;1/01/2012;1;COEF
C09109;01/04/2014;<=10;0;0;<24, 48;112.91;0;0;4/04/2014;9;1300.81;BT;1/01/2011;1;CNE
C09111;01/04/2014;<=10;0;0;<24, 48;199.69;0;0;8/04/2014;12;3536.08;BT;1/01/2013;1;CNE
C09112;01/04/2014;<=10;0;0;<24, 48;602.59;907.23;0;30/04/2014;18;5082.76;BT;1/01/2013;0;CNE
C09114;01/04/2014;<=10;0;0;<24, 48;42;0;0;8/04/2014;10;3624.97;BT;1/01/2013;1;CNE
C09115;01/04/2014;>10;0;0;<24, 48;359.1;121.14;0;15/04/2014;11;3595.88;BT;1/01/2011;1;CNE
C09116;01/04/2014;<=10;0;0;>48;320.53;0;0;3/04/2014;8;29924.4;BT;1/01/2013;1;CNE
C09118;01/04/2014;<=10;>0;0;>48;421.65;300.96;423.09;14/04/2014;19;12845.2;BT;1/01/2013;0;COEF
C09119;01/04/2014;<=10;0;0;<24, 48;476.75;0;0;29/04/2014;7;7135.59;BT;1/01/2012;1;CNE
C09120;01/04/2014;<=10;0;0;<24, 48;413.18;413.81;414.46;29/04/2014;8;10096;BT;1/01/2013;1;CNE
C09121;01/04/2014;<=10;0;0;<24, 48;497.48;477.55;0;28/04/2014;19;2901.07;BT;1/01/2012;0;CNE
C09123;01/04/2014;<=10;0;0;<24, 48;997.92;0;0;3/04/2014;8;28373.4;BT;1/01/2013;1;COEF
C09124;01/04/2014;<=10;0;0;<24, 48;289.46;0;871.17;29/04/2014;9;1654.88;BT;1/01/2011;0;CNE
C09125;01/04/2014;<=10;0;0;<=24;917.84;1230.51;0;16/04/2014;10;5242.14;BT;1/01/2013;0;CNE
C09128;01/04/2014;<=10;0;0;>48;179.84;0;0;16/04/2014;9;2696.07;BT;1/01/2011;1;CNE
C09129;01/04/2014;<=10;0;0;>48;238.15;225.05;0;22/04/2014;8;4929.75;BT;1/01/2013;1;CNE
C09130;01/04/2014;<=10;0;0;<24, 48;447.98;0;0;8/04/2014;18;42895.8;BT;1/01/2013;1;COEF
C09133;01/04/2014;<=10;0;0;<24, 48;553.93;0;1685.14;25/04/2014;9;9327.97;BT;1/01/2013;1;CNE
C09134;01/04/2014;>10;>0;0;<24, 48;500.03;871.92;0;3/04/2014;15;5876.36;BT;1/01/2011;0;CNE
C09135;01/04/2014;<=10;0;0;<24, 48;746.66;0;2249.7;28/04/2014;10;19949;BT;1/01/2014;1;CNE
C09136;01/04/2014;>10;0;0;<24, 48;467.77;0;0;29/04/2014;7;2594.58;BT;1/01/2012;0;CNE
C09137;01/04/2014;<=10;0;0;<24, 48;221.98;224.8;0;16/04/2014;9;657.39;BT;1/01/2011;1;CNE
C09138;01/04/2014;>10;0;0;<24, 48;833.45;0;0;21/04/2014;20;10973.6;BT;1/01/2011;1;COEF
C09139;01/04/2014;>10;0;0;<24, 48;694.64;0;0;8/04/2014;10;10470.1;BT;1/01/2012;1;CNE
C09140;01/04/2014;<=10;0;0;<24, 48;417.72;352.7;215;14/04/2014;14;7701.96;BT;1/01/2013;1;CNE
C09141;01/04/2014;<=10;0;0;<24, 48;520.15;522.91;0;3/04/2014;19;14392.9;BT;1/01/2013;1;COEF
C09144;01/04/2014;<=10;>0;0;<24, 48;1812.03;0;2787.02;29/04/2014;10;31459.6;BT;1/01/2014;0;CNE
C09147;01/04/2014;<=10;0;0;<24, 48;231.69;0;0;3/04/2014;13;1667.89;BT;1/01/2011;1;CNE
C09148;01/04/2014;<=10;0;0;<=24;221.72;0;0;7/04/2014;14;3661.25;BT;1/01/2013;1;COEF
C09149;01/04/2014;<=10;0;0;>48;250.38;850.37;0;9/04/2014;15;20954.8;BT;1/01/2013;1;COEF
C09150;01/04/2014;<=10;>0;0;>48;1520.49;0;2385.95;22/04/2014;14;16752.1;BT;1/01/2012;0;CNE
C09151;01/04/2014;<=10;0;0;<24, 48;329.98;24.39;97.18;4/04/2014;10;9797.41;BT;1/01/2013;1;CNE
C09152;01/04/2014;>10;>0;0;<24, 48;1192.25;0;0;11/04/2014;17;12081.6;BT;1/01/2011;0;CNE
C09153;01/04/2014;<=10;0;0;<24, 48;493.26;0;0;3/04/2014;10;12394;BT;1/01/2013;1;COEF
C09154;01/04/2014;>10;0;0;>48;323.55;0;0;16/04/2014;7;7998.3;BT;1/01/2012;1;CNE
C09155;01/04/2014;<=10;0;0;>48;449.94;0;0;3/04/2014;18;11539.6;BT;1/01/2013;1;COEF
C09156;01/04/2014;<=10;0;0;<24, 48;158.14;159.7;159.7;15/04/2014;15;2035.8;BT;1/01/2012;1;CNE
C09158;01/04/2014;<=10;0;0;<24, 48;327.16;327.16;981.89;15/04/2014;11;6909.77;BT;1/01/2014;1;CNE
C09159;01/04/2014;<=10;0;0;<24, 48;417.95;0;0;3/04/2014;11;9318.88;BT;1/01/2013;1;CNE
C09160;01/04/2014;<=10;>0;0;<24, 48;806.54;1415.19;0;10/04/2014;18;13977.3;BT;1/01/2013;0;COEF
C09161;01/04/2014;<=10;0;0;<=24;249.19;0;866.56;10/04/2014;16;4921.75;BT;1/01/2013;1;CNE
C09162;01/04/2014;<=10;>0;0;>48;332.42;0;0;28/04/2014;12;7495.72;BT;1/01/2012;1;COEF
C09163;01/04/2014;<=10;0;0;>48;587.02;0;0;8/04/2014;8;17693.4;BT;1/01/2013;1;COEF
C09164;01/04/2014;<=10;0;0;<24, 48;783.64;0;0;2/04/2014;10;21475.4;BT;1/01/2013;1;CNE
C09165;01/04/2014;<=10;0;0;<24, 48;282.17;0;0;28/04/2014;13;5713.88;BT;1/01/2013;1;COEF
C09166;01/04/2014;<=10;0;0;<24, 48;468.55;0;0;9/04/2014;18;9946.33;BT;1/01/2013;1;CNE
C09167;01/04/2014;<=10;0;0;<24, 48;169.07;0;0;8/04/2014;8;3554;BT;1/01/2012;1;CNE
C09168;01/04/2014;<=10;>0;1;>48;1342.56;1794.38;0;3/04/2014;12;9926.88;BT;1/01/2012;0;CNE
C09169;01/04/2014;<=10;0;0;<24, 48;66.07;0;0;24/04/2014;10;985.56;BT;1/01/2010;1;COEF
C09170;01/04/2014;<=10;0;0;>48;562.19;563.98;563.98;21/04/2014;9;7554.16;BT;1/01/2011;1;COEF
C09171;01/04/2014;<=10;>0;0;>48;1197.94;0;0;23/04/2014;13;34802.4;BT;1/01/2013;1;CNE
C09172;01/04/2014;<=10;0;0;<=24;87.82;0;0;4/04/2014;9;2849.37;BT;1/01/2014;1;COEF
C09173;01/04/2014;<=10;0;0;<24, 48;186.16;0;0;3/04/2014;15;4163.68;BT;1/01/2014;1;COEF
C09176;01/04/2014;<=10;0;0;<24, 48;163.86;0;0;15/04/2014;16;2370.78;BT;1/01/2012;1;CNE
C09177;01/04/2014;<=10;>0;0;<24, 48;1027.42;1686.45;0;9/04/2014;14;12177;BT;1/01/2011;0;COEF
C09178;01/04/2014;<=10;0;0;<24, 48;314.95;0;959.69;11/04/2014;14;5247.56;BT;1/01/2013;1;CNE
C09179;01/04/2014;<=10;0;0;<24, 48;908.03;0;0;10/04/2014;16;28147.9;BT;1/01/2013;1;COEF
C09180;01/04/2014;<=10;0;0;<24, 48;598.22;0;0;3/04/2014;18;9921.65;BT;1/01/2011;1;COEF
C09183;01/04/2014;<=10;>0;0;<24, 48;293.24;0;969.14;11/04/2014;19;8090.27;BT;1/01/2013;1;CNE
C09184;01/04/2014;<=10;0;0;<=24;609.01;0;0;8/04/2014;14;609.34;BT;1/01/2014;1;CNE
C09187;01/04/2014;<=10;0;0;<24, 48;651.97;0;0;7/04/2014;10;20961.3;BT;1/01/2013;1;COEF
C09189;01/04/2014;<=10;0;0;>48;495.83;161.24;159.97;1/04/2014;16;6501.39;BT;1/01/2012;0;COEF
C09190;01/04/2014;<=10;0;0;<24, 48;53.76;0;0;15/04/2014;15;23737.5;BT;1/01/2013;1;CNE
C09191;01/04/2014;<=10;0;0;<24, 48;359.73;0;0;16/04/2014;10;9389.56;BT;1/01/2013;1;CNE
C09192;01/04/2014;<=10;0;0;>48;36.51;0;0;10/04/2014;12;18720.5;BT;1/01/2013;1;CNE
C09193;01/04/2014;<=10;>0;1;<24, 48;68.17;0;0;10/04/2014;12;2414.43;BT;1/01/2013;1;COEF
C09194;01/04/2014;<=10;>0;0;<=24;1509.32;2181.2;0;10/04/2014;15;2903.55;BT;1/01/2012;0;COEF
C09195;01/04/2014;<=10;0;0;<=24;86.99;86.99;0;29/04/2014;11;607.19;BT;1/01/2013;1;CNE
C09199;01/04/2014;>10;>0;0;<24, 48;748.62;0;0;24/04/2014;18;3738.68;BT;1/01/2012;0;CNE
C09200;01/04/2014;>10;>0;0;<24, 48;382.05;382.77;382.77;1/04/2014;13;8314.79;BT;1/01/2012;1;CNE
C09201;01/04/2014;<=10;0;0;>48;984.43;0;0;2/04/2014;10;12814;BT;1/01/2014;0;CNE
C09202;01/04/2014;<=10;0;0;>48;181.47;0;0;3/04/2014;20;2447.05;BT;1/01/2013;0;CNE
C09203;01/04/2014;<=10;0;0;<24, 48;1474.55;0;0;1/04/2014;10;43182.4;BT;1/01/2013;1;COEF
C09205;01/04/2014;>10;0;0;>48;39.92;0;0;10/04/2014;20;19873.7;BT;1/01/2012;0;COEF
C09206;01/04/2014;<=10;0;0;>48;582.83;0;0;3/04/2014;9;20236;BT;1/01/2013;1;COEF
C09207;01/04/2014;>10;0;0;>48;608.76;0;0;3/04/2014;17;13796.4;BT;1/01/2011;1;CNE
C09208;01/04/2014;<=10;0;0;<24, 48;379.49;0;0;15/04/2014;12;7574.09;BT;1/01/2012;1;COEF
C09210;01/04/2014;>10;0;0;<24, 48;405.76;405.76;0;25/04/2014;7;1388.15;BT;1/01/2012;0;CNE
C09211;01/04/2014;<=10;>0;0;>48;1168.35;0;0;9/04/2014;15;17091.1;BT;1/01/2013;0;COEF
C09212;01/04/2014;<=10;0;0;<24, 48;773.1;1033.8;0;11/04/2014;11;5790.13;BT;1/01/2013;0;CNE
C09214;01/04/2014;>10;0;0;<24, 48;174.18;0;0;9/04/2014;13;6566.47;BT;1/01/2012;1;CNE
C09215;01/04/2014;>10;0;0;<24, 48;269.47;0;0;4/04/2014;14;3109.5;BT;1/01/2012;1;CNE
C09216;01/04/2014;<=10;0;0;<24, 48;1511.71;0;1519.02;4/04/2014;10;47217.3;BT;1/01/2013;1;COEF
C09217;01/04/2014;<=10;0;0;<24, 48;428.89;646.15;0;8/04/2014;20;2571.77;BT;1/01/2012;0;CNE
C09218;01/04/2014;<=10;0;0;>48;444.57;449.4;447.45;1/04/2014;11;6026.8;BT;1/01/2011;1;COEF
C09219;01/04/2014;<=10;0;0;<=24;110.51;271.72;168.12;9/04/2014;7;3087.41;BT;1/01/2013;1;CNE
C09220;01/04/2014;>10;0;0;<24, 48;403.45;0;0;9/04/2014;10;1607.09;BT;1/01/2010;1;CNE
C09221;01/04/2014;<=10;0;0;<24, 48;338.13;0;0;3/04/2014;11;7879.2;BT;1/01/2013;1;COEF
C09222;01/04/2014;<=10;0;0;<24, 48;277.18;276.93;0;9/04/2014;11;4846.08;BT;1/01/2013;1;CNE
C09223;01/04/2014;<=10;0;0;<24, 48;173.7;0;166.97;7/04/2014;8;8470.61;BT;1/01/2014;1;COEF
C09224;01/04/2014;>10;0;0;<=24;192.7;0;0;9/04/2014;11;729.69;BT;1/01/2012;1;COEF
C09225;01/04/2014;>10;0;0;<24, 48;922.37;0;908.91;15/04/2014;9;8610.58;BT;1/01/2011;1;CNE
C09227;01/04/2014;<=10;0;0;<24, 48;230.29;235.17;235.17;16/04/2014;14;4554.87;BT;1/01/2013;1;CNE
C09228;01/04/2014;>10;0;0;<24, 48;180.84;0;0;16/04/2014;9;3289.76;BT;1/01/2011;1;CNE
C09229;01/04/2014;<=10;0;0;>48;781.28;0;2371.75;8/04/2014;10;18355;BT;1/01/2012;1;CNE
C09230;01/04/2014;<=10;0;0;>48;292.63;0;0;9/04/2014;13;2358.79;BT;1/01/2011;1;CNE
C09233;01/04/2014;<=10;>0;0;<24, 48;2383.6;3191.44;0;24/04/2014;18;13816.7;BT;1/01/2012;0;COEF
C09234;01/04/2014;<=10;0;0;<=24;1268.25;0;0;15/04/2014;10;5172.41;BT;1/01/2013;0;CNE
C09235;01/04/2014;<=10;0;0;>48;216.12;216.87;216.99;8/04/2014;9;5691.94;BT;1/01/2013;1;COEF
C09236;01/04/2014;<=10;0;0;<=24;459.29;476.58;118.13;11/04/2014;13;3110.38;BT;1/01/2013;1;CNE
C09237;01/04/2014;<=10;0;0;<=24;914.98;0;0;1/04/2014;9;1144.12;BT;1/01/2012;0;CNE
C09238;01/04/2014;<=10;0;0;<24, 48;279.76;279.76;0;29/04/2014;7;3122.6;BT;1/01/2012;1;CNE
C09239;01/04/2014;>10;0;0;>48;390.14;390.14;0;23/04/2014;11;9155.19;BT;1/01/2013;1;CNE
C09240;01/04/2014;<=10;0;0;>48;1726.8;1671.76;0;8/04/2014;15;75010.9;BT;1/01/2013;1;COEF
C09241;01/04/2014;<=10;0;0;<24, 48;220.09;448.27;677.58;15/04/2014;11;4708.9;BT;1/01/2014;1;CNE
C09242;01/04/2014;<=10;0;0;>48;490.28;0;0;21/04/2014;8;10462.1;BT;1/01/2012;1;CNE
C09243;01/04/2014;<=10;>0;0;>48;3881.73;0;0;23/04/2014;11;54310.9;BT;1/01/2013;0;CNE
C09244;01/04/2014;>10;0;0;<24, 48;397.85;0;0;9/04/2014;8;2270.28;BT;1/01/2011;1;CNE
C09245;01/04/2014;<=10;0;0;<24, 48;307.74;0;0;10/04/2014;10;4762.73;BT;1/01/2011;1;CNE
C09246;01/04/2014;<=10;0;0;>48;171.02;0;0;11/04/2014;16;7634.35;BT;1/01/2011;1;COEF
C09247;01/04/2014;<=10;>0;0;<24, 48;288.73;0;869.74;30/04/2014;12;4713.17;BT;1/01/2013;1;CNE
C09249;01/04/2014;<=10;0;0;<24, 48;107.21;68.52;87.32;1/04/2014;8;28529.7;BT;1/01/2013;1;CNE
C09250;01/04/2014;<=10;0;0;<24, 48;130.86;131.04;131.2;21/04/2014;11;2188.13;BT;1/01/2013;1;COEF
C09254;01/04/2014;>10;0;0;<24, 48;98.87;0;892.4;10/04/2014;12;22448.7;BT;1/01/2012;1;CNE
C09255;01/04/2014;<=10;0;0;>48;218.38;0;0;14/04/2014;14;3788.23;BT;1/01/2012;1;CNE
C09256;01/04/2014;<=10;0;0;>48;400.71;0;1208.52;16/04/2014;10;10018;BT;1/01/2013;1;CNE
C09257;01/04/2014;<=10;0;0;<=24;224.53;229.58;0;3/04/2014;15;1352.29;BT;1/01/2012;1;COEF
C09258;01/04/2014;<=10;0;0;<24, 48;188.07;201.99;0;14/04/2014;12;793.07;BT;1/01/2010;1;CNE
C09260;01/04/2014;<=10;0;0;<24, 48;217.74;0;0;7/04/2014;9;16225.4;BT;1/01/2012;1;CNE
C09261;01/04/2014;<=10;0;0;>48;311.59;0;0;3/04/2014;10;9679.04;BT;1/01/2013;1;CNE
C09263;01/04/2014;<=10;0;0;<=24;1033.22;1392.74;0;28/04/2014;12;3845.86;BT;1/01/2013;0;CNE
C09264;01/04/2014;<=10;0;0;<24, 48;480.45;731.51;0;10/04/2014;20;3068.65;BT;1/01/2012;0;CNE
C09265;01/04/2014;<=10;0;0;<24, 48;251.79;0;0;11/04/2014;17;4033.94;BT;1/01/2013;1;CNE
C09266;01/04/2014;<=10;>0;0;>48;733.83;1470.06;210.16;30/04/2014;7;20856.8;BT;1/01/2013;1;CNE
C09270;01/04/2014;<=10;0;0;>48;98.07;0;0;3/04/2014;16;605.82;BT;1/01/2010;1;COEF
C09271;01/04/2014;<=10;0;0;>48;130.35;175.26;389.15;3/04/2014;17;10581.4;BT;1/01/2013;1;COEF
C09272;01/04/2014;<=10;0;0;>48;214.86;214.86;214.86;1/04/2014;16;3148.37;BT;1/01/2012;1;CNE
C09273;01/04/2014;<=10;0;0;<24, 48;208.73;208.64;208.75;3/04/2014;14;4249.78;BT;1/01/2014;1;COEF
C09274;01/04/2014;<=10;0;0;<24, 48;418.38;0;15.06;8/04/2014;7;8101.83;BT;1/01/2012;1;CNE
C09275;01/04/2014;<=10;0;0;>48;130.29;0;0;3/04/2014;12;2950.31;BT;1/01/2013;0;CNE
C09276;01/04/2014;<=10;0;0;<24, 48;306.43;0;0;23/04/2014;11;6873.33;BT;1/01/2013;1;CNE
C09277;01/04/2014;<=10;0;0;<24, 48;738.28;0;2224.08;28/04/2014;10;14470;BT;1/01/2012;1;CNE
C09278;01/04/2014;>10;0;0;<24, 48;162.47;354;148.32;14/04/2014;13;5515.47;BT;1/01/2012;1;CNE
C09279;01/04/2014;<=10;0;0;<24, 48;43.17;189.53;0;1/04/2014;15;5558.8;BT;1/01/2012;1;CNE
C09280;01/04/2014;<=10;0;0;<24, 48;213.88;214.38;644.62;30/04/2014;9;4462.77;BT;1/01/2013;1;CNE
C09282;01/04/2014;<=10;0;0;<=24;338.21;509.42;0;29/04/2014;7;3082.78;BT;1/01/2013;0;CNE
C09283;01/04/2014;>10;0;0;<24, 48;412.08;0;0;22/04/2014;9;1276.59;BT;1/01/2011;1;CNE
C09284;01/04/2014;<=10;0;0;<24, 48;513.22;0;0;10/04/2014;9;27961.9;BT;1/01/2012;1;CNE
C09286;01/04/2014;>10;0;0;<24, 48;547.28;0;0;3/04/2014;19;14092;BT;1/01/2012;1;CNE
C09288;01/04/2014;>10;0;0;<24, 48;341.76;0;0;10/04/2014;10;2563.09;BT;1/01/2011;1;CNE
C09289;01/04/2014;>10;0;0;>48;359.06;359.44;359.76;9/04/2014;18;8157.6;BT;1/01/2012;1;CNE
C09290;01/04/2014;<=10;0;0;<24, 48;221.61;248.34;248.73;21/04/2014;13;5002;BT;1/01/2013;1;COEF
C09291;01/04/2014;>10;0;0;<24, 48;788.87;0;0;7/04/2014;18;5973.91;BT;1/01/2012;1;COEF
C09292;01/04/2014;<=10;0;0;>48;867.6;0;0;3/04/2014;19;17145.5;BT;1/01/2011;1;CNE
C09293;01/04/2014;>10;0;0;<24, 48;350.15;0;0;24/04/2014;8;2533.76;BT;1/01/2011;1;CNE
C09294;01/04/2014;<=10;0;0;<=24;513.82;1556.5;1556.5;28/04/2014;7;2865.68;BT;1/01/2013;1;CNE
C09295;01/04/2014;<=10;0;0;<24, 48;98.43;0;0;29/04/2014;18;17613.6;BT;1/01/2013;1;COEF
C09296;01/04/2014;<=10;0;0;<24, 48;386.31;75.79;184.12;7/04/2014;7;8897.7;BT;1/01/2013;1;COEF
C09297;01/04/2014;<=10;>0;0;<24, 48;50.24;203.51;0;3/04/2014;13;1021.58;BT;1/01/2011;0;CNE
C09298;01/04/2014;<=10;0;0;>48;192.44;264.38;691.05;7/04/2014;10;11214.8;BT;1/01/2011;1;CNE
C09300;01/04/2014;<=10;0;0;<=24;185.42;0;0;14/04/2014;7;3515.2;BT;1/01/2013;1;COEF
C09301;01/04/2014;<=10;>0;0;<24, 48;282.09;565.15;850.41;24/04/2014;18;4367.77;BT;1/01/2012;1;CNE
C09303;01/04/2014;>10;0;0;>48;271.83;0;0;4/04/2014;7;5631.22;BT;1/01/2011;1;CNE
C09304;01/04/2014;>10;0;0;>48;187.32;0;0;21/04/2014;11;6644.27;BT;1/01/2012;1;CNE
C09305;01/04/2014;<=10;0;0;>48;23.52;0;0;4/04/2014;10;9581.69;BT;1/01/2013;1;CNE
C09306;01/04/2014;<=10;0;0;<=24;179.26;179.26;180.65;24/04/2014;11;1620.46;BT;1/01/2013;1;CNE
C09307;01/04/2014;<=10;>0;0;<24, 48;2008.03;0;0;25/04/2014;11;25834;BT;1/01/2012;0;CNE
C09308;01/04/2014;<=10;0;0;<24, 48;282.81;282.94;0;10/04/2014;14;6513.29;BT;1/01/2013;1;CNE
C09309;01/04/2014;>10;0;0;<24, 48;800.23;799.51;1601.97;4/04/2014;11;17635;BT;1/01/2012;1;CNE
C09310;01/04/2014;<=10;0;0;<24, 48;93.61;0;0;4/04/2014;10;14165.5;BT;1/01/2013;1;COEF
C09312;01/04/2014;<=10;0;0;>48;36.59;53.91;0;21/04/2014;11;4758.42;BT;1/01/2013;1;CNE
C09313;01/04/2014;<=10;>0;0;<24, 48;2690.83;0;0;1/04/2014;9;26148.1;BT;1/01/2013;0;CNE
C09316;01/04/2014;<=10;0;0;<=24;1078.87;0;0;3/04/2014;7;26959.5;BT;1/01/2013;1;CNE
C09317;01/04/2014;>10;0;0;<24, 48;87.38;0;0;3/04/2014;16;957.55;BT;1/01/2012;1;CNE
C09319;01/04/2014;<=10;0;0;<24, 48;210.13;0;0;25/04/2014;14;4210.32;BT;1/01/2013;1;CNE
C09320;01/04/2014;<=10;0;0;<24, 48;142.47;0;0;3/04/2014;11;8508.64;BT;1/01/2013;1;CNE
C09321;01/04/2014;<=10;0;0;<24, 48;830.03;0;1734.56;30/04/2014;14;25119.3;BT;1/01/2013;1;CNE
C09322;01/04/2014;>10;0;0;>48;233.11;233.35;231.01;11/04/2014;7;2038.2;BT;1/01/2011;1;CNE
C09323;01/04/2014;>10;0;0;>48;366.83;354.78;85.76;4/04/2014;14;7361.12;BT;1/01/2012;1;CNE
C09325;01/04/2014;<=10;0;0;<24, 48;270.13;0;0;8/04/2014;11;4148.41;BT;1/01/2013;1;CNE
C09326;01/04/2014;<=10;>0;0;<24, 48;1376.77;1339.47;0;14/04/2014;12;9809.63;BT;1/01/2013;0;CNE
C09327;01/04/2014;<=10;0;0;>48;2317.19;0;0;11/04/2014;11;74308;BT;1/01/2012;1;CNE
C09328;01/04/2014;<=10;0;0;<=24;230.4;229.75;230.07;15/04/2014;11;1422.93;BT;1/01/2013;1;CNE
C09329;01/04/2014;<=10;>0;0;>48;192.13;0;0;30/04/2014;8;725.24;BT;1/01/2012;1;CNE
C09330;01/04/2014;>10;0;0;<24, 48;279.79;0;0;29/04/2014;10;4493.59;BT;1/01/2011;1;CNE
C09331;01/04/2014;<=10;0;0;<24, 48;324.63;0;0;29/04/2014;9;716.87;BT;1/01/2011;1;CNE
C09332;01/04/2014;<=10;0;0;<24, 48;132.95;0;0;4/04/2014;7;1970.59;BT;1/01/2012;1;CNE
C09333;01/04/2014;<=10;0;0;<24, 48;362.66;0;0;11/04/2014;7;9276.23;BT;1/01/2013;1;CNE
C09334;01/04/2014;<=10;0;0;<=24;320.51;0;0;8/04/2014;20;2223.79;BT;1/01/2013;0;CNE
C09335;01/04/2014;<=10;0;0;<24, 48;232.58;131.76;231.32;16/04/2014;7;5927.93;BT;1/01/2013;1;CNE
C09336;01/04/2014;>10;>0;0;<24, 48;584.17;0;0;10/04/2014;17;2285.37;BT;1/01/2012;0;CNE
C09337;01/04/2014;<=10;0;0;<24, 48;1263.34;1882.63;0;28/04/2014;12;14880.9;BT;1/01/2012;0;CNE
C09338;01/04/2014;>10;0;0;>48;296.29;0;363.38;3/04/2014;8;18639.8;BT;1/01/2012;1;CNE
C09339;01/04/2014;<=10;0;0;<24, 48;969.87;1296.96;0;16/04/2014;11;6052.29;BT;1/01/2013;0;CNE
C09341;01/04/2014;>10;>0;0;<24, 48;2046.96;0;0;28/04/2014;14;6776.89;BT;1/01/2010;0;CNE
C09342;01/04/2014;<=10;0;0;<24, 48;99.3;281.12;241.19;9/04/2014;9;4258.69;BT;1/01/2012;1;COEF
C09343;01/04/2014;<=10;0;0;>48;802.6;0;794.84;29/04/2014;8;15695.4;BT;1/01/2012;1;CNE
C09344;01/04/2014;>10;0;0;>48;1126.37;0;0;7/04/2014;20;5754.87;BT;1/01/2011;0;CNE
C09345;01/04/2014;>10;0;0;>48;1227.17;1640.4;0;4/04/2014;12;6721.15;BT;1/01/2011;0;CNE
C09346;01/04/2014;>10;0;0;<24, 48;1969.34;0;0;25/04/2014;9;10241.7;BT;1/01/2012;0;CNE
C09347;01/04/2014;<=10;0;0;<24, 48;358.67;358.61;0;7/04/2014;15;5025.22;BT;1/01/2011;1;CNE
C09349;01/04/2014;<=10;0;0;>48;365.93;0;365.46;7/04/2014;7;10525;BT;1/01/2014;1;CNE
C09350;01/04/2014;>10;0;0;<24, 48;50.47;100.16;100.06;25/04/2014;7;5887.07;BT;1/01/2011;1;CNE
C09351;01/04/2014;>10;0;0;>48;260.29;260.26;260.2;4/04/2014;15;5951.54;BT;1/01/2013;1;CNE
C09353;01/04/2014;<=10;0;0;<24, 48;129.28;14.83;347.93;11/04/2014;12;13044.3;BT;1/01/2012;1;CNE
C09354;01/04/2014;<=10;0;0;<24, 48;401.18;0;0;30/04/2014;9;9300.81;BT;1/01/2013;1;CNE
C09355;01/04/2014;<=10;0;0;<24, 48;135.38;0;0;3/04/2014;15;1499.86;BT;1/01/2012;1;CNE
C09356;01/04/2014;<=10;>0;0;>48;689.5;0;0;11/04/2014;18;74535;BT;1/01/2013;1;COEF
C09357;01/04/2014;<=10;0;0;<=24;643.89;0;0;24/04/2014;8;11839.2;BT;1/01/2013;1;CNE
C09358;01/04/2014;<=10;0;0;<24, 48;825.66;0;0;4/04/2014;10;24447.8;BT;1/01/2013;1;CNE
C09359;01/04/2014;<=10;0;0;<24, 48;397.22;0;0;7/04/2014;20;5152.72;BT;1/01/2013;0;CNE
C09360;01/04/2014;<=10;0;0;<=24;364.35;0;0;25/04/2014;7;2749.37;BT;1/01/2012;1;CNE
C09364;01/04/2014;>10;0;0;<24, 48;27.05;415.62;415.81;4/04/2014;7;8092.63;BT;1/01/2012;1;CNE
C09365;01/04/2014;<=10;>0;0;>48;576.63;0;0;1/04/2014;10;15210.5;BT;1/01/2014;0;CNE
C09366;01/04/2014;>10;>0;1;<24, 48;622.51;0;0;15/04/2014;17;10596;BT;1/01/2011;1;CNE
C09368;01/04/2014;<=10;0;0;<24, 48;600.79;397.15;561.58;16/04/2014;11;13336.7;BT;1/01/2012;1;CNE
C09369;01/04/2014;>10;0;0;<24, 48;261.9;262.17;261.68;29/04/2014;10;3084.44;BT;1/01/2012;1;COEF
C09370;01/04/2014;<=10;0;0;>48;523.71;1049.84;1580.88;25/04/2014;11;10557.9;BT;1/01/2012;1;CNE
C09372;01/04/2014;<=10;0;0;>48;683.42;0;0;7/04/2014;9;16658.1;BT;1/01/2012;1;CNE
C09373;01/04/2014;>10;0;0;<24, 48;1127.39;0;0;1/04/2014;9;8062.07;BT;1/01/2011;0;CNE
C09374;01/04/2014;<=10;0;0;<24, 48;1067.87;364.48;0;28/04/2014;14;2144.64;BT;1/01/2011;0;CNE
C09375;01/04/2014;<=10;0;0;<24, 48;311.54;0;0;9/04/2014;18;8921.24;BT;1/01/2014;1;CNE
C09376;01/04/2014;<=10;0;0;<24, 48;188.42;0;0;7/04/2014;17;1161.22;BT;1/01/2011;1;CNE
C09377;01/04/2014;<=10;0;0;<24, 48;389.02;0;0;9/04/2014;7;9145.58;BT;1/01/2013;1;CNE
C09378;01/04/2014;>10;0;0;<24, 48;358.5;0;0;25/04/2014;10;5904.65;BT;1/01/2011;1;CNE
C09380;01/04/2014;<=10;>0;0;>48;1047.01;0;516.19;14/04/2014;7;15368.3;BT;1/01/2013;0;CNE
C09382;01/04/2014;<=10;>0;0;<24, 48;668.51;901;0;4/04/2014;8;4346;BT;1/01/2013;0;COEF
C09383;01/04/2014;<=10;>0;0;<24, 48;558.58;690.97;690.97;23/04/2014;11;4325.21;BT;1/01/2013;0;CNE
C09384;01/04/2014;<=10;0;0;>48;771.86;0;0;3/04/2014;7;20207.5;BT;1/01/2012;1;COEF
C09385;01/04/2014;<=10;0;1;<24, 48;1833.58;0;0;15/04/2014;11;15416.1;BT;1/01/2013;0;COEF
C09387;01/04/2014;<=10;0;0;>48;502.27;889.03;0;30/04/2014;17;7891.54;BT;1/01/2012;0;CNE
C09388;01/04/2014;<=10;0;0;<24, 48;263.31;263.31;1605.84;1/04/2014;9;16279.6;BT;1/01/2013;1;CNE
C09389;01/04/2014;<=10;0;0;<24, 48;163.32;595.45;707.67;3/04/2014;15;14574.3;BT;1/01/2013;1;COEF
C09390;01/04/2014;>10;0;0;<24, 48;454.43;193.42;0;3/04/2014;20;19403.4;BT;1/01/2012;1;CNE
C09391;01/04/2014;<=10;0;0;>48;516.86;0;0;11/04/2014;13;25457.5;BT;1/01/2013;1;CNE
C09392;01/04/2014;<=10;0;0;>48;244.33;244.33;0;29/04/2014;10;5733.59;BT;1/01/2012;1;CNE
C09393;01/04/2014;<=10;0;0;>48;391.73;391.73;1174.71;21/04/2014;15;10264.5;BT;1/01/2013;1;CNE
C09394;01/04/2014;<=10;0;0;<=24;1545.44;2110.65;0;11/04/2014;14;8012.25;BT;1/01/2013;0;CNE
C09395;01/04/2014;<=10;0;0;>48;1067.24;0;0;3/04/2014;9;51338.8;BT;1/01/2013;1;CNE
C09396;01/04/2014;<=10;0;0;<24, 48;3133.77;0;0;9/04/2014;16;30587.8;BT;1/01/2013;0;CNE
C09397;01/04/2014;<=10;>0;0;>48;287.64;0;852.9;30/04/2014;11;4626.84;BT;1/01/2011;1;CNE
C09398;01/04/2014;<=10;0;0;<24, 48;530.86;0;0;21/04/2014;17;4962.92;BT;1/01/2012;0;CNE
C09399;01/04/2014;>10;0;0;>48;357.45;0;0;11/04/2014;14;5091.12;BT;1/01/2011;1;CNE
C09400;01/04/2014;<=10;0;0;<=24;231.38;231.94;232.3;7/04/2014;16;3920.79;BT;1/01/2013;1;COEF
C09401;01/04/2014;<=10;0;0;<24, 48;724.36;0;0;3/04/2014;9;17775.2;BT;1/01/2013;1;COEF
C09402;01/04/2014;<=10;0;0;<24, 48;351.15;0;0;3/04/2014;10;9756.51;BT;1/01/2013;1;COEF
C09403;01/04/2014;<=10;0;0;<=24;102.16;0;579.18;8/04/2014;9;4393.85;BT;1/01/2012;1;CNE
C09404;01/04/2014;<=10;0;0;<=24;924.49;0;0;4/04/2014;13;7895.53;BT;1/01/2012;1;CNE
C09405;01/04/2014;<=10;0;0;<24, 48;340.62;0;343.12;14/04/2014;7;7597.65;BT;1/01/2013;1;CNE
C09406;01/04/2014;<=10;>0;0;<24, 48;157.41;0;0;9/04/2014;11;3067.99;BT;1/01/2013;0;CNE
C09407;01/04/2014;<=10;0;0;<24, 48;28.41;0;0;1/04/2014;8;15690.8;BT;1/01/2012;1;COEF
C09408;01/04/2014;<=10;>0;1;<=24;227.78;0;196.79;23/04/2014;18;4347.95;BT;1/01/2013;1;COEF
C09409;01/04/2014;<=10;0;0;<24, 48;382.99;382.99;1070.56;21/04/2014;8;13370.9;BT;1/01/2013;1;CNE
C09410;01/04/2014;>10;0;0;<24, 48;419.08;0;0;9/04/2014;11;17113.6;BT;1/01/2012;1;CNE
C09411;01/04/2014;<=10;0;0;<24, 48;337.99;0;0;4/04/2014;15;5396.76;BT;1/01/2012;1;CNE
C09412;01/04/2014;<=10;>0;1;>48;1410.66;1886.82;0;22/04/2014;19;14887.4;BT;1/01/2013;0;CNE
C09413;01/04/2014;>10;0;0;<24, 48;201.06;0;1442.16;10/04/2014;13;11142.9;BT;1/01/2012;1;CNE
C09414;01/04/2014;<=10;0;0;<24, 48;610.31;0;1839.61;16/04/2014;7;19046.1;BT;1/01/2014;1;CNE
C09415;01/04/2014;<=10;0;0;<24, 48;444.86;0;886.17;15/04/2014;13;7685.53;BT;1/01/2011;1;CNE
C09417;01/04/2014;>10;0;0;>48;605.09;0;0;11/04/2014;12;8180.72;BT;1/01/2011;1;CNE
C09418;01/04/2014;<=10;0;0;>48;182.05;0;0;15/04/2014;16;4356.87;BT;1/01/2013;1;COEF
C09419;01/04/2014;<=10;>0;0;<24, 48;1638.58;0;3307.66;30/04/2014;9;35962.5;BT;1/01/2013;0;CNE
C09421;01/04/2014;>10;0;0;<24, 48;322.56;316.85;277.26;30/04/2014;9;869.59;BT;1/01/2011;1;COEF
C09423;01/04/2014;<=10;>0;0;<24, 48;715.9;955.07;0;10/04/2014;18;2896.89;BT;1/01/2012;0;COEF
C09424;01/04/2014;>10;0;0;<24, 48;548.1;0;537.14;9/04/2014;7;13500.6;BT;1/01/2012;1;CNE
C09425;01/04/2014;<=10;0;0;<=24;482.86;0;0;3/04/2014;10;2738.43;BT;1/01/2013;1;CNE
C09426;01/04/2014;<=10;0;0;>48;581.33;585.63;584.88;21/04/2014;9;12738.7;BT;1/01/2012;1;CNE
C09428;01/04/2014;<=10;0;0;<=24;217.4;217.4;0;21/04/2014;10;1024.01;BT;1/01/2013;1;COEF
C09429;01/04/2014;<=10;>0;0;>48;461.19;0;1383.08;30/04/2014;11;9808.69;BT;1/01/2012;1;CNE
C09431;01/04/2014;<=10;0;0;<=24;884.29;0;0;9/04/2014;15;5662.56;BT;1/01/2013;1;CNE
C09432;01/04/2014;>10;0;0;<24, 48;1020.3;1363.85;0;16/04/2014;18;2607.86;BT;1/01/2011;0;CNE
C09433;01/04/2014;<=10;>0;0;>48;540.18;0;0;1/04/2014;8;7119.04;BT;1/01/2012;1;COEF
C09434;01/04/2014;<=10;0;0;>48;483.38;0;0;10/04/2014;9;12362;BT;1/01/2013;1;CNE
C09435;01/04/2014;>10;0;0;>48;563.66;0;562.17;4/04/2014;8;12222.2;BT;1/01/2012;1;CNE
C09438;01/04/2014;<=10;0;0;<24, 48;497.2;348.13;348.13;30/04/2014;19;4750.04;BT;1/01/2013;0;COEF
C09440;01/04/2014;<=10;0;0;<=24;230.08;0;0;15/04/2014;15;2111.37;BT;1/01/2013;1;CNE
C09441;01/04/2014;<=10;0;0;<24, 48;85.83;0;0;9/04/2014;7;24796.4;BT;1/01/2013;1;COEF
C09442;01/04/2014;>10;0;0;<24, 48;192.18;0;0;8/04/2014;13;4330.52;BT;1/01/2011;1;COEF
C09443;01/04/2014;<=10;0;0;<24, 48;30.76;0;0;7/04/2014;7;4929.01;BT;1/01/2013;1;COEF
C09444;01/04/2014;<=10;0;0;>48;1182.67;0;0;3/04/2014;7;9505.13;BT;1/01/2013;1;CNE
C09445;01/04/2014;>10;0;0;>48;642.18;966.22;0;30/04/2014;16;4383.4;BT;1/01/2011;0;CNE
C09446;01/04/2014;<=10;0;0;>48;1180.84;0;3575.06;11/04/2014;12;34460.3;BT;1/01/2013;1;CNE
C09447;01/04/2014;<=10;0;0;<24, 48;755.79;0;0;23/04/2014;7;17323.1;BT;1/01/2012;1;CNE
C09449;01/04/2014;>10;0;0;<=24;659.8;0;0;1/04/2014;13;3860.75;BT;1/01/2013;1;CNE
C09450;01/04/2014;<=10;0;0;>48;191.76;0;0;21/04/2014;9;4148.03;BT;1/01/2013;1;CNE
C09451;01/04/2014;>10;0;0;>48;313.27;0;0;29/04/2014;16;6193.41;BT;1/01/2011;1;CNE
C09452;01/04/2014;<=10;0;0;<24, 48;633.92;0;0;10/04/2014;20;5225.88;BT;1/01/2012;0;CNE
C09453;01/04/2014;>10;0;0;>48;59.57;0;0;15/04/2014;15;1590.15;BT;1/01/2010;1;CNE
C09454;01/04/2014;<=10;>0;1;<24, 48;179.02;49.8;0;10/04/2014;11;12161.3;BT;1/01/2013;1;CNE
C09456;01/04/2014;>10;0;0;<24, 48;665.88;685.48;0;9/04/2014;15;15668.6;BT;1/01/2012;1;CNE
C09457;01/04/2014;<=10;0;0;>48;313.21;0;948.48;7/04/2014;7;6884.82;BT;1/01/2013;1;COEF
C09458;01/04/2014;>10;0;0;<24, 48;300.05;0;0;3/04/2014;11;2145;BT;1/01/2011;1;CNE
C09460;01/04/2014;<=10;0;0;<24, 48;241.98;244.1;143.05;8/04/2014;7;6347.59;BT;1/01/2013;1;CNE
C09461;01/04/2014;<=10;0;0;<24, 48;47.53;0;0;7/04/2014;19;4775.77;BT;1/01/2013;1;COEF
C09462;01/04/2014;>10;0;0;<24, 48;299.44;285.35;281.34;14/04/2014;19;1453.38;BT;1/01/2010;1;CNE
C09463;01/04/2014;<=10;0;0;<24, 48;326.24;0;0;3/04/2014;10;8977.89;BT;1/01/2013;1;CNE
C09464;01/04/2014;<=10;0;0;<=24;341.67;1.56;687.05;11/04/2014;7;4983.16;BT;1/01/2013;1;CNE
C09467;01/04/2014;<=10;>0;0;>48;176.02;58.47;0;22/04/2014;17;28771.4;BT;1/01/2013;1;COEF
C09468;01/04/2014;>10;0;0;<24, 48;403.19;0;0;3/04/2014;11;7264.26;BT;1/01/2011;1;COEF
C09470;01/04/2014;>10;>0;0;>48;1011.62;1546.36;0;16/04/2014;20;3107.61;BT;1/01/2010;0;CNE
C09471;01/04/2014;<=10;0;0;>48;396.65;0;0;8/04/2014;10;10615.2;BT;1/01/2013;1;CNE
C09472;01/04/2014;<=10;>0;0;<24, 48;2399.98;0;0;15/04/2014;9;20413;BT;1/01/2012;0;CNE
C09473;01/04/2014;<=10;0;0;>48;116.11;0;0;10/04/2014;15;8622.28;BT;1/01/2012;1;COEF
C09474;01/04/2014;<=10;0;0;>48;281.96;0;232.17;23/04/2014;20;7964.85;BT;1/01/2013;1;CNE
C09475;01/04/2014;<=10;>0;1;>48;391.75;0;1319.79;10/04/2014;9;17747.7;BT;1/01/2013;1;CNE
C09476;01/04/2014;<=10;>0;0;>48;1256.76;1686.05;0;7/04/2014;16;10468.9;BT;1/01/2013;0;CNE
C09477;01/04/2014;<=10;0;0;<=24;103.05;0;0;8/04/2014;8;1353.61;BT;1/01/2013;1;CNE
C09478;01/04/2014;>10;0;0;<24, 48;446.44;0;446.84;23/04/2014;9;11079.2;BT;1/01/2012;1;CNE
C09479;01/04/2014;<=10;0;0;<24, 48;326.53;0;0;29/04/2014;7;4251.37;BT;1/01/2012;1;CNE
C09481;01/04/2014;<=10;>0;0;<=24;1328.74;0;0;24/04/2014;8;3947.36;BT;1/01/2013;0;CNE
C09482;01/04/2014;<=10;>0;0;<24, 48;93.42;812.17;0;14/04/2014;10;23940.3;BT;1/01/2013;1;CNE
C09483;01/04/2014;<=10;0;0;<24, 48;215.65;210.1;210.19;24/04/2014;11;2002.49;BT;1/01/2012;1;CNE
C09484;01/04/2014;>10;>0;0;>48;373.72;287.62;287.62;15/04/2014;14;6401.03;BT;1/01/2011;1;CNE
C09485;01/04/2014;<=10;0;0;<24, 48;258.13;0;0;8/04/2014;7;5062.8;BT;1/01/2013;1;COEF
C09486;01/04/2014;<=10;0;0;>48;324.4;0;0;10/04/2014;19;10987.9;BT;1/01/2014;1;CNE
C09487;01/04/2014;<=10;0;0;<24, 48;221.1;221.1;665.96;9/04/2014;8;1385.32;BT;1/01/2011;1;CNE
C09488;01/04/2014;<=10;0;0;<=24;200.75;0;0;9/04/2014;9;1118.26;BT;1/01/2012;1;COEF
C09489;01/04/2014;>10;0;0;<24, 48;722.35;0;0;3/04/2014;8;14750.2;BT;1/01/2012;1;COEF
C09490;01/04/2014;<=10;0;0;>48;110.8;0;0;10/04/2014;11;3249.51;BT;1/01/2013;1;CNE
C09491;01/04/2014;<=10;0;0;>48;270.86;0;0;9/04/2014;7;2463.14;BT;1/01/2013;1;COEF
C09492;01/04/2014;>10;0;0;>48;388.94;0;0;4/04/2014;13;11196.3;BT;1/01/2012;1;CNE
C09493;01/04/2014;<=10;0;0;>48;347.13;396.23;0;21/04/2014;19;1860.96;BT;1/01/2010;1;CNE
C09494;01/04/2014;<=10;0;0;>48;1883.08;0;0;30/04/2014;11;27112.1;BT;1/01/2013;0;CNE
C09495;01/04/2014;<=10;0;0;>48;349.53;349.53;0;16/04/2014;7;7854.68;BT;1/01/2012;1;CNE
C09496;01/04/2014;>10;0;0;<24, 48;180.47;176.09;177.53;28/04/2014;8;1779.6;BT;1/01/2012;1;CNE
C09498;01/04/2014;<=10;0;0;>48;505.72;535.88;243.48;15/04/2014;10;17239.1;BT;1/01/2013;1;CNE
C09499;01/04/2014;<=10;0;0;<24, 48;289.85;297.04;0;3/04/2014;15;602.27;BT;1/01/2010;1;CNE
C09501;01/04/2014;<=10;0;0;<24, 48;507.13;506.44;503.89;1/04/2014;17;13644.2;BT;1/01/2013;1;CNE
C09503;01/04/2014;<=10;0;0;<24, 48;732.68;0;0;15/04/2014;9;19223.2;BT;1/01/2013;1;COEF
C09504;01/04/2014;<=10;0;0;>48;1006.68;0;2747.33;24/04/2014;13;24792.8;BT;1/01/2013;1;CNE
C09505;01/04/2014;<=10;0;0;<24, 48;33;33;0;23/04/2014;14;13225.9;BT;1/01/2013;1;CNE
C09506;01/04/2014;<=10;0;0;<=24;227.42;0;0;4/04/2014;8;2035.66;BT;1/01/2012;1;CNE
C09507;01/04/2014;>10;0;0;<24, 48;66.44;0;0;11/04/2014;9;1677.24;BT;1/01/2012;1;CNE
C09508;01/04/2014;>10;0;0;<24, 48;181.68;0;0;14/04/2014;14;2088.36;BT;1/01/2012;1;CNE
C09509;01/04/2014;<=10;0;0;<=24;931.26;0;0;16/04/2014;11;2803.84;BT;1/01/2013;1;CNE
C09512;01/04/2014;<=10;0;0;>48;430.39;0;0;11/04/2014;12;10093.3;BT;1/01/2013;1;CNE
C09513;01/04/2014;<=10;0;0;<24, 48;36.72;0;0;4/04/2014;8;13845.3;BT;1/01/2013;1;COEF
C09514;01/04/2014;<=10;0;0;<24, 48;410.26;0;0;21/04/2014;7;9389.22;BT;1/01/2013;1;CNE
C09516;01/04/2014;<=10;0;0;>48;470.11;0;0;3/04/2014;18;6685.9;BT;1/01/2011;1;CNE
C09517;01/04/2014;<=10;0;0;<24, 48;162.79;0;0;8/04/2014;9;7305.91;BT;1/01/2011;1;COEF
C09518;01/04/2014;<=10;>0;0;<=24;395.09;0;0;15/04/2014;19;629.64;BT;1/01/2012;0;CNE
C09519;01/04/2014;>10;0;0;<24, 48;74.66;737.58;737.58;29/04/2014;9;3702.07;BT;1/01/2011;1;CNE
C09520;01/04/2014;<=10;0;0;<24, 48;825.83;0;2493.28;25/04/2014;12;19280.3;BT;1/01/2013;1;CNE
C09521;01/04/2014;<=10;0;0;<24, 48;613.87;615.46;617.94;10/04/2014;7;13288.7;BT;1/01/2013;1;COEF
C09522;01/04/2014;>10;0;0;>48;822.31;0;0;14/04/2014;7;817.82;BT;1/01/2010;1;COEF
C09523;01/04/2014;<=10;0;0;<24, 48;626.6;629.23;0;21/04/2014;10;16752.5;BT;1/01/2013;1;CNE
C09525;01/04/2014;<=10;0;0;<24, 48;1219.07;0;0;2/04/2014;9;12523;BT;1/01/2013;0;CNE
C09526;01/04/2014;<=10;0;0;<24, 48;810.34;788.27;729.55;7/04/2014;7;24364.8;BT;1/01/2013;1;COEF
C09527;01/04/2014;<=10;0;0;<24, 48;350.95;350.87;1060.66;4/04/2014;8;3843.65;BT;1/01/2012;1;CNE
C09528;01/04/2014;<=10;0;0;<24, 48;287.74;0;0;25/04/2014;11;4381.92;BT;1/01/2012;1;CNE
C09530;01/04/2014;>10;0;0;>48;244.65;0;0;22/04/2014;9;2963.76;BT;1/01/2012;1;CNE
C09532;01/04/2014;<=10;0;0;>48;490.94;0;1478.14;21/04/2014;8;12361.4;BT;1/01/2013;1;CNE
C09534;01/04/2014;<=10;>0;0;<24, 48;906.77;0;0;11/04/2014;9;3338.1;BT;1/01/2011;0;CNE
C09535;01/04/2014;>10;0;0;<24, 48;193.96;194.74;0;3/04/2014;15;2795.25;BT;1/01/2012;1;CNE
C09537;01/04/2014;<=10;0;0;<24, 48;689.54;690.34;690.34;10/04/2014;13;16831.3;BT;1/01/2013;1;CNE
C09538;01/04/2014;<=10;0;0;<24, 48;128.46;0;31.51;10/04/2014;8;11103.2;BT;1/01/2013;1;COEF
C09539;01/04/2014;<=10;>0;0;<24, 48;843.05;0;0;8/04/2014;11;5427.56;BT;1/01/2013;0;CNE
C09540;01/04/2014;<=10;0;0;>48;131.15;248.89;735.43;14/04/2014;13;21709.7;BT;1/01/2013;1;CNE
C09541;01/04/2014;<=10;0;0;<24, 48;295.4;0;907.12;15/04/2014;12;7853.82;BT;1/01/2013;1;CNE
C09542;01/04/2014;<=10;0;0;<24, 48;240.52;0;0;14/04/2014;12;1776.34;BT;1/01/2011;1;CNE
C09543;01/04/2014;<=10;0;0;<24, 48;137.7;0;0;22/04/2014;8;3845.27;BT;1/01/2013;1;COEF
C09544;01/04/2014;<=10;0;0;>48;290.54;290.54;873.35;30/04/2014;7;7479.74;BT;1/01/2013;1;CNE
C09546;01/04/2014;>10;0;0;>48;1205.57;0;0;23/04/2014;16;17387.5;BT;1/01/2010;1;CNE
C09547;01/04/2014;>10;0;0;<24, 48;173.99;43.18;137.76;29/04/2014;7;1900.68;BT;1/01/2012;1;CNE
C09548;01/04/2014;>10;>0;0;>48;1255.44;1255.44;0;28/04/2014;9;20580.5;BT;1/01/2011;1;CNE
C09549;01/04/2014;<=10;0;0;>48;581.78;582.64;582.49;4/04/2014;7;15573.1;BT;1/01/2013;1;CNE
C09551;01/04/2014;<=10;0;0;<24, 48;655.48;0;0;25/04/2014;10;13257.8;BT;1/01/2012;1;COEF
C09553;01/04/2014;<=10;>0;0;<24, 48;1359.92;0;2379.17;30/04/2014;7;25254.9;BT;1/01/2014;0;CNE
C09554;01/04/2014;>10;0;0;<24, 48;219.52;0;0;24/04/2014;17;24662.9;BT;1/01/2012;1;CNE
C09555;01/04/2014;>10;0;0;<24, 48;775.8;775.8;768.44;10/04/2014;11;14757.5;BT;1/01/2012;1;CNE
C09556;01/04/2014;<=10;0;0;<24, 48;115.4;0;0;7/04/2014;20;5635.79;BT;1/01/2013;1;CNE
C09557;01/04/2014;>10;0;0;>48;579.56;0;1161.35;29/04/2014;19;7151.38;BT;1/01/2011;1;CNE
C09558;01/04/2014;>10;0;0;>48;530.57;0;0;25/04/2014;10;12710.8;BT;1/01/2011;1;CNE
C09559;01/04/2014;>10;0;0;>48;417.96;418.54;0;3/04/2014;10;6206.05;BT;1/01/2011;1;COEF
C09560;01/04/2014;<=10;0;0;>48;339.06;343.6;344.89;16/04/2014;10;7305.4;BT;1/01/2013;1;CNE
C09561;01/04/2014;<=10;0;0;>48;50.21;158.58;0;29/04/2014;9;2405.25;BT;1/01/2013;0;CNE
C09562;01/04/2014;<=10;>0;0;>48;807.11;0;0;2/04/2014;15;7694.01;BT;1/01/2012;0;CNE
C09563;01/04/2014;<=10;>0;1;>48;293.76;281.66;0;10/04/2014;11;10610.8;BT;1/01/2011;1;COEF
C09565;01/04/2014;<=10;0;0;>48;439.54;436.95;436.66;11/04/2014;9;7756.21;BT;1/01/2011;0;CNE
C09566;01/04/2014;>10;0;0;<24, 48;251;200.59;222.53;25/04/2014;10;5257.23;BT;1/01/2011;1;CNE
C09567;01/04/2014;<=10;0;0;<24, 48;315.18;315.18;315.43;25/04/2014;13;7474.01;BT;1/01/2013;1;CNE
C09568;01/04/2014;<=10;0;0;<24, 48;1109.46;0;0;23/04/2014;16;16426.3;BT;1/01/2013;0;CNE
C09570;01/04/2014;>10;0;0;<24, 48;207.79;238.03;0;2/04/2014;10;2427.42;BT;1/01/2010;1;CNE
C09571;01/04/2014;<=10;0;0;>48;2633.41;0;0;2/04/2014;9;38694.4;BT;1/01/2013;0;CNE
C09572;01/04/2014;<=10;0;0;<=24;256.54;0;0;3/04/2014;15;2245.58;BT;1/01/2013;1;COEF
C09573;01/04/2014;<=10;0;0;<=24;195.65;196.06;0;23/04/2014;14;609.34;BT;1/01/2014;1;CNE
C09574;01/04/2014;>10;0;0;<24, 48;161.63;17.64;0;2/04/2014;10;977.65;BT;1/01/2010;1;CNE
C09575;01/04/2014;<=10;>0;0;<=24;330.91;0;0;15/04/2014;10;5483.65;BT;1/01/2013;1;CNE
C09576;01/04/2014;<=10;0;0;<24, 48;2094.34;2802.12;0;23/04/2014;18;14514.7;BT;1/01/2013;0;CNE
C09578;01/04/2014;<=10;0;0;>48;525.6;0;0;7/04/2014;11;2334;BT;1/01/2012;1;COEF
C09579;01/04/2014;>10;0;0;>48;535.63;0;0;3/04/2014;8;13524.3;BT;1/01/2012;1;COEF
C09580;01/04/2014;>10;0;0;<24, 48;276.55;0;242.74;3/04/2014;14;4026.34;BT;1/01/2012;1;COEF
C09581;01/04/2014;<=10;0;0;>48;419.4;0;0;8/04/2014;7;12358.4;BT;1/01/2013;1;COEF
C09582;01/04/2014;>10;>0;0;>48;87.98;683.03;0;24/04/2014;19;12836.6;BT;1/01/2012;1;CNE
C09583;01/04/2014;<=10;0;0;<=24;387.98;0;1235.97;2/04/2014;14;4729.13;BT;1/01/2013;1;CNE
C09584;01/04/2014;<=10;0;0;<24, 48;203.26;0;0;21/04/2014;18;8351.71;BT;1/01/2013;1;COEF
C09585;01/04/2014;<=10;0;0;<24, 48;903.51;0;0;1/04/2014;17;7895.46;BT;1/01/2013;0;CNE
C09586;01/04/2014;<=10;0;0;>48;1063.47;1062.49;0;28/04/2014;8;25438.4;BT;1/01/2013;1;CNE
C09587;01/04/2014;<=10;0;0;<24, 48;564.46;0;0;1/04/2014;14;3569.57;BT;1/01/2013;0;CNE
C09589;01/04/2014;<=10;0;0;>48;998.99;0;0;7/04/2014;14;5345.46;BT;1/01/2012;0;CNE
C09590;01/04/2014;<=10;>0;0;<24, 48;582.01;582.01;912.48;25/04/2014;12;8072.86;BT;1/01/2013;0;COEF
C09592;01/04/2014;>10;0;0;<24, 48;553.73;0;0;4/04/2014;11;9094.06;BT;1/01/2011;1;COEF
C09593;01/04/2014;<=10;0;0;<24, 48;222.46;223.08;222.88;3/04/2014;15;4419.2;BT;1/01/2013;1;COEF
C09594;01/04/2014;<=10;>0;0;<24, 48;945.21;0;0;9/04/2014;8;11164.9;BT;1/01/2013;0;CNE
C09595;01/04/2014;<=10;0;0;>48;332.27;332.27;0;29/04/2014;10;8760.01;BT;1/01/2013;1;CNE
C09596;01/04/2014;<=10;>0;1;<24, 48;458.53;0;0;15/04/2014;15;10862.3;BT;1/01/2013;1;COEF
C09598;01/04/2014;<=10;0;0;>48;470.41;0;1415.92;30/04/2014;7;13878.9;BT;1/01/2014;1;CNE
C09599;01/04/2014;<=10;>0;0;<24, 48;216.75;0;483.45;30/04/2014;19;4083.04;BT;1/01/2013;1;CNE
C09600;01/04/2014;<=10;0;0;<=24;510.33;0;0;14/04/2014;10;4284.9;BT;1/01/2012;1;COEF
C09603;01/04/2014;<=10;0;0;<24, 48;1023.19;0;0;14/04/2014;12;24274.2;BT;1/01/2013;1;COEF
C09604;01/04/2014;<=10;0;0;<24, 48;21.91;0;0;3/04/2014;10;6076.62;BT;1/01/2013;1;CNE
C09605;01/04/2014;<=10;0;0;<=24;208.89;0;0;24/04/2014;10;2446.02;BT;1/01/2013;1;CNE
C09606;01/04/2014;<=10;0;0;<24, 48;324.89;324.87;324.86;14/04/2014;14;9323.54;BT;1/01/2013;1;CNE
C09607;01/04/2014;<=10;0;0;<=24;208;37.21;0;23/04/2014;11;1638.2;BT;1/01/2013;1;CNE
C09608;01/04/2014;<=10;0;0;>48;355.15;0;0;4/04/2014;8;7197;BT;1/01/2013;1;COEF
C09609;01/04/2014;<=10;0;0;<24, 48;349.34;350.56;0;23/04/2014;12;799.01;BT;1/01/2011;1;CNE
C09610;01/04/2014;>10;0;0;<24, 48;253.96;0;0;15/04/2014;11;1824.72;BT;1/01/2011;1;COEF
C09611;01/04/2014;<=10;0;0;<24, 48;253.73;0;0;21/04/2014;13;3295.89;BT;1/01/2012;1;COEF
C09613;01/04/2014;<=10;0;0;<24, 48;57.55;0;0;8/04/2014;15;3640.68;BT;1/01/2013;1;CNE
C09614;01/04/2014;<=10;0;0;>48;1072.68;0;0;3/04/2014;15;9021.69;BT;1/01/2012;0;CNE
C09615;01/04/2014;<=10;>0;1;<=24;70.2;0.8;0;10/04/2014;9;2889.7;BT;1/01/2013;1;COEF
C09616;01/04/2014;<=10;>0;0;>48;1054.1;353.54;0;4/04/2014;10;9798.48;BT;1/01/2013;0;CNE
C09617;01/04/2014;<=10;>0;0;<=24;121.6;0;0;7/04/2014;8;636.11;BT;1/01/2013;0;CNE
C09618;01/04/2014;<=10;0;0;<=24;319.85;338.35;352.85;8/04/2014;18;622.33;BT;1/01/2013;1;CNE
C09619;01/04/2014;>10;0;0;<24, 48;294.89;148.36;0;24/04/2014;7;1475.8;BT;1/01/2012;0;CNE
C09620;01/04/2014;<=10;0;0;<=24;362.26;0;727.57;3/04/2014;11;3482.04;BT;1/01/2013;1;CNE
C09622;01/04/2014;<=10;>0;0;<24, 48;1081.12;0;0;1/04/2014;11;7676.72;BT;1/01/2013;0;CNE
C09623;01/04/2014;<=10;0;0;<=24;174.35;176.1;0.17;9/04/2014;14;2281.24;BT;1/01/2013;1;CNE
C09624;01/04/2014;<=10;0;0;>48;282.51;0;0;11/04/2014;7;4338.34;BT;1/01/2013;1;CNE
C09625;01/04/2014;>10;0;0;<24, 48;651.96;651.96;0;29/04/2014;20;4110.34;BT;1/01/2012;0;CNE
C09627;01/04/2014;<=10;0;0;<24, 48;331.46;332.2;332.2;28/04/2014;11;2717.39;BT;1/01/2011;1;CNE
C09628;01/04/2014;>10;>0;0;<24, 48;636.02;0;1495.18;16/04/2014;19;3988.24;BT;1/01/2011;0;CNE
C09630;01/04/2014;<=10;>0;0;>48;58.37;0;0;14/04/2014;11;2853.36;BT;1/01/2013;1;CNE
C09631;01/04/2014;<=10;0;0;>48;273.06;0;0;3/04/2014;14;14939.7;BT;1/01/2012;1;CNE
C09633;01/04/2014;<=10;0;0;<24, 48;158.37;0;0;28/04/2014;10;1764.21;BT;1/01/2012;1;CNE
C09635;01/04/2014;<=10;0;0;<24, 48;672.78;332.85;321.67;2/04/2014;7;3897.18;BT;1/01/2012;1;CNE
C09637;01/04/2014;<=10;0;0;>48;691.76;0;2076.56;4/04/2014;11;19372.5;BT;1/01/2013;1;CNE
C09638;01/04/2014;<=10;>0;0;>48;1618.44;0;0;24/04/2014;19;13284.2;BT;1/01/2012;0;CNE
C09639;01/04/2014;<=10;0;0;>48;63.11;0;0;3/04/2014;15;12225.7;BT;1/01/2013;1;COEF
C09640;01/04/2014;>10;0;0;<24, 48;33.67;0;68.29;25/04/2014;17;1157.5;BT;1/01/2011;1;CNE
C09642;01/04/2014;<=10;0;0;<24, 48;162.41;0;0;8/04/2014;7;1863.77;BT;1/01/2012;1;CNE
C09643;01/04/2014;<=10;>0;1;>48;1225.33;1905.37;0;8/04/2014;12;17807.7;BT;1/01/2013;0;CNE
C09644;01/04/2014;<=10;0;0;<24, 48;813.58;0;0;3/04/2014;19;4486.67;BT;1/01/2012;0;CNE
C09646;01/04/2014;<=10;0;0;<24, 48;700.88;0;0;3/04/2014;19;17335.5;BT;1/01/2012;1;COEF
C09647;01/04/2014;<=10;>0;0;<24, 48;345.93;346.06;0;14/04/2014;9;6461.75;BT;1/01/2011;1;CNE
C09648;01/04/2014;<=10;>0;0;<24, 48;1899.27;0;0;1/04/2014;8;17996.5;BT;1/01/2013;0;CNE
C09652;01/04/2014;<=10;0;0;<24, 48;230.24;0;0;3/04/2014;12;4748.45;BT;1/01/2013;1;CNE
C09654;01/04/2014;>10;>0;1;<24, 48;564.79;0;0;2/04/2014;14;4458.26;BT;1/01/2012;1;CNE
C09655;01/04/2014;<=10;0;0;<=24;187.83;185.91;0;8/04/2014;10;3101.05;BT;1/01/2014;1;COEF
C09656;01/04/2014;>10;0;0;<24, 48;214.43;222.69;0;4/04/2014;8;1542.34;BT;1/01/2011;1;CNE
C09657;01/04/2014;<=10;0;0;>48;158.8;158.68;159.66;11/04/2014;9;2325.57;BT;1/01/2012;1;CNE
C09658;01/04/2014;>10;0;0;>48;611.72;654.75;0;3/04/2014;8;12568.1;BT;1/01/2011;1;COEF
C09660;01/04/2014;<=10;0;0;>48;741.47;741.25;740.86;3/04/2014;8;12677.2;BT;1/01/2012;1;CNE
C09662;01/04/2014;<=10;0;0;<24, 48;250.64;0;0;3/04/2014;11;7435.6;BT;1/01/2014;1;CNE
C09663;01/04/2014;<=10;>0;1;<24, 48;667.58;0;0;15/04/2014;19;11575.5;BT;1/01/2013;0;COEF
C09664;01/04/2014;<=10;0;0;<24, 48;1146.87;0;1127.97;4/04/2014;8;33138;BT;1/01/2013;1;CNE
C09665;01/04/2014;>10;>0;0;<24, 48;687.67;0;0;11/04/2014;7;2484.89;BT;1/01/2011;0;COEF
C09667;01/04/2014;>10;0;0;<24, 48;102.18;264.48;0;4/04/2014;8;4860.19;BT;1/01/2013;1;CNE
C09668;01/04/2014;>10;0;0;<24, 48;409.4;0;0;3/04/2014;10;9826.4;BT;1/01/2013;1;CNE
C09671;01/04/2014;>10;0;0;<24, 48;283.75;0;856.53;23/04/2014;11;3618.97;BT;1/01/2012;1;CNE
C09672;01/04/2014;<=10;0;0;<=24;43.35;429.37;430.53;4/04/2014;9;1615.01;BT;1/01/2012;1;COEF
C09678;01/04/2014;<=10;>0;0;<24, 48;317.43;635.61;0;3/04/2014;12;4481.4;BT;1/01/2012;0;COEF
C09679;01/04/2014;<=10;0;0;<24, 48;435.1;434.43;0;1/04/2014;13;12562.7;BT;1/01/2013;1;CNE
C09681;01/04/2014;<=10;0;0;<24, 48;669.81;0;0;2/04/2014;17;4048.23;BT;1/01/2013;0;CNE
C09682;01/04/2014;<=10;0;0;<24, 48;67.26;0;0;11/04/2014;16;7103.92;BT;1/01/2012;1;COEF
C09683;01/04/2014;<=10;0;0;>48;1379.76;1390.47;1408.03;25/04/2014;17;7149.76;BT;1/01/2013;0;CNE
C09685;01/04/2014;<=10;0;0;<24, 48;418.22;0;1946.36;11/04/2014;12;16765.9;BT;1/01/2013;1;CNE
C09686;01/04/2014;<=10;0;0;<24, 48;577.42;868.42;0;2/04/2014;20;5115.87;BT;1/01/2013;0;CNE
C09687;01/04/2014;<=10;0;0;<24, 48;198.35;597.48;0;16/04/2014;7;13174;BT;1/01/2012;1;COEF
C09688;01/04/2014;<=10;0;0;<24, 48;119.62;0;0;3/04/2014;15;2682.86;BT;1/01/2013;1;COEF
C09689;01/04/2014;<=10;0;0;<24, 48;39.49;307.17;0;9/04/2014;8;4720.5;BT;1/01/2012;1;CNE
C09690;01/04/2014;<=10;0;0;<24, 48;383.8;0;0;14/04/2014;8;8849.92;BT;1/01/2013;1;COEF
C09692;01/04/2014;<=10;0;0;<24, 48;259.33;0;0;14/04/2014;15;4696.73;BT;1/01/2013;1;CNE
C09694;01/04/2014;>10;0;0;>48;154.3;0;0;7/04/2014;14;2741.9;BT;1/01/2012;1;CNE
C09696;01/04/2014;<=10;0;0;<=24;321.07;321.07;967.27;24/04/2014;7;3992.59;BT;1/01/2013;1;CNE
C09697;01/04/2014;<=10;0;0;>48;290.45;150.58;0;8/04/2014;10;8351.99;BT;1/01/2014;1;CNE
C09699;01/04/2014;>10;0;0;>48;501.98;566.8;562.98;8/04/2014;14;9066.75;BT;1/01/2011;1;CNE
C09700;01/04/2014;<=10;>0;0;>48;636.78;0;1916.31;24/04/2014;10;15870;BT;1/01/2013;1;COEF
C09701;01/04/2014;>10;0;0;<24, 48;252.24;0;0;8/04/2014;11;1956.28;BT;1/01/2011;1;CNE
C09704;01/04/2014;<=10;0;0;<=24;244.73;0;0;11/04/2014;10;2960.5;BT;1/01/2013;1;COEF
C09705;01/04/2014;<=10;0;0;<24, 48;125.13;0;0;3/04/2014;9;16051.4;BT;1/01/2013;1;COEF
C09706;01/04/2014;<=10;0;0;<24, 48;326.51;330.79;325.94;15/04/2014;10;9675.04;BT;1/01/2013;1;CNE
C09707;01/04/2014;<=10;0;0;<=24;588.67;0;0;3/04/2014;20;3833.68;BT;1/01/2013;0;CNE
C09710;01/04/2014;<=10;0;0;>48;2356.5;0;0;3/04/2014;17;20220;BT;1/01/2013;0;CNE
C09711;01/04/2014;<=10;0;0;<24, 48;179.42;0;0;10/04/2014;7;19502.8;BT;1/01/2013;1;CNE
C09712;01/04/2014;<=10;>0;0;<24, 48;67.54;69.47;388.81;15/04/2014;10;10522.7;BT;1/01/2013;1;CNE
C09713;01/04/2014;<=10;>0;0;<24, 48;424.08;0;0;1/04/2014;13;5289.36;BT;1/01/2013;1;CNE
C09715;01/04/2014;<=10;0;0;<24, 48;335.17;0;0;14/04/2014;7;4700.1;BT;1/01/2012;1;CNE
C09716;01/04/2014;<=10;0;0;>48;298.69;900.99;900.99;23/04/2014;18;5582.3;BT;1/01/2013;1;CNE
C09717;01/04/2014;<=10;0;0;>48;528.31;526.83;438.24;7/04/2014;8;13095.5;BT;1/01/2013;1;COEF
C09718;01/04/2014;<=10;0;0;<24, 48;248.21;0;0;14/04/2014;14;2023.69;BT;1/01/2011;1;COEF
C09719;01/04/2014;<=10;0;0;<24, 48;481.34;0;0;8/04/2014;9;8261.63;BT;1/01/2013;1;COEF
C09720;01/04/2014;<=10;0;0;<24, 48;245.44;0;253.63;7/04/2014;17;3433.31;BT;1/01/2012;1;CNE
C09723;01/04/2014;<=10;0;0;<24, 48;1174.81;0.49;0;3/04/2014;18;33762.6;BT;1/01/2013;1;COEF
C09724;01/04/2014;<=10;0;0;<24, 48;164.27;159.17;0;10/04/2014;15;3400.06;BT;1/01/2013;1;CNE
C09725;01/04/2014;<=10;0;0;<24, 48;349.41;346.32;0;11/04/2014;18;6865.92;BT;1/01/2012;1;CNE
C09726;01/04/2014;>10;>0;0;<24, 48;1263.11;0;1126.38;28/04/2014;16;6990.16;BT;1/01/2012;0;CNE
C09727;01/04/2014;<=10;0;0;<24, 48;1140.97;0;0;7/04/2014;19;8442.2;BT;1/01/2013;0;CNE
C09728;01/04/2014;<=10;>0;0;<24, 48;2470.16;3477.18;2306.63;11/04/2014;9;24470.2;BT;1/01/2013;0;CNE
C09729;01/04/2014;<=10;0;0;<=24;31.89;0;0;25/04/2014;9;4116.43;BT;1/01/2013;1;CNE
C09731;01/04/2014;<=10;0;0;>48;250.06;203.19;0;14/04/2014;18;7887.98;BT;1/01/2013;1;COEF
C09733;01/04/2014;<=10;0;0;<=24;901.15;0;0;22/04/2014;12;14773.6;BT;1/01/2013;1;COEF
C09734;01/04/2014;<=10;0;0;<24, 48;295.19;0;0;3/04/2014;12;6478.52;BT;1/01/2013;1;COEF
C09735;01/04/2014;<=10;>0;0;<24, 48;340.54;689.42;1041.43;30/04/2014;9;6520.58;BT;1/01/2013;0;COEF
C09737;01/04/2014;<=10;0;0;<24, 48;317.47;314.79;315.64;23/04/2014;12;5279.12;BT;1/01/2013;1;CNE
C09739;01/04/2014;<=10;0;0;<24, 48;1424.02;0;0;4/04/2014;11;37111.7;BT;1/01/2013;1;CNE
C09740;01/04/2014;<=10;0;0;>48;346.6;0;0;3/04/2014;11;8480.76;BT;1/01/2013;1;COEF
C09741;01/04/2014;<=10;0;0;<24, 48;1525.71;1433.98;1519.95;1/04/2014;13;42192.5;BT;1/01/2013;1;CNE
C09742;01/04/2014;<=10;0;0;<24, 48;229.53;0;0;23/04/2014;20;2057.92;BT;1/01/2011;1;CNE
C09743;01/04/2014;>10;>0;0;<24, 48;421.43;638.95;625.84;24/04/2014;13;3062.5;BT;1/01/2012;0;CNE
C09744;01/04/2014;<=10;0;0;<24, 48;338.32;316.89;326.54;3/04/2014;15;6443.54;BT;1/01/2013;1;CNE
C09745;01/04/2014;<=10;0;0;<24, 48;24.48;128.45;128.89;11/04/2014;8;1754.38;BT;1/01/2012;1;CNE
C09746;01/04/2014;<=10;>0;0;<=24;579.47;0;0;8/04/2014;7;565.37;BT;1/01/2012;0;CNE
C09747;01/04/2014;<=10;0;0;<24, 48;200.03;0;0;7/04/2014;7;2315.79;BT;1/01/2013;1;COEF
C09748;01/04/2014;<=10;>0;1;<24, 48;393.08;428.47;890.22;28/04/2014;13;7170.68;BT;1/01/2011;1;COEF
C09750;01/04/2014;<=10;0;0;<24, 48;41.53;0;0;7/04/2014;16;2520.31;BT;1/01/2012;1;CNE
C09751;01/04/2014;<=10;0;0;>48;468.22;473.26;0;16/04/2014;11;1698.16;BT;1/01/2011;1;CNE
C09754;01/04/2014;<=10;0;0;<24, 48;496.66;0;0;8/04/2014;9;14024.8;BT;1/01/2013;1;CNE
C09755;01/04/2014;<=10;0;0;<24, 48;286.52;288.45;179.02;7/04/2014;8;4953.28;BT;1/01/2013;1;COEF
C09756;01/04/2014;>10;0;0;>48;528.06;0;0;4/04/2014;11;19269.7;BT;1/01/2012;1;CNE
C09758;01/04/2014;<=10;0;0;<24, 48;498.39;0;0;7/04/2014;10;2884.06;BT;1/01/2011;0;CNE
C09759;01/04/2014;<=10;0;0;<24, 48;583.62;182.59;573.92;21/04/2014;14;13956.5;BT;1/01/2012;1;COEF
C09760;01/04/2014;<=10;0;0;<24, 48;251.33;255.27;253.07;30/04/2014;15;4417.83;BT;1/01/2013;1;CNE
C09762;01/04/2014;<=10;>0;0;>48;817.8;817.8;0;24/04/2014;19;2933.69;BT;1/01/2013;0;CNE
C09763;01/04/2014;<=10;0;0;<24, 48;312.37;0;0;10/04/2014;18;7517.34;BT;1/01/2013;1;CNE
C09764;01/04/2014;<=10;0;0;<=24;250.99;0;761.73;9/04/2014;7;2072.77;BT;1/01/2013;1;CNE
C09765;01/04/2014;<=10;0;0;>48;1811.76;0;0;10/04/2014;11;67095.7;BT;1/01/2013;1;COEF
C09766;01/04/2014;<=10;>0;0;<24, 48;1462.97;1956.5;0;22/04/2014;14;13147.4;BT;1/01/2013;0;CNE
C09767;01/04/2014;>10;>0;0;>48;270.63;277.18;218.32;23/04/2014;17;16109.9;BT;1/01/2011;1;CNE
C09768;01/04/2014;<=10;0;0;<=24;199.36;0;0;1/04/2014;15;3190.97;BT;1/01/2011;0;CNE
C09769;01/04/2014;<=10;0;0;<=24;193.61;0;0;14/04/2014;7;1359.67;BT;1/01/2013;1;CNE
C09770;01/04/2014;<=10;0;0;<24, 48;768.62;0;0;1/04/2014;17;3084.69;BT;1/01/2012;0;CNE
C09773;01/04/2014;>10;0;0;<24, 48;165.17;0;0;4/04/2014;16;1262.94;BT;1/01/2011;1;CNE
C09775;01/04/2014;>10;0;0;>48;406.11;201.11;0;16/04/2014;10;834.87;BT;1/01/2010;1;CNE
C09776;01/04/2014;<=10;>0;0;>48;1893.72;0;0;14/04/2014;13;5075.98;BT;1/01/2013;0;CNE
C09778;01/04/2014;<=10;0;0;<=24;634.72;0;0;10/04/2014;8;3083.11;BT;1/01/2013;1;COEF
C09779;01/04/2014;<=10;0;0;<=24;231.8;0;0;10/04/2014;18;2451.35;BT;1/01/2013;1;CNE
C09780;01/04/2014;<=10;0;0;>48;366.13;0;0;16/04/2014;20;11201.6;BT;1/01/2013;1;CNE
C09781;01/04/2014;<=10;0;0;<24, 48;394.38;0;0;2/04/2014;11;10376.8;BT;1/01/2012;1;COEF
C09782;01/04/2014;<=10;0;0;<24, 48;276.79;11.4;18.14;15/04/2014;15;5627.94;BT;1/01/2014;1;CNE
C09784;01/04/2014;<=10;0;0;<=24;974.85;0;983.22;24/04/2014;14;14012.1;BT;1/01/2013;1;CNE
C09785;01/04/2014;<=10;>0;0;<24, 48;517.33;0;0;24/04/2014;11;11871.7;BT;1/01/2012;1;COEF
C09786;01/04/2014;<=10;0;0;>48;488.02;0;476.62;11/04/2014;12;7739.43;BT;1/01/2013;1;CNE
C09787;01/04/2014;<=10;>0;1;<24, 48;399.42;0;0;11/04/2014;8;2821.87;BT;1/01/2013;0;CNE
C09788;01/04/2014;<=10;0;0;<24, 48;397.49;617.81;0;30/04/2014;19;5029.23;BT;1/01/2014;0;CNE
C09789;01/04/2014;<=10;0;0;<24, 48;155.81;0;0;7/04/2014;16;2601.82;BT;1/01/2013;1;CNE
C09790;01/04/2014;>10;>0;0;<24, 48;430.3;0;0;11/04/2014;11;6877.81;BT;1/01/2012;1;CNE
C09791;01/04/2014;<=10;0;0;<24, 48;82.77;83.11;0;8/04/2014;8;1368.76;BT;1/01/2013;1;CNE
C09792;01/04/2014;<=10;0;0;<24, 48;276.13;0;0;21/04/2014;12;6168.29;BT;1/01/2012;1;CNE
C09793;01/04/2014;<=10;0;0;<24, 48;127.6;352.5;152.5;8/04/2014;12;4777.27;BT;1/01/2013;1;COEF
C09794;01/04/2014;<=10;0;0;<=24;249.91;0;257.51;4/04/2014;9;2625.9;BT;1/01/2014;1;COEF
C09795;01/04/2014;<=10;>0;0;<=24;898.83;0;903.98;22/04/2014;15;7722.41;BT;1/01/2013;1;CNE
C09796;01/04/2014;>10;0;0;<24, 48;316.07;0;0;28/04/2014;11;1026.99;BT;1/01/2011;1;CNE
C09797;01/04/2014;<=10;0;0;<24, 48;367.45;0;0;15/04/2014;12;6856.44;BT;1/01/2013;1;CNE
C09798;01/04/2014;<=10;0;0;<24, 48;255.13;0;0;7/04/2014;20;3903.29;BT;1/01/2012;1;CNE
C09799;01/04/2014;<=10;0;0;<24, 48;314.09;296.76;310.77;9/04/2014;13;7215.62;BT;1/01/2013;1;CNE
C09800;01/04/2014;<=10;0;0;>48;77.73;0;0;8/04/2014;7;13921.2;BT;1/01/2013;1;CNE
C09802;01/04/2014;<=10;>0;0;<24, 48;32.17;287.73;265.01;8/04/2014;20;5309.24;BT;1/01/2013;1;CNE
C09803;01/04/2014;>10;>0;1;<24, 48;341.91;0;0;10/04/2014;16;5301.91;BT;1/01/2011;1;COEF
C09805;01/04/2014;<=10;0;0;<24, 48;1076.6;1439.42;0;4/04/2014;8;10391.3;BT;1/01/2013;0;CNE
C09806;01/04/2014;>10;>0;0;>48;2264.14;0;3408.58;15/04/2014;8;44904.8;BT;1/01/2012;0;CNE
C09807;01/04/2014;<=10;0;0;<24, 48;274.84;271.76;276.37;14/04/2014;11;2243.25;BT;1/01/2012;1;CNE
C09808;01/04/2014;<=10;0;0;>48;435.45;0;0;10/04/2014;18;13959.2;BT;1/01/2013;1;COEF
C09809;01/04/2014;<=10;0;0;<24, 48;198.2;0;0;3/04/2014;11;2655.42;BT;1/01/2012;1;CNE
C09812;01/04/2014;<=10;0;0;>48;366.4;0;1108.64;16/04/2014;9;5559.71;BT;1/01/2011;1;CNE
C09815;01/04/2014;<=10;0;0;<=24;1146.16;1538.32;0;7/04/2014;13;4555.66;BT;1/01/2013;0;CNE
C09817;01/04/2014;<=10;0;0;<24, 48;264.72;273.87;247.52;29/04/2014;7;5485.07;BT;1/01/2013;1;CNE
C09818;01/04/2014;<=10;0;0;<24, 48;464.95;0;461.62;14/04/2014;9;11607.1;BT;1/01/2014;1;CNE
C09819;01/04/2014;>10;0;0;<24, 48;300.89;0;0;22/04/2014;11;1576.11;BT;1/01/2010;1;CNE
C09820;01/04/2014;<=10;0;0;<24, 48;208.97;517.32;517.32;25/04/2014;10;12723.4;BT;1/01/2013;1;CNE
C09821;01/04/2014;<=10;0;0;>48;327.09;655.02;985.17;24/04/2014;9;5676.54;BT;1/01/2013;1;CNE
C09822;01/04/2014;<=10;0;0;<=24;175.18;0;0;8/04/2014;9;2371.43;BT;1/01/2013;1;COEF
C09823;01/04/2014;<=10;0;0;<24, 48;21.22;0;0;10/04/2014;11;4290.27;BT;1/01/2013;1;CNE
C09824;01/04/2014;<=10;0;0;<24, 48;162.62;162.55;0;8/04/2014;12;2582.03;BT;1/01/2013;1;CNE
C09827;01/04/2014;>10;0;0;<24, 48;224.97;231.33;227.69;21/04/2014;9;5735.52;BT;1/01/2011;1;CNE
C09828;01/04/2014;<=10;0;0;<24, 48;1112.35;0;0;1/04/2014;18;6895.18;BT;1/01/2013;0;CNE
C09829;01/04/2014;<=10;0;0;<24, 48;327.54;329.31;0;11/04/2014;14;4273.69;BT;1/01/2012;1;CNE
C09830;01/04/2014;<=10;0;0;<24, 48;211.57;0;0;3/04/2014;13;22189.9;BT;1/01/2013;1;COEF
C09831;01/04/2014;<=10;0;0;>48;349.7;0;1058.44;11/04/2014;7;8006.52;BT;1/01/2013;1;CNE
C09834;01/04/2014;<=10;0;0;>48;156.43;385.87;854.89;3/04/2014;15;9411.94;BT;1/01/2013;1;CNE
C09835;01/04/2014;<=10;>0;1;<24, 48;498.16;498.16;0;28/04/2014;7;7597.36;BT;1/01/2012;1;COEF
C09837;01/04/2014;<=10;>0;0;>48;720.45;722.21;722.21;29/04/2014;17;12778.9;BT;1/01/2013;1;CNE
C09839;01/04/2014;<=10;>0;0;>48;40.31;0;343.42;7/04/2014;15;8650.84;BT;1/01/2014;1;CNE
C09840;01/04/2014;>10;0;0;<24, 48;96.95;0;0;29/04/2014;11;2336.95;BT;1/01/2011;1;CNE
C09841;01/04/2014;<=10;0;0;<24, 48;217.06;0;0;21/04/2014;10;3006.54;BT;1/01/2012;1;CNE
C09842;01/04/2014;<=10;0;0;<24, 48;731.49;982.43;0;10/04/2014;17;4151.49;BT;1/01/2012;0;CNE
C09844;01/04/2014;<=10;0;0;<24, 48;606.51;603.76;168.66;16/04/2014;7;13686.5;BT;1/01/2013;1;CNE
C09846;01/04/2014;<=10;0;0;<24, 48;118.59;0;0;1/04/2014;8;5876.83;BT;1/01/2013;1;CNE
C09847;01/04/2014;<=10;0;0;<24, 48;237.55;238;0;11/04/2014;15;4708.76;BT;1/01/2013;1;COEF
C09848;01/04/2014;<=10;0;0;<24, 48;734.06;735.32;736.81;22/04/2014;14;2233.75;BT;1/01/2011;1;CNE
C09849;01/04/2014;<=10;0;0;<24, 48;304.23;609.38;0;21/04/2014;15;4568.14;BT;1/01/2012;1;CNE
C09850;01/04/2014;>10;0;0;>48;335.55;0;0;3/04/2014;11;6172.42;BT;1/01/2011;1;CNE
C09851;01/04/2014;<=10;0;0;<24, 48;454.95;0;0;8/04/2014;7;10851.5;BT;1/01/2013;1;CNE
C09852;01/04/2014;<=10;0;0;<24, 48;558.08;555.55;555.82;8/04/2014;18;12057.8;BT;1/01/2013;1;CNE
C09854;01/04/2014;<=10;0;0;<24, 48;1423.06;0;0;29/04/2014;20;15097.3;BT;1/01/2012;0;CNE
C09855;01/04/2014;<=10;0;0;<24, 48;644.9;0;0;14/04/2014;15;4060.04;BT;1/01/2012;0;CNE
C09856;01/04/2014;<=10;0;0;>48;1073.25;0;0;28/04/2014;11;13788.7;BT;1/01/2013;0;CNE
C09857;01/04/2014;<=10;0;0;<24, 48;1186.83;0;0;1/04/2014;16;7839.45;BT;1/01/2012;0;CNE
C09858;01/04/2014;>10;0;0;<24, 48;1352.69;0;1732.22;2/04/2014;20;15994.1;BT;1/01/2012;0;CNE
C09859;01/04/2014;>10;0;0;<24, 48;233.62;0;703.68;24/04/2014;9;1167.76;BT;1/01/2011;1;CNE
C09861;01/04/2014;<=10;0;0;<24, 48;312.84;0;0;2/04/2014;14;1959.47;BT;1/01/2013;0;CNE
C09862;01/04/2014;<=10;0;0;<24, 48;676.6;907.23;0;15/04/2014;15;6581.59;BT;1/01/2013;0;CNE
C09864;01/04/2014;<=10;>0;0;<=24;676.48;0;0;2/04/2014;17;1001.06;BT;1/01/2013;0;CNE
C09867;01/04/2014;<=10;0;0;<=24;27.91;32.87;0;3/04/2014;16;2695.9;BT;1/01/2013;1;CNE
C09868;01/04/2014;<=10;0;0;>48;493.78;0;707.68;4/04/2014;11;18081.5;BT;1/01/2013;1;COEF
C09869;01/04/2014;<=10;0;0;<24, 48;57.77;178.45;179.97;15/04/2014;15;2676.85;BT;1/01/2013;1;CNE
C09870;01/04/2014;<=10;0;0;<24, 48;355.66;0;0;8/04/2014;11;26635.3;BT;1/01/2014;1;CNE
C09872;01/04/2014;<=10;0;0;>48;749.75;0;0;2/04/2014;12;5649;BT;1/01/2011;0;CNE
C09873;01/04/2014;<=10;0;0;<24, 48;212.67;0;0;22/04/2014;15;7911.98;BT;1/01/2012;1;CNE
C09875;01/04/2014;<=10;0;0;<=24;304.87;0;0;15/04/2014;18;4459.35;BT;1/01/2014;1;COEF
C09876;01/04/2014;>10;0;0;<24, 48;603.95;0;0;3/04/2014;19;9078.58;BT;1/01/2011;1;CNE
C09878;01/04/2014;>10;0;0;<24, 48;240;0;0;7/04/2014;16;2687.28;BT;1/01/2012;1;CNE
C09879;01/04/2014;<=10;0;0;<24, 48;291;0;0;8/04/2014;14;9410.41;BT;1/01/2013;1;COEF
C09880;01/04/2014;<=10;0;0;<24, 48;356.21;357.2;353.72;11/04/2014;9;6945.68;BT;1/01/2012;1;CNE
C09881;01/04/2014;<=10;>0;0;>48;357.21;0;0;9/04/2014;7;3121.66;BT;1/01/2013;1;CNE
C09882;01/04/2014;<=10;0;0;<24, 48;33.79;0;0;21/04/2014;18;9095.9;BT;1/01/2013;1;COEF
C09883;01/04/2014;<=10;0;0;<24, 48;262.25;0;0;2/04/2014;11;4472.86;BT;1/01/2012;1;COEF
C09884;01/04/2014;<=10;0;0;>48;1205.34;874.63;266.28;4/04/2014;11;10191.9;BT;1/01/2012;0;CNE
C09886;01/04/2014;>10;0;0;<=24;2473.94;2488.62;0;16/04/2014;9;2437.25;BT;1/01/2012;0;CNE
C09887;01/04/2014;<=10;0;0;<=24;467.98;0;0;28/04/2014;7;2359.36;BT;1/01/2013;1;CNE
C09888;01/04/2014;>10;0;0;<24, 48;1220.55;1299.02;2097.04;11/04/2014;15;9567.49;BT;1/01/2012;0;CNE
C09889;01/04/2014;<=10;0;0;<=24;781.48;1047.57;0;29/04/2014;11;3243.65;BT;1/01/2013;0;COEF
C09890;01/04/2014;<=10;>0;0;>48;318.72;0;273.51;14/04/2014;8;3590.75;BT;1/01/2013;1;CNE
C09891;01/04/2014;<=10;0;0;<24, 48;245.99;0;0;9/04/2014;8;5607.66;BT;1/01/2013;1;COEF
C09892;01/04/2014;<=10;0;0;>48;108.99;0;0;3/04/2014;15;41961.9;BT;1/01/2013;1;CNE
C09893;01/04/2014;<=10;>0;0;<24, 48;116.69;0;554.55;11/04/2014;15;14863.6;BT;1/01/2014;1;COEF
C09894;01/04/2014;<=10;>0;0;<24, 48;744.79;0;1391.79;2/04/2014;8;15694.3;BT;1/01/2013;1;CNE
C09895;01/04/2014;<=10;0;0;<24, 48;785.13;0;0;1/04/2014;17;5169.97;BT;1/01/2013;0;CNE
C09896;01/04/2014;<=10;0;0;>48;44.02;309.23;0;16/04/2014;13;3368.29;BT;1/01/2011;1;CNE
C09898;01/04/2014;<=10;0;0;<24, 48;391.98;0;0;28/04/2014;8;7885.47;BT;1/01/2013;1;CNE
C09900;01/04/2014;<=10;0;0;<=24;207.47;0;0;9/04/2014;7;2375.49;BT;1/01/2013;1;COEF
C09901;01/04/2014;<=10;>0;0;>48;763.42;763.42;0;29/04/2014;17;11474.4;BT;1/01/2012;0;COEF
C09902;01/04/2014;<=10;0;0;<24, 48;220.96;0;0;15/04/2014;11;4591.74;BT;1/01/2013;1;COEF
C09903;01/04/2014;<=10;>0;0;<24, 48;798.57;1067.79;0;29/04/2014;15;5611.31;BT;1/01/2013;0;COEF
C09904;01/04/2014;<=10;0;0;>48;432.82;0;0;8/04/2014;13;8901.05;BT;1/01/2013;1;CNE
C09905;01/04/2014;<=10;0;0;<24, 48;716.29;0;0;3/04/2014;16;9097.57;BT;1/01/2012;1;COEF
C09906;01/04/2014;<=10;0;0;>48;191.25;0;188.31;3/04/2014;14;2324.28;BT;1/01/2013;1;CNE
C09907;01/04/2014;<=10;0;0;<24, 48;455.93;455.93;1397.4;23/04/2014;10;10068.8;BT;1/01/2013;1;CNE
C09910;01/04/2014;>10;>0;0;>48;1851.57;0;0;4/04/2014;9;15008.5;BT;1/01/2012;0;CNE
C09911;01/04/2014;<=10;0;0;<24, 48;404.02;0;0;2/04/2014;11;10370.3;BT;1/01/2013;1;CNE
C09912;01/04/2014;<=10;>0;0;<=24;510.53;783.16;0;7/04/2014;20;2528.87;BT;1/01/2013;0;CNE
C09913;01/04/2014;<=10;>0;0;<24, 48;536.75;0;1615.12;21/04/2014;8;12409.4;BT;1/01/2013;1;CNE
C09914;01/04/2014;<=10;>0;0;<=24;309.64;506.96;0;28/04/2014;15;2463.67;BT;1/01/2013;0;CNE
C09915;01/04/2014;>10;0;0;<24, 48;402.13;0;0;28/04/2014;14;3338.12;BT;1/01/2012;1;CNE
C09916;01/04/2014;<=10;0;0;<24, 48;882.78;1180.88;875.34;2/04/2014;10;5329.6;BT;1/01/2013;0;CNE
C09917;01/04/2014;<=10;0;0;<24, 48;541.79;0;0;25/04/2014;12;13819.4;BT;1/01/2013;1;CNE
C09918;01/04/2014;<=10;>0;0;<=24;405.99;544.17;0;4/04/2014;18;2034.28;BT;1/01/2013;0;CNE
C09919;01/04/2014;<=10;0;0;>48;206.19;210.24;0;11/04/2014;9;5202.89;BT;1/01/2014;1;CNE
C09920;01/04/2014;<=10;0;0;<24, 48;337.04;336.59;0;30/04/2014;19;7962.94;BT;1/01/2013;1;CNE
C09922;01/04/2014;<=10;0;0;<24, 48;322.47;322.47;0;21/04/2014;11;4016.88;BT;1/01/2012;1;CNE
C09923;01/04/2014;<=10;>0;0;<=24;922.43;0;0;1/04/2014;18;1681.98;BT;1/01/2012;0;CNE
C09925;01/04/2014;>10;>0;0;<24, 48;196.86;32.64;0;1/04/2014;16;3981.52;BT;1/01/2012;0;CNE
C09926;01/04/2014;>10;0;0;<24, 48;203.18;201.22;207.02;30/04/2014;18;1393.85;BT;1/01/2011;1;CNE
C09927;01/04/2014;<=10;0;0;<=24;307.89;0;0;4/04/2014;15;4667.82;BT;1/01/2013;1;COEF
C09929;01/04/2014;<=10;0;0;<24, 48;296.68;0;0;28/04/2014;8;4964.66;BT;1/01/2012;0;CNE
C09930;01/04/2014;>10;0;0;<24, 48;1093.86;0;0;1/04/2014;10;4433.32;BT;1/01/2012;0;CNE
C09931;01/04/2014;>10;0;0;<24, 48;131.57;0;122.73;9/04/2014;19;5331.04;BT;1/01/2011;1;CNE
C09932;01/04/2014;<=10;0;0;>48;377.35;393.25;0;3/04/2014;11;4338.05;BT;1/01/2011;1;CNE
C09933;01/04/2014;>10;>0;0;<24, 48;510.32;0;0;11/04/2014;9;9663.89;BT;1/01/2012;1;COEF
C09934;01/04/2014;<=10;0;0;<24, 48;121.03;0;0;4/04/2014;13;14114.2;BT;1/01/2014;1;CNE
C09935;01/04/2014;<=10;0;0;>48;437.37;0;0;4/04/2014;7;9854.98;BT;1/01/2012;1;COEF
C09936;01/04/2014;<=10;0;0;<24, 48;226.47;0;0;10/04/2014;16;5321.03;BT;1/01/2014;1;COEF
C09937;01/04/2014;<=10;0;0;<24, 48;67.06;92.89;98.28;7/04/2014;17;5064.95;BT;1/01/2013;1;CNE
C09938;01/04/2014;<=10;0;0;<24, 48;162.14;0;0;11/04/2014;16;3908.34;BT;1/01/2010;1;CNE
C09939;01/04/2014;<=10;0;0;<=24;104.65;0;0;22/04/2014;10;3114.82;BT;1/01/2013;1;CNE
C09941;01/04/2014;>10;0;0;<24, 48;421.3;413.63;0;7/04/2014;14;14463.6;BT;1/01/2012;1;CNE
C09942;01/04/2014;<=10;0;0;<24, 48;215.63;0;0;14/04/2014;14;4726.3;BT;1/01/2013;1;CNE
C09943;01/04/2014;<=10;0;0;<=24;189.43;0;190.56;30/04/2014;13;1131.22;BT;1/01/2012;1;CNE
C09944;01/04/2014;<=10;0;0;>48;431.67;436.8;443;3/04/2014;18;4058.73;BT;1/01/2010;1;CNE
C09945;01/04/2014;<=10;0;0;<24, 48;262.6;315.62;0;4/04/2014;16;563.52;BT;1/01/2011;1;COEF
C09947;01/04/2014;<=10;>0;0;<24, 48;2305.77;2116.89;1826.33;3/04/2014;16;21906.9;BT;1/01/2012;0;CNE
C09949;01/04/2014;<=10;0;0;<24, 48;623.43;0;0;4/04/2014;11;18278.4;BT;1/01/2013;1;CNE
C09950;01/04/2014;<=10;0;0;<24, 48;434.03;663.66;0;24/04/2014;19;4515.92;BT;1/01/2012;0;CNE
C09951;01/04/2014;>10;0;0;<24, 48;392.31;0;0;3/04/2014;10;7250.88;BT;1/01/2012;1;CNE
C09952;01/04/2014;<=10;0;0;<=24;507.23;512.44;513.5;11/04/2014;12;5408.22;BT;1/01/2014;1;CNE
C09953;01/04/2014;<=10;0;0;<24, 48;297.87;0;0;9/04/2014;11;5289.11;BT;1/01/2013;1;COEF
C09955;01/04/2014;>10;0;0;<24, 48;376.79;187.77;383.22;11/04/2014;17;6435.35;BT;1/01/2013;1;COEF
C09957;01/04/2014;<=10;>0;1;<24, 48;818.05;1093.3;0;10/04/2014;16;5834.69;BT;1/01/2013;0;CNE
C09958;01/04/2014;<=10;0;0;>48;352.07;0;1063.21;11/04/2014;14;8823.79;BT;1/01/2013;1;CNE
C09959;01/04/2014;<=10;0;0;>48;1251.55;1251.55;0;24/04/2014;19;10429.1;BT;1/01/2013;0;CNE
C09960;01/04/2014;>10;0;0;<24, 48;407.64;0;0;4/04/2014;7;6632.88;BT;1/01/2011;1;CNE
C09961;01/04/2014;>10;>0;0;>48;1067.24;0;0;16/04/2014;8;8443.06;BT;1/01/2012;0;CNE
C09962;01/04/2014;<=10;>0;1;<24, 48;438.39;463.85;468.34;14/04/2014;11;9098.33;BT;1/01/2013;1;CNE
C09964;01/04/2014;<=10;0;0;<=24;122.1;0;0;30/04/2014;8;3241.94;BT;1/01/2014;1;CNE
C09966;01/04/2014;<=10;0;0;>48;115.91;0;375.52;14/04/2014;11;25091.7;BT;1/01/2013;1;COEF
C09967;01/04/2014;<=10;>0;0;<24, 48;88.44;88.44;88.04;1/04/2014;19;1530.42;BT;1/01/2013;0;COEF
C09968;01/04/2014;<=10;0;0;<24, 48;162.96;0;0;4/04/2014;10;3011.43;BT;1/01/2013;1;CNE
C09970;01/04/2014;<=10;0;0;<24, 48;219.91;0;223.96;4/04/2014;9;6329.66;BT;1/01/2013;1;COEF
C09971;01/04/2014;<=10;>0;1;>48;411.69;0;0;15/04/2014;14;19580.1;BT;1/01/2012;1;CNE
C09972;01/04/2014;<=10;0;0;<24, 48;79.99;0;0;8/04/2014;10;6161.15;BT;1/01/2012;1;CNE
C09974;01/04/2014;<=10;0;0;<24, 48;169.12;0;0;3/04/2014;14;3516.11;BT;1/01/2013;1;CNE
C09975;01/04/2014;<=10;0;0;<24, 48;245.42;0;0;14/04/2014;15;2577.63;BT;1/01/2012;1;CNE
C09976;01/04/2014;<=10;>0;0;>48;875.3;1171.2;0;29/04/2014;11;5590.04;BT;1/01/2013;0;CNE
C09977;01/04/2014;<=10;0;0;<24, 48;525.5;488.29;514.76;14/04/2014;9;12763.2;BT;1/01/2013;1;COEF
C09978;01/04/2014;<=10;0;0;>48;521.36;0;0;3/04/2014;9;15742.1;BT;1/01/2014;1;CNE
C09979;01/04/2014;<=10;>0;0;<24, 48;131.16;0;0;29/04/2014;11;7638.45;BT;1/01/2012;1;COEF
C09980;01/04/2014;<=10;0;0;>48;561.53;0;1692.24;10/04/2014;8;13183.6;BT;1/01/2013;1;COEF
C09981;01/04/2014;>10;0;0;<=24;196.83;393.84;0;2/04/2014;20;930.96;BT;1/01/2012;0;CNE
C09983;01/04/2014;>10;0;0;<24, 48;1566.25;0;0;1/04/2014;18;6355.99;BT;1/01/2012;0;CNE
C09984;01/04/2014;<=10;0;0;<=24;476.21;0;0;4/04/2014;14;1391.54;BT;1/01/2012;1;COEF
C09985;01/04/2014;<=10;0;0;<=24;74.45;94.17;32.56;8/04/2014;7;4819.42;BT;1/01/2013;1;CNE
C09986;01/04/2014;<=10;0;0;<=24;71.37;0;0;11/04/2014;8;1765.27;BT;1/01/2013;1;CNE
C09988;01/04/2014;<=10;0;0;<24, 48;280.5;0;0;9/04/2014;14;4846.15;BT;1/01/2013;1;CNE
C09989;01/04/2014;<=10;>0;1;<=24;388.65;381.42;381.42;14/04/2014;9;773.75;BT;1/01/2013;0;CNE
C09991;01/04/2014;<=10;0;0;>48;734.94;0;0;3/04/2014;9;23028.1;BT;1/01/2013;1;COEF
C09992;01/04/2014;<=10;0;0;<=24;283.44;0;0;7/04/2014;20;4661.33;BT;1/01/2013;1;COEF
C09993;01/04/2014;<=10;>0;0;<=24;245.47;369.71;0;1/04/2014;15;2245.71;BT;1/01/2014;0;CNE
C09995;01/04/2014;<=10;>0;1;<24, 48;1084.07;1452;0;28/04/2014;16;6166.74;BT;1/01/2011;0;CNE
C09996;01/04/2014;<=10;0;0;<24, 48;183.08;175.48;184.63;10/04/2014;16;4987.77;BT;1/01/2013;1;COEF
C09997;01/04/2014;<=10;0;0;<=24;567.97;0;1869.41;16/04/2014;11;1714.39;BT;1/01/2013;1;CNE
C09999;01/04/2014;<=10;0;0;>48;42.25;0;0;8/04/2014;15;9989.71;BT;1/01/2012;1;COEF
C10000;01/04/2014;<=10;0;0;<24, 48;378.6;758.11;1139.28;24/04/2014;10;8530.38;BT;1/01/2013;1;CNE
C10001;01/04/2014;<=10;0;0;>48;749.98;0;2374.49;2/04/2014;11;15146.2;BT;1/01/2011;1;CNE
C10002;01/04/2014;<=10;>0;0;<24, 48;53.76;130.83;0;23/04/2014;13;2676.82;BT;1/01/2013;1;COEF
C10004;01/04/2014;<=10;0;0;<24, 48;239.03;0;0;15/04/2014;20;2752.1;BT;1/01/2012;1;CNE
C10005;01/04/2014;<=10;>0;0;<24, 48;106.48;287.2;0;29/04/2014;10;2957.77;BT;1/01/2012;0;CNE
C10006;01/04/2014;<=10;0;0;<24, 48;366.28;364.99;376.96;11/04/2014;19;8296.8;BT;1/01/2014;1;CNE
C10008;01/04/2014;>10;0;0;<24, 48;219.38;213.95;211.32;15/04/2014;8;2929.66;BT;1/01/2012;1;CNE
C10009;01/04/2014;>10;0;0;<24, 48;204.4;0;352.96;15/04/2014;11;5024.15;BT;1/01/2012;1;CNE
C10010;01/04/2014;<=10;0;0;<24, 48;583.47;0;1804.79;25/04/2014;10;17094.6;BT;1/01/2013;1;CNE
C10011;01/04/2014;<=10;0;0;<24, 48;222.36;231.05;221.15;10/04/2014;19;3902.11;BT;1/01/2013;1;CNE
C10012;01/04/2014;<=10;0;0;>48;670.54;1011.33;0;30/04/2014;17;7334.12;BT;1/01/2012;0;CNE
C10013;01/04/2014;<=10;>0;0;<=24;623.64;633.68;637.7;10/04/2014;16;614.27;BT;1/01/2014;1;CNE
C10014;01/04/2014;>10;>0;0;<24, 48;498.02;0;498.31;2/04/2014;13;8370.95;BT;1/01/2012;1;COEF
C10015;01/04/2014;>10;0;0;<24, 48;232.8;0;0;4/04/2014;10;2009.41;BT;1/01/2011;1;CNE
C10016;01/04/2014;<=10;0;0;<24, 48;774.74;0;0;3/04/2014;20;4182.17;BT;1/01/2012;0;CNE
C10017;01/04/2014;<=10;0;0;>48;405.84;0;1218.39;29/04/2014;16;11126.4;BT;1/01/2014;1;CNE
C10018;01/04/2014;<=10;0;0;>48;617.89;22.61;393.72;10/04/2014;7;13683.9;BT;1/01/2013;1;CNE
C10019;01/04/2014;<=10;>0;0;<24, 48;1062.16;1062.16;0;7/04/2014;16;7129.56;BT;1/01/2013;0;CNE
C10021;01/04/2014;>10;0;0;>48;258.32;258.01;0;4/04/2014;12;2795.71;BT;1/01/2012;1;COEF
C10022;01/04/2014;<=10;0;0;<24, 48;764.31;0;0;22/04/2014;11;5314.46;BT;1/01/2013;0;CNE
C10023;01/04/2014;<=10;0;0;<=24;731.48;1038.53;0;14/04/2014;19;3498.62;BT;1/01/2013;0;CNE
C10024;01/04/2014;<=10;0;0;<24, 48;520.17;298.13;113.33;1/04/2014;16;9330.56;BT;1/01/2013;1;CNE
C10025;01/04/2014;<=10;0;0;<=24;456;0;0;16/04/2014;15;1947.37;BT;1/01/2013;0;CNE
C10026;01/04/2014;>10;0;0;<24, 48;262.13;262.06;262.41;2/04/2014;11;4890.37;BT;1/01/2011;1;CNE
C10027;01/04/2014;<=10;0;0;<24, 48;571.11;797.06;0;29/04/2014;16;4775.59;BT;1/01/2013;0;CNE
C10028;01/04/2014;<=10;0;0;<=24;443.98;0;0;11/04/2014;13;1864.39;BT;1/01/2013;1;CNE
C10029;01/04/2014;<=10;0;0;<24, 48;976.03;0;0;10/04/2014;7;7997.56;BT;1/01/2012;0;CNE
C10031;01/04/2014;>10;>0;0;<=24;138.12;0;0;22/04/2014;8;972.2;BT;1/01/2012;1;CNE
C10033;01/04/2014;<=10;0;0;>48;339.47;339.47;683.23;15/04/2014;7;3445.74;BT;1/01/2013;1;CNE
C10035;01/04/2014;>10;0;0;<24, 48;260.42;255.75;258.04;14/04/2014;14;4622.32;BT;1/01/2013;1;CNE
C10037;01/04/2014;<=10;>0;1;<24, 48;298.74;0;0;23/04/2014;9;20325;BT;1/01/2013;1;CNE
C10038;01/04/2014;<=10;0;0;<=24;691.84;0;1389.89;4/04/2014;7;7317.11;BT;1/01/2013;1;CNE
C10039;01/04/2014;<=10;0;0;<24, 48;257.38;263.51;263.51;8/04/2014;7;5842.62;BT;1/01/2013;1;CNE
C10040;01/04/2014;<=10;0;0;<=24;980.37;1477.9;0;30/04/2014;8;6669.99;BT;1/01/2013;0;CNE
C10041;01/04/2014;<=10;0;0;>48;70.79;338.43;0;16/04/2014;13;8780.82;BT;1/01/2013;1;COEF
C10042;01/04/2014;<=10;0;0;<=24;508.49;746.31;0;11/04/2014;10;1161.44;BT;1/01/2013;0;CNE
C10043;01/04/2014;<=10;0;0;<24, 48;604.61;0;0;7/04/2014;8;12051.6;BT;1/01/2012;1;CNE
C10044;01/04/2014;<=10;0;0;<24, 48;256.08;0;0;22/04/2014;7;2380.34;BT;1/01/2012;1;COEF
C10045;01/04/2014;<=10;>0;0;<24, 48;612.69;0;0;3/04/2014;19;5339.26;BT;1/01/2013;0;CNE
C10046;01/04/2014;>10;0;0;<24, 48;1191.79;0;0;4/04/2014;12;1179.92;BT;1/01/2011;1;COEF
C10047;01/04/2014;<=10;0;0;<24, 48;533.52;802.23;244;25/04/2014;9;5008.38;BT;1/01/2013;0;CNE
C10050;01/04/2014;<=10;0;0;>48;88.99;89.29;89.33;25/04/2014;10;1872.76;BT;1/01/2014;1;CNE
C10051;01/04/2014;<=10;0;0;<24, 48;308.9;309.67;0;10/04/2014;11;4052.82;BT;1/01/2012;1;CNE
C10052;01/04/2014;<=10;0;0;<24, 48;356.56;358.15;132.85;8/04/2014;10;3750.32;BT;1/01/2012;1;CNE
C10053;01/04/2014;<=10;0;0;<24, 48;111.86;0;0;9/04/2014;15;11804.7;BT;1/01/2013;1;CNE
C10054;01/04/2014;<=10;0;0;<=24;38.74;0;12.44;4/04/2014;7;3423.37;BT;1/01/2013;1;CNE
C10055;01/04/2014;>10;0;0;<24, 48;214.72;0;0;3/04/2014;14;2136.51;BT;1/01/2012;1;COEF
C10056;01/04/2014;>10;0;0;>48;115.55;0;857.55;29/04/2014;14;3585.1;BT;1/01/2011;1;CNE
C10058;01/04/2014;<=10;>0;0;<24, 48;1311.65;0;0;2/04/2014;8;11378.8;BT;1/01/2012;0;CNE
C10059;01/04/2014;<=10;>0;0;>48;277.76;447.42;447.42;28/04/2014;13;1431.29;BT;1/01/2013;0;CNE
C10060;01/04/2014;<=10;0;0;>48;497.48;545.27;0;22/04/2014;15;1028.04;BT;1/01/2013;1;CNE
C10061;01/04/2014;<=10;0;0;<24, 48;590.62;0;0;15/04/2014;20;4405.65;BT;1/01/2012;0;CNE
C10062;01/04/2014;<=10;0;0;<=24;197.18;0;0;25/04/2014;13;774.28;BT;1/01/2013;1;CNE
C10063;01/04/2014;<=10;0;0;<24, 48;340.71;487.76;0;22/04/2014;10;2635.37;BT;1/01/2013;0;CNE
C10064;01/04/2014;<=10;0;0;<=24;614.29;617.3;630.69;23/04/2014;9;612.29;BT;1/01/2014;1;CNE
C10067;01/04/2014;<=10;>0;0;<24, 48;256.17;256.85;851.01;16/04/2014;7;5149.47;BT;1/01/2012;1;CNE
C10069;01/04/2014;<=10;0;0;<=24;869.16;0;0;15/04/2014;14;3010.25;BT;1/01/2013;0;CNE
C10071;01/04/2014;>10;0;0;>48;410.2;167.14;579.99;15/04/2014;20;3262.59;BT;1/01/2012;0;CNE
C10072;01/04/2014;<=10;0;0;<24, 48;320.42;0;0;8/04/2014;7;5622.01;BT;1/01/2013;1;CNE
C10073;01/04/2014;<=10;0;0;<24, 48;781.7;0;0;21/04/2014;9;16711.8;BT;1/01/2012;1;CNE
C10075;01/04/2014;<=10;0;0;<24, 48;34.38;0;0;11/04/2014;9;2058.74;BT;1/01/2013;1;COEF
C10077;01/04/2014;>10;0;0;>48;169.06;169.24;510;3/04/2014;16;1213.03;BT;1/01/2011;1;CNE
C10078;01/04/2014;<=10;0;0;>48;134.39;803.77;240.97;30/04/2014;10;23936.1;BT;1/01/2014;1;CNE
C10079;01/04/2014;<=10;0;0;<=24;376.82;0;0;15/04/2014;15;5284.43;BT;1/01/2014;1;CNE
C10080;01/04/2014;<=10;0;0;>48;612.77;620.63;445.2;22/04/2014;7;15343.3;BT;1/01/2013;1;CNE
C10082;01/04/2014;<=10;0;0;<24, 48;299.37;0;0;15/04/2014;14;5029.35;BT;1/01/2013;1;COEF
C10083;01/04/2014;<=10;0;0;<24, 48;95.49;0;95.49;14/04/2014;12;1979.08;BT;1/01/2014;1;CNE
C10084;01/04/2014;>10;0;0;<24, 48;159.69;159.34;159.53;2/04/2014;20;1983.83;BT;1/01/2012;0;CNE
C10086;01/04/2014;<=10;0;0;<24, 48;886.32;0;0;3/04/2014;20;19462.1;BT;1/01/2013;1;CNE
C10087;01/04/2014;<=10;0;0;<24, 48;470.55;0;0;9/04/2014;18;9191.06;BT;1/01/2013;1;COEF
C10090;01/04/2014;<=10;0;0;<24, 48;185.79;0;0;8/04/2014;13;4237.6;BT;1/01/2013;1;COEF
C10091;01/04/2014;>10;0;0;<24, 48;112.58;400.18;406.54;7/04/2014;16;7625.8;BT;1/01/2012;1;CNE
C10092;01/04/2014;>10;0;0;<24, 48;596.85;0;0;14/04/2014;10;10890.5;BT;1/01/2013;1;CNE
C10094;01/04/2014;>10;0;0;<24, 48;313.48;314.06;314.46;16/04/2014;10;3519.28;BT;1/01/2012;1;CNE
C10095;01/04/2014;<=10;>0;0;<=24;162.84;169.81;0;29/04/2014;14;1498.14;BT;1/01/2014;0;CNE
C10096;01/04/2014;<=10;0;0;<24, 48;241.49;221.2;226.51;16/04/2014;9;5666.78;BT;1/01/2013;1;CNE
C10097;01/04/2014;<=10;>0;0;<24, 48;396.59;647.06;647.06;2/04/2014;20;5234.3;BT;1/01/2013;0;COEF
C10098;01/04/2014;<=10;>0;1;<24, 48;702.1;0;0;2/04/2014;18;3997.01;BT;1/01/2012;0;COEF
C10099;01/04/2014;<=10;>0;1;<=24;2085.56;0;0;15/04/2014;12;13656.3;BT;1/01/2013;0;COEF
C10100;01/04/2014;<=10;0;0;<24, 48;155.62;103.83;151.14;3/04/2014;13;2620.48;BT;1/01/2013;1;CNE
C10102;01/04/2014;<=10;0;0;<=24;269.63;0;0;7/04/2014;7;7353.54;BT;1/01/2013;1;CNE
C10104;01/04/2014;<=10;0;0;<24, 48;626.32;554.48;547.37;16/04/2014;11;5114.1;BT;1/01/2013;0;CNE
C10105;01/04/2014;<=10;>0;0;<=24;384.69;563.16;0;25/04/2014;7;547.5;BT;1/01/2013;0;CNE
C10106;01/04/2014;<=10;0;0;<=24;617.37;0;637.45;30/04/2014;14;610.01;BT;1/01/2014;1;CNE
C10107;01/04/2014;<=10;>0;1;<=24;204.34;433.33;664.38;16/04/2014;7;2976.97;BT;1/01/2013;1;CNE
C10109;01/04/2014;<=10;>0;0;<24, 48;253.54;0;0;29/04/2014;11;4122.85;BT;1/01/2013;1;CNE
C10110;01/04/2014;<=10;0;0;<24, 48;304.5;0;0;7/04/2014;8;6060.27;BT;1/01/2013;1;CNE
C10111;01/04/2014;<=10;0;0;>48;211.07;210.5;210.68;16/04/2014;10;2257.67;BT;1/01/2012;1;CNE
C10114;01/04/2014;<=10;0;0;>48;641.75;618.17;618.17;24/04/2014;12;20975.1;BT;1/01/2013;1;CNE
C10115;01/04/2014;>10;0;0;<24, 48;218.27;0;0;8/04/2014;11;3048.37;BT;1/01/2012;1;CNE
C10116;01/04/2014;<=10;0;0;<24, 48;361.25;629.21;0;1/04/2014;15;4777.87;BT;1/01/2013;0;CNE
C10117;01/04/2014;<=10;0;0;<24, 48;1658.22;2223.9;0;8/04/2014;7;5673.81;BT;1/01/2013;0;CNE
C10118;01/04/2014;<=10;0;0;>48;581.79;583.11;0;11/04/2014;12;15257.1;BT;1/01/2013;1;COEF
C10120;01/04/2014;<=10;0;0;<=24;236.12;0;236.16;2/04/2014;11;3474.6;BT;1/01/2013;1;COEF
C10121;01/04/2014;<=10;0;0;>48;600.61;564.61;585;28/04/2014;7;18523.3;BT;1/01/2013;1;CNE
C10122;01/04/2014;<=10;0;0;<24, 48;234.14;0;0;10/04/2014;15;4374.48;BT;1/01/2013;1;CNE
C10123;01/04/2014;<=10;0;0;>48;169.94;0;0;2/04/2014;8;2712.58;BT;1/01/2012;1;CNE
C10127;01/04/2014;<=10;0;0;<24, 48;168.11;0;884.8;22/04/2014;11;9794.99;BT;1/01/2013;1;CNE
C10128;01/04/2014;<=10;>0;0;<=24;474.75;0;0;23/04/2014;11;2328.19;BT;1/01/2013;1;CNE
C10130;01/04/2014;<=10;0;0;<24, 48;108.43;0;41.41;16/04/2014;17;9698.33;BT;1/01/2013;1;COEF
C10131;01/04/2014;<=10;0;0;<24, 48;125.11;125.11;0;3/04/2014;14;3409.26;BT;1/01/2013;1;CNE
C10133;01/04/2014;<=10;0;0;>48;510.38;510.37;1544.16;30/04/2014;13;14377.3;BT;1/01/2013;1;CNE
C10136;01/04/2014;<=10;>0;1;<24, 48;780.02;780.02;2360.49;24/04/2014;15;18252.1;BT;1/01/2013;1;COEF
C10137;01/04/2014;<=10;0;0;>48;24.89;0;0;3/04/2014;19;7536.79;BT;1/01/2011;1;COEF
C10138;01/04/2014;<=10;0;0;>48;1145.68;169.4;169.4;14/04/2014;10;17329.3;BT;1/01/2013;0;CNE
C10139;01/04/2014;<=10;0;0;<24, 48;73.5;75.62;124.59;25/04/2014;10;2386.79;BT;1/01/2012;1;CNE
C10140;01/04/2014;<=10;0;0;<=24;234.17;234.37;235.13;7/04/2014;7;2123.51;BT;1/01/2013;1;CNE
C10141;01/04/2014;<=10;0;0;<24, 48;287.1;0;0;10/04/2014;16;2631.3;BT;1/01/2013;1;COEF
C10143;01/04/2014;<=10;0;0;<=24;1487.65;0;0;3/04/2014;11;7378.72;BT;1/01/2013;0;COEF
C10144;01/04/2014;<=10;>0;0;>48;1443.28;0;0;7/04/2014;8;1615.2;BT;1/01/2013;0;CNE
C10145;01/04/2014;<=10;0;0;<=24;238.47;0;726.9;8/04/2014;15;1659.85;BT;1/01/2013;1;CNE
C10146;01/04/2014;>10;0;0;<=24;255.38;0;859.37;30/04/2014;19;752.34;BT;1/01/2012;1;CNE
C10147;01/04/2014;<=10;0;0;<=24;633.43;637.79;0;22/04/2014;11;628.75;BT;1/01/2014;0;CNE
C10148;01/04/2014;<=10;0;0;<24, 48;87.45;414.38;0;30/04/2014;8;10095.8;BT;1/01/2013;1;COEF
C10149;01/04/2014;<=10;0;0;<=24;214.4;0;0;29/04/2014;10;665.03;BT;1/01/2013;1;COEF
C10150;01/04/2014;>10;0;0;>48;283.33;0;285.95;7/04/2014;17;4549.82;BT;1/01/2013;1;CNE
C10151;01/04/2014;<=10;0;0;<24, 48;406.93;0;406.97;15/04/2014;10;8423.73;BT;1/01/2013;1;CNE
C10154;01/04/2014;<=10;>0;0;>48;1338.84;0;0;2/04/2014;19;11415.6;BT;1/01/2013;0;CNE
C10156;01/04/2014;<=10;0;0;<24, 48;217.26;172.63;0;30/04/2014;9;5913.63;BT;1/01/2013;1;CNE
C10157;01/04/2014;>10;0;0;<24, 48;264.27;0;0;4/04/2014;7;3800.43;BT;1/01/2012;1;CNE
C10158;01/04/2014;<=10;>0;0;<=24;427.19;184.97;238.49;16/04/2014;20;2824.18;BT;1/01/2013;0;CNE
C10159;01/04/2014;<=10;0;0;>48;416.8;416.77;0;14/04/2014;9;9343.61;BT;1/01/2013;1;CNE
C10160;01/04/2014;<=10;0;0;<24, 48;220.91;0;0;25/04/2014;18;1637.19;BT;1/01/2011;1;CNE
C10161;01/04/2014;<=10;>0;0;<24, 48;113.73;114.1;0;16/04/2014;9;1760.84;BT;1/01/2013;1;COEF
C10162;01/04/2014;<=10;>0;0;<24, 48;322.41;321.37;0;28/04/2014;15;6702.06;BT;1/01/2013;1;CNE
C10163;01/04/2014;<=10;0;0;>48;574.51;0;0;30/04/2014;11;16659.4;BT;1/01/2013;1;CNE
C10164;01/04/2014;<=10;0;0;<=24;415.34;0;0;15/04/2014;18;2932.67;BT;1/01/2013;0;CNE
C10166;01/04/2014;<=10;0;0;<24, 48;563.84;852.43;0;23/04/2014;14;6306.08;BT;1/01/2013;0;CNE
C10167;01/04/2014;>10;0;0;<24, 48;136.35;136.57;92.86;8/04/2014;15;4241.37;BT;1/01/2012;1;CNE
C10168;01/04/2014;<=10;0;0;<24, 48;204.23;618.59;618.59;1/04/2014;11;4917.21;BT;1/01/2013;1;CNE
C10169;01/04/2014;<=10;0;0;<24, 48;528.23;776.48;0;22/04/2014;7;16410.4;BT;1/01/2013;1;CNE
C10170;01/04/2014;<=10;0;0;<24, 48;259.43;0;0;1/04/2014;13;4382.66;BT;1/01/2013;1;CNE
C10171;01/04/2014;<=10;>0;0;<24, 48;280.39;21.73;0;15/04/2014;11;4921.51;BT;1/01/2013;1;COEF
C10172;01/04/2014;<=10;>0;0;<=24;621.73;630.72;0;29/04/2014;19;621.73;BT;1/01/2014;0;CNE
C10173;01/04/2014;<=10;>0;0;<24, 48;752.92;0;0;14/04/2014;9;5630.59;BT;1/01/2013;0;COEF
C10175;01/04/2014;<=10;>0;0;<24, 48;40.32;0;0;10/04/2014;10;2126.46;BT;1/01/2012;1;COEF
C10176;01/04/2014;<=10;0;0;<=24;255.06;0;111.08;9/04/2014;13;1844.38;BT;1/01/2013;1;CNE
C10177;01/04/2014;>10;0;0;<24, 48;280.44;39.38;151.98;14/04/2014;12;6114.05;BT;1/01/2012;1;CNE
C10180;01/04/2014;<=10;0;0;<24, 48;243.11;254.3;254.33;8/04/2014;13;4916.26;BT;1/01/2013;1;CNE
C10181;01/04/2014;<=10;0;0;<=24;395.62;395.62;1263.35;22/04/2014;7;5477.64;BT;1/01/2013;1;CNE
C10182;01/04/2014;<=10;0;0;<24, 48;632.69;904.25;0;9/04/2014;12;6658.16;BT;1/01/2013;0;CNE
C10187;01/04/2014;<=10;0;0;<24, 48;489.39;0.01;489.79;22/04/2014;10;14791.2;BT;1/01/2014;1;COEF
C10188;01/04/2014;>10;>0;0;<24, 48;370.41;368.97;298.64;29/04/2014;14;7011.01;BT;1/01/2012;1;CNE
C10190;01/04/2014;<=10;0;0;<=24;263.97;263.78;267.48;15/04/2014;11;1270.37;BT;1/01/2013;1;CNE
C10191;01/04/2014;<=10;>0;0;<24, 48;522.11;785.54;0;30/04/2014;18;5659.45;BT;1/01/2014;0;CNE
C10194;01/04/2014;<=10;0;0;<24, 48;123.05;123.33;123.3;8/04/2014;20;844.71;BT;1/01/2011;1;CNE
C10196;01/04/2014;<=10;0;0;<=24;253.12;0;0;10/04/2014;13;2597.11;BT;1/01/2014;1;COEF
C10197;01/04/2014;<=10;0;0;<=24;160.22;159.89;0.23;4/04/2014;8;1266.25;BT;1/01/2013;1;COEF
C10199;01/04/2014;<=10;>0;1;<24, 48;478.02;718.8;718.8;4/04/2014;10;4813.6;BT;1/01/2013;1;CNE
C10200;01/04/2014;<=10;0;0;<=24;289;0;318.92;9/04/2014;8;2804.17;BT;1/01/2013;1;CNE
C10201;01/04/2014;<=10;0;0;<24, 48;139.68;0;0;30/04/2014;16;4020.73;BT;1/01/2013;1;CNE
C10202;01/04/2014;<=10;0;0;<24, 48;426.16;696.45;788.37;24/04/2014;9;4926.72;BT;1/01/2013;1;CNE
C10206;01/04/2014;<=10;>0;1;>48;50;0;0;16/04/2014;14;25655.3;BT;1/01/2013;1;COEF
C10207;01/04/2014;<=10;0;0;<24, 48;607.99;863.78;0;7/04/2014;14;5282.14;BT;1/01/2013;0;CNE
C10209;01/04/2014;>10;>0;0;<24, 48;140.29;296.47;0;25/04/2014;19;2645.01;BT;1/01/2013;1;CNE
C10210;01/04/2014;<=10;0;0;<24, 48;146.06;0;0;15/04/2014;15;6558.88;BT;1/01/2013;1;COEF
C10211;01/04/2014;<=10;0;0;>48;1054.03;0;0;2/04/2014;20;14805;BT;1/01/2013;0;CNE
C10213;01/04/2014;<=10;>0;0;>48;1317.62;0;0;28/04/2014;7;19894.9;BT;1/01/2013;0;CNE
C10216;01/04/2014;<=10;0;0;<=24;264.44;0;0;10/04/2014;11;4871.2;BT;1/01/2013;1;CNE
C10217;01/04/2014;<=10;0;0;<24, 48;87.73;0;0;4/04/2014;10;1576.22;BT;1/01/2013;1;CNE
C10218;01/04/2014;<=10;0;0;<24, 48;158.4;158.93;159.27;23/04/2014;13;2677.42;BT;1/01/2013;1;CNE
C10219;01/04/2014;<=10;0;0;<24, 48;444.73;444.73;0;25/04/2014;15;3718.36;BT;1/01/2013;0;CNE
C10223;01/04/2014;<=10;>0;0;<24, 48;552.47;0;0;11/04/2014;10;3510.02;BT;1/01/2013;0;CNE
C10224;01/04/2014;<=10;0;0;<24, 48;90.34;0;0;3/04/2014;16;10743.6;BT;1/01/2013;1;COEF
C10225;01/04/2014;<=10;0;0;<24, 48;213.88;0;0;3/04/2014;11;11614.4;BT;1/01/2013;1;COEF
C10228;01/04/2014;<=10;0;0;<24, 48;315.7;0;987.96;29/04/2014;9;4780.43;BT;1/01/2012;1;CNE
C10231;01/04/2014;<=10;0;0;>48;1196.64;1196.64;3728.17;14/04/2014;13;52595.3;BT;1/01/2013;1;CNE
C10234;01/04/2014;<=10;0;0;>48;26.75;570.85;570.85;30/04/2014;7;14806.2;BT;1/01/2013;1;CNE
C10236;01/04/2014;<=10;0;0;>48;36.99;0;0;4/04/2014;10;31651.8;BT;1/01/2014;1;CNE
C10239;01/04/2014;<=10;0;0;<=24;909.12;1245.48;0;14/04/2014;16;5968.58;BT;1/01/2013;0;COEF
C10240;01/04/2014;<=10;>0;1;<24, 48;421.55;708.51;0;30/04/2014;19;5862.88;BT;1/01/2014;0;CNE
C10243;01/04/2014;<=10;0;0;<24, 48;189.6;301.57;0;23/04/2014;14;6131.71;BT;1/01/2013;1;CNE
C10247;01/04/2014;<=10;0;0;<24, 48;511.21;684.69;0;4/04/2014;8;3026.97;BT;1/01/2013;0;CNE
C10248;01/04/2014;<=10;0;0;<24, 48;360.06;0;1084.64;10/04/2014;10;10237.9;BT;1/01/2014;1;CNE
C10249;01/04/2014;<=10;0;0;>48;106.65;509.63;0;7/04/2014;19;14631.4;BT;1/01/2014;1;COEF
C10258;01/04/2014;<=10;0;0;<24, 48;102.5;0;0;4/04/2014;15;4643.9;BT;1/01/2013;1;CNE
C10259;01/04/2014;<=10;0;0;>48;328.32;0;0;8/04/2014;8;8864.45;BT;1/01/2014;1;COEF
C10263;01/04/2014;<=10;>0;0;>48;779.53;1042.39;0;25/04/2014;12;5383.53;BT;1/01/2011;0;COEF
C10264;01/04/2014;<=10;0;0;>48;776.77;0;0;8/04/2014;8;23606.7;BT;1/01/2013;1;CNE
C10265;01/04/2014;<=10;0;0;<=24;606.79;0;0;9/04/2014;15;3955.06;BT;1/01/2013;1;CNE
C10266;01/04/2014;<=10;0;0;<24, 48;336.78;336.3;1011.57;14/04/2014;9;7236.69;BT;1/01/2013;1;CNE
C10268;01/04/2014;<=10;0;0;>48;501.5;1007.86;1519.05;9/04/2014;7;9829.57;BT;1/01/2013;1;CNE
C10270;01/04/2014;<=10;0;0;<24, 48;314.76;78.3;317.82;10/04/2014;11;5185.64;BT;1/01/2013;1;CNE
C10271;01/04/2014;<=10;0;0;<24, 48;606.92;0;0;9/04/2014;11;11199;BT;1/01/2013;1;CNE
C10274;01/04/2014;>10;0;0;<24, 48;190.73;0;0;15/04/2014;16;3140.82;BT;1/01/2013;1;CNE
C10275;01/04/2014;<=10;0;0;>48;767.29;800.97;551.05;16/04/2014;12;18806.4;BT;1/01/2013;1;CNE
C10277;01/04/2014;>10;0;0;<24, 48;359.15;744.83;744.83;14/04/2014;10;17732.7;BT;1/01/2012;1;CNE
C10279;01/04/2014;<=10;0;0;<24, 48;247.11;247.11;0;29/04/2014;15;1402.75;BT;1/01/2013;1;COEF
C10280;01/04/2014;<=10;0;0;<24, 48;198.4;0;0;3/04/2014;12;6287.67;BT;1/01/2013;1;CNE
C10281;01/04/2014;<=10;>0;0;<24, 48;587;803.55;0;4/04/2014;15;3775.76;BT;1/01/2012;0;CNE
C10283;01/04/2014;<=10;0;0;<24, 48;233.61;0;0;7/04/2014;17;3709.74;BT;1/01/2012;1;CNE
C10288;01/04/2014;<=10;0;0;<=24;738.57;0;0;9/04/2014;15;730.49;BT;1/01/2014;1;CNE
C10289;01/04/2014;<=10;0;0;<24, 48;226.71;0;233.79;2/04/2014;11;4458.66;BT;1/01/2012;1;CNE
C10291;01/04/2014;<=10;>0;1;<=24;367.08;0;0;29/04/2014;8;4112.35;BT;1/01/2013;1;COEF
C10292;01/04/2014;<=10;0;0;>48;1459.07;1437.32;0;3/04/2014;7;46370.7;BT;1/01/2013;1;COEF
C10293;01/04/2014;<=10;0;0;<24, 48;403.26;0;1213.79;30/04/2014;11;4435.18;BT;1/01/2012;1;CNE
C10294;01/04/2014;<=10;0;0;<24, 48;144.24;0;0;21/04/2014;9;6422.04;BT;1/01/2013;1;COEF
C10296;01/04/2014;>10;0;0;<=24;206.29;0;0;25/04/2014;11;844.27;BT;1/01/2012;1;CNE
C10298;01/04/2014;<=10;0;0;>48;512.1;0;0;30/04/2014;18;12794.1;BT;1/01/2013;1;CNE
C10299;01/04/2014;>10;0;0;<24, 48;248.68;248.68;767.04;25/04/2014;15;3179.87;BT;1/01/2012;1;CNE
C10300;01/04/2014;<=10;>0;0;<24, 48;213.12;0;213.3;30/04/2014;15;4282.9;BT;1/01/2013;1;CNE
C10303;01/04/2014;<=10;0;0;<24, 48;234.99;838.61;838.61;23/04/2014;17;6530.26;BT;1/01/2013;1;CNE
C10305;01/04/2014;<=10;0;0;<24, 48;240.31;149.53;271.33;11/04/2014;15;4889.54;BT;1/01/2013;1;CNE
C10307;01/04/2014;<=10;0;0;>48;419.08;388.07;0;2/04/2014;8;3715.1;BT;1/01/2012;1;CNE
C10308;01/04/2014;<=10;0;0;<24, 48;287.19;0;863.76;30/04/2014;9;5664.24;BT;1/01/2013;1;CNE
C10309;01/04/2014;<=10;>0;0;>48;904.29;1477.65;0;23/04/2014;19;9758.23;BT;1/01/2013;0;CNE
C10310;01/04/2014;<=10;0;0;<24, 48;23;0;0;8/04/2014;14;5400.39;BT;1/01/2013;1;COEF
C10311;01/04/2014;<=10;0;0;<=24;271.97;0;0;2/04/2014;11;1440.41;BT;1/01/2013;1;CNE
C10312;01/04/2014;<=10;0;0;<24, 48;75.83;0;0;15/04/2014;16;6908.29;BT;1/01/2014;1;CNE
C10313;01/04/2014;<=10;0;0;<24, 48;288.29;298.08;291.28;9/04/2014;7;5540.31;BT;1/01/2013;1;CNE
C10314;01/04/2014;<=10;0;0;<24, 48;166.36;167.67;0;29/04/2014;11;9463.75;BT;1/01/2013;1;CNE
C10315;01/04/2014;<=10;0;0;<=24;333.69;0;0;23/04/2014;13;1149.89;BT;1/01/2013;0;CNE
C10317;01/04/2014;<=10;0;0;<24, 48;268.71;0;0;3/04/2014;15;5228.94;BT;1/01/2013;1;COEF
C10318;01/04/2014;<=10;>0;1;<24, 48;405.34;541.79;0;23/04/2014;13;2774.43;BT;1/01/2013;0;COEF
C10323;01/04/2014;<=10;0;0;<=24;97.02;0;0;15/04/2014;16;1620.76;BT;1/01/2014;1;CNE
C10324;01/04/2014;<=10;0;0;<24, 48;293.57;0;0;10/04/2014;13;8454.3;BT;1/01/2013;1;CNE
C10325;01/04/2014;<=10;0;0;<24, 48;1442.44;0;0;15/04/2014;10;22253.3;BT;1/01/2013;0;CNE
C10334;01/04/2014;<=10;0;0;<=24;205.51;102.01;0;3/04/2014;13;2873.69;BT;1/01/2013;1;CNE
C10335;01/04/2014;<=10;0;0;<24, 48;780.7;0;0;14/04/2014;10;21252.8;BT;1/01/2013;1;CNE
C10336;01/04/2014;<=10;0;0;<24, 48;458.96;415.94;415.94;11/04/2014;11;9894.41;BT;1/01/2012;1;CNE
C10337;01/04/2014;>10;0;0;>48;477.23;0;0;4/04/2014;12;9025.37;BT;1/01/2012;1;COEF
C10339;01/04/2014;<=10;0;0;>48;869.23;0;0;11/04/2014;12;22078.8;BT;1/01/2012;1;CNE
C10340;01/04/2014;>10;>0;1;>48;289.37;0;0;10/04/2014;15;5795.96;BT;1/01/2012;1;CNE
C10341;01/04/2014;<=10;0;0;<24, 48;284.44;0;857.74;29/04/2014;10;4383.85;BT;1/01/2012;0;CNE
C10344;01/04/2014;<=10;0;0;>48;490.88;0;0;21/04/2014;12;8265.06;BT;1/01/2011;1;CNE
C10345;01/04/2014;<=10;0;0;<=24;124.84;120.68;128.55;10/04/2014;14;1347.05;BT;1/01/2013;1;CNE
C10346;01/04/2014;<=10;0;0;<24, 48;595.62;612.45;1878.43;16/04/2014;11;16835.7;BT;1/01/2013;1;CNE
C10347;01/04/2014;<=10;0;0;<24, 48;76.4;0;0;1/04/2014;8;6997.82;BT;1/01/2013;1;CNE
C10348;01/04/2014;<=10;>0;0;>48;3945.83;1967.47;1970.59;11/04/2014;8;60739.5;BT;1/01/2012;0;COEF
C10349;01/04/2014;<=10;0;0;<=24;187.86;0;0;14/04/2014;20;992.45;BT;1/01/2014;0;CNE
C10350;01/04/2014;>10;0;0;>48;813.06;1087.02;0;16/04/2014;7;3691.49;BT;1/01/2011;0;CNE
C10351;01/04/2014;<=10;0;0;<24, 48;311.46;0;0;10/04/2014;14;6710.82;BT;1/01/2012;1;COEF
C10353;01/04/2014;<=10;0;0;<24, 48;1188.78;0;1789.01;22/04/2014;18;11840.8;BT;1/01/2013;1;CNE
C10355;01/04/2014;<=10;>0;1;<24, 48;270.97;0;0;21/04/2014;10;8794.6;BT;1/01/2011;1;CNE
C10356;01/04/2014;>10;0;0;>48;1159.53;1160.24;1152.87;7/04/2014;11;19586.5;BT;1/01/2011;1;CNE
C10357;01/04/2014;<=10;0;0;>48;566.36;0;0;3/04/2014;17;12357.8;BT;1/01/2012;1;CNE
C10359;01/04/2014;<=10;>0;1;<24, 48;25.47;0;0;15/04/2014;17;12152.7;BT;1/01/2012;1;COEF
C10360;01/04/2014;>10;0;0;<24, 48;447.73;0;0;28/04/2014;8;7050.13;BT;1/01/2013;1;COEF
C10361;01/04/2014;>10;0;0;<24, 48;62.51;0;0;9/04/2014;9;2662.36;BT;1/01/2013;1;COEF
C10362;01/04/2014;<=10;0;0;>48;166.66;0;0;21/04/2014;11;1022.21;BT;1/01/2010;1;COEF
C10363;01/04/2014;>10;0;0;<24, 48;209.85;420.4;632.82;8/04/2014;10;2672.61;BT;1/01/2012;1;CNE
C10364;01/04/2014;<=10;0;0;<24, 48;434.7;0;0;11/04/2014;13;9808.12;BT;1/01/2013;1;COEF
C10365;01/04/2014;<=10;0;0;<24, 48;75.45;17.9;17.31;30/04/2014;8;2056.17;BT;1/01/2013;1;CNE
C10367;01/04/2014;<=10;0;0;<24, 48;685.95;595.66;0;2/04/2014;11;2846.92;BT;1/01/2012;0;CNE
C10368;01/04/2014;<=10;0;0;<24, 48;586.25;0;0;3/04/2014;8;6927.02;BT;1/01/2011;1;CNE
C10369;01/04/2014;<=10;0;0;>48;858.4;859.1;853.02;15/04/2014;9;19959.8;BT;1/01/2013;1;CNE
C10370;01/04/2014;<=10;0;0;<24, 48;811.18;0;2453.13;25/04/2014;12;13977;BT;1/01/2013;1;CNE
C10371;01/04/2014;<=10;>0;0;<24, 48;2169.68;2898.71;0;23/04/2014;17;16017.8;BT;1/01/2012;0;CNE
C10372;01/04/2014;<=10;0;0;>48;297.72;0;0;14/04/2014;13;10384.7;BT;1/01/2014;1;CNE
C10373;01/04/2014;<=10;0;0;>48;240.04;0;0;9/04/2014;9;9641.71;BT;1/01/2013;1;CNE
C10374;01/04/2014;<=10;0;0;>48;388.64;0;0;15/04/2014;10;2308.89;BT;1/01/2010;1;CNE
C10375;01/04/2014;<=10;0;0;>48;220.32;328.13;0;1/04/2014;16;2444.88;BT;1/01/2012;0;CNE
C10376;01/04/2014;<=10;0;0;>48;581.16;0;1748.82;25/04/2014;10;14407.2;BT;1/01/2013;1;CNE
C10377;01/04/2014;<=10;0;0;<24, 48;148.08;0;0;23/04/2014;15;2585.72;BT;1/01/2013;1;CNE
C10378;01/04/2014;>10;0;0;>48;245.44;0;0;23/04/2014;12;4054.53;BT;1/01/2011;1;CNE
C10379;01/04/2014;<=10;0;0;<24, 48;315.11;474.33;474.33;21/04/2014;13;3659.82;BT;1/01/2012;1;CNE
C10380;01/04/2014;<=10;0;0;<24, 48;803.21;0;1944.62;10/04/2014;11;22628;BT;1/01/2014;1;COEF
C10381;01/04/2014;<=10;>0;0;<24, 48;855.04;0;2596.63;11/04/2014;11;26761.7;BT;1/01/2013;1;CNE
C10382;01/04/2014;>10;0;0;<24, 48;271.77;0;817.79;11/04/2014;9;3756.48;BT;1/01/2011;1;COEF
C10383;01/04/2014;<=10;0;0;<24, 48;196.96;0;0;3/04/2014;12;3818.07;BT;1/01/2013;1;CNE
C10384;01/04/2014;<=10;0;0;>48;1218.91;1634.89;1681.7;2/04/2014;7;4909.01;BT;1/01/2013;0;CNE
C10385;01/04/2014;<=10;0;0;<24, 48;453.47;0;0;16/04/2014;11;11439.2;BT;1/01/2011;1;COEF
C10386;01/04/2014;<=10;0;0;<=24;517.93;422.07;0;15/04/2014;9;3822.34;BT;1/01/2013;1;COEF
C10387;01/04/2014;<=10;0;0;<24, 48;190.99;0;0;1/04/2014;13;2677.54;BT;1/01/2012;1;CNE
C10388;01/04/2014;<=10;>0;0;<24, 48;235.35;519.38;804.74;25/04/2014;13;5154.14;BT;1/01/2013;1;COEF
C10390;01/04/2014;<=10;0;0;<24, 48;382.88;382.88;0;30/04/2014;12;11443.4;BT;1/01/2013;1;COEF
C10391;01/04/2014;>10;0;0;>48;372.48;621.4;0;3/04/2014;19;5092.74;BT;1/01/2012;0;CNE
C10393;01/04/2014;<=10;0;0;>48;288.68;149.04;0;11/04/2014;9;2061.31;BT;1/01/2013;1;CNE
C10394;01/04/2014;<=10;0;0;<24, 48;171.28;0;550.77;14/04/2014;8;1126.41;BT;1/01/2011;1;COEF
C10395;01/04/2014;<=10;0;0;<24, 48;424.89;0;0;3/04/2014;11;13656.4;BT;1/01/2012;1;CNE
C10396;01/04/2014;<=10;>0;0;<24, 48;309.84;620.38;932.24;1/04/2014;16;6709.1;BT;1/01/2014;1;COEF
C10397;01/04/2014;<=10;0;0;<24, 48;221.76;0;0;24/04/2014;11;3984.46;BT;1/01/2013;1;CNE
C10399;01/04/2014;<=10;0;0;<=24;260.81;261.16;262.24;14/04/2014;13;2330.88;BT;1/01/2013;1;CNE
C10400;01/04/2014;<=10;0;0;<24, 48;369.22;0;1110.02;16/04/2014;9;5216.39;BT;1/01/2012;1;CNE
C10401;01/04/2014;<=10;0;0;<=24;176.84;0;0;30/04/2014;7;2163.11;BT;1/01/2013;1;COEF
C10403;01/04/2014;>10;>0;0;<24, 48;1671.82;0;0;24/04/2014;11;16770.2;BT;1/01/2013;0;CNE
C10404;01/04/2014;>10;0;0;<24, 48;616.16;0;0;4/04/2014;12;13055.2;BT;1/01/2012;1;CNE
C10405;01/04/2014;<=10;0;0;<24, 48;294.24;294.24;1499.49;9/04/2014;12;16182.5;BT;1/01/2013;1;COEF
C10407;01/04/2014;<=10;0;0;<24, 48;465.5;0;0;3/04/2014;11;7301.82;BT;1/01/2012;1;COEF
C10410;01/04/2014;<=10;>0;0;<24, 48;660.99;652.6;657.05;10/04/2014;9;14315.9;BT;1/01/2011;1;CNE
C10411;01/04/2014;<=10;0;0;>48;320.89;626.78;433.11;8/04/2014;8;51242.9;BT;1/01/2013;1;COEF
C10412;01/04/2014;<=10;0;0;>48;164.13;0;0;3/04/2014;12;5504.47;BT;1/01/2013;1;COEF
C10413;01/04/2014;<=10;0;0;<24, 48;291.42;0;0;4/04/2014;18;18348.3;BT;1/01/2013;1;COEF
C10414;01/04/2014;>10;0;0;<24, 48;518.24;0;0;9/04/2014;8;9488.8;BT;1/01/2013;1;CNE
C10415;01/04/2014;<=10;0;0;>48;379.15;336.67;336.67;10/04/2014;10;8011.62;BT;1/01/2012;1;COEF
C10416;01/04/2014;<=10;0;0;>48;422.27;426.56;0;8/04/2014;10;9239.02;BT;1/01/2013;1;CNE
C10417;01/04/2014;<=10;0;0;>48;623.27;0;0;4/04/2014;7;16750.3;BT;1/01/2013;1;COEF
C10418;01/04/2014;<=10;0;0;<24, 48;411.58;0;0;23/04/2014;10;11090.6;BT;1/01/2013;1;CNE
C10419;01/04/2014;>10;0;0;>48;1466.26;8.46;0;8/04/2014;9;41932.1;BT;1/01/2012;1;CNE
C10420;01/04/2014;<=10;0;0;>48;1466.26;8.46;0;8/04/2014;10;41932.1;BT;1/01/2012;1;CNE
C10421;01/04/2014;<=10;0;0;<24, 48;261.5;261.66;0;7/04/2014;19;4907.07;BT;1/01/2013;1;CNE
C10422;01/04/2014;<=10;0;0;<24, 48;261.5;261.66;261.9;10/04/2014;15;4907.07;BT;1/01/2013;1;CNE
C10423;01/04/2014;<=10;0;0;>48;223.94;223.72;223.97;14/04/2014;13;4666;BT;1/01/2013;1;CNE
C10424;01/04/2014;<=10;0;0;>48;65.84;0;0;3/04/2014;13;3716.36;BT;1/01/2012;1;CNE
C10425;01/04/2014;<=10;>0;0;>48;668.27;0;2010.67;25/04/2014;10;24921.4;BT;1/01/2013;1;CNE
C10426;01/04/2014;<=10;0;0;<24, 48;285.29;333.11;363.56;22/04/2014;12;22123.5;BT;1/01/2012;1;CNE
C10427;01/04/2014;<=10;0;0;<24, 48;251.67;0;759.96;7/04/2014;20;2870.34;BT;1/01/2011;1;CNE
C10428;01/04/2014;>10;0;0;>48;38.21;0;0;8/04/2014;8;2706.24;BT;1/01/2011;1;COEF
C10429;01/04/2014;>10;0;0;>48;2120.7;0;0;3/04/2014;7;64362.8;BT;1/01/2012;1;CNE
C10430;01/04/2014;>10;0;0;>48;2120.7;0;0;10/04/2014;8;64362.8;BT;1/01/2012;1;CNE
C10432;01/04/2014;>10;>0;0;>48;262.32;0;263.9;1/04/2014;15;2517.78;BT;1/01/2011;0;CNE
C10433;01/04/2014;<=10;0;0;<=24;45.37;45.52;45.32;23/04/2014;13;2748.67;BT;1/01/2012;1;CNE
C10434;01/04/2014;<=10;0;0;<24, 48;314.69;34.83;34.83;24/04/2014;9;5116.09;BT;1/01/2013;1;CNE
C10435;01/04/2014;<=10;0;0;<24, 48;373.3;0;0;1/04/2014;13;2759.04;BT;1/01/2013;1;CNE
C10436;01/04/2014;<=10;0;0;<24, 48;373.3;0;0;1/04/2014;15;2759.04;BT;1/01/2013;1;CNE
C10438;01/04/2014;>10;0;0;<24, 48;1346.92;0;0;11/04/2014;19;9402.72;BT;1/01/2012;0;CNE
C10440;01/04/2014;<=10;0;0;<=24;347.34;0;0;10/04/2014;11;4771.21;BT;1/01/2013;1;CNE
C10441;01/04/2014;<=10;>0;0;<=24;377.94;568.22;0;22/04/2014;16;2724.37;BT;1/01/2013;0;CNE
C10442;01/04/2014;<=10;>0;0;<=24;377.94;568.22;0;28/04/2014;9;2724.37;BT;1/01/2013;0;COEF
C10443;01/04/2014;>10;0;0;<24, 48;186.62;0;0;16/04/2014;8;4207.54;BT;1/01/2012;1;CNE
C10444;01/04/2014;<=10;0;0;>48;309.88;620.32;932.43;11/04/2014;14;5846.07;BT;1/01/2013;1;CNE
C10446;01/04/2014;>10;>0;0;>48;3471.39;2329.31;6665.19;14/04/2014;20;53103.7;BT;1/01/2011;0;CNE
C10447;01/04/2014;<=10;>0;1;<24, 48;659.38;506.3;0;24/04/2014;19;6656.77;BT;1/01/2013;0;COEF
C10453;01/04/2014;<=10;0;0;>48;2835.88;0;0;11/04/2014;12;76479.1;BT;1/01/2013;1;CNE
C10454;01/04/2014;<=10;0;0;<24, 48;518.49;0;0;7/04/2014;10;12059.6;BT;1/01/2013;1;CNE
C10455;01/04/2014;<=10;0;0;<24, 48;852;0;0;10/04/2014;10;17570.9;BT;1/01/2013;1;CNE
C10456;01/04/2014;<=10;0;0;>48;2628.15;0;0;4/04/2014;9;53137.7;BT;1/01/2011;0;CNE
C10457;01/04/2014;>10;>0;1;<24, 48;280.81;0;0;2/04/2014;12;2348.32;BT;1/01/2011;1;CNE
C10460;01/04/2014;<=10;0;0;<=24;266.55;0;0;16/04/2014;9;751.31;BT;1/01/2011;1;CNE
C10463;01/04/2014;<=10;0;0;<24, 48;775.23;1.2;0;7/04/2014;11;16123.5;BT;1/01/2013;1;COEF
C10465;01/04/2014;<=10;0;0;<24, 48;225.43;366.49;356.26;4/04/2014;15;12673.4;BT;1/01/2013;1;CNE
C10466;01/04/2014;<=10;0;0;<24, 48;225.43;366.49;356.26;9/04/2014;9;12673.4;BT;1/01/2013;1;CNE
C10467;01/04/2014;<=10;0;0;<24, 48;271.61;0;0;9/04/2014;18;3840.74;BT;1/01/2012;1;COEF
C10468;01/04/2014;<=10;0;0;<=24;1010.85;0;0;10/04/2014;8;978.954;BT;1/01/2014;1;COEF
C10469;01/04/2014;>10;0;0;<24, 48;294.23;313.8;314.96;24/04/2014;7;2558.64;BT;1/01/2011;1;COEF
C10471;01/04/2014;<=10;0;0;<24, 48;423.48;0;166.35;2/04/2014;20;872.25;BT;1/01/2011;0;CNE
C10472;01/04/2014;<=10;0;0;<24, 48;423.48;0;166.35;7/04/2014;20;872.25;BT;1/01/2011;0;CNE
C10473;01/04/2014;<=10;0;0;>48;1555.44;0;0;4/04/2014;11;46650.3;BT;1/01/2014;1;CNE
C10474;01/04/2014;<=10;0;0;>48;1555.44;0;4672.01;10/04/2014;15;46650.3;BT;1/01/2014;1;CNE
C10476;01/04/2014;>10;>0;0;<24, 48;456.06;0;0;23/04/2014;14;8644.43;BT;1/01/2012;1;CNE
C10477;01/04/2014;>10;>0;0;<24, 48;456.06;0;0;24/04/2014;18;8644.43;BT;1/01/2012;1;CNE
C10478;01/04/2014;<=10;0;0;<24, 48;334.27;669.08;0;8/04/2014;20;5501.71;BT;1/01/2012;0;CNE
C10479;01/04/2014;>10;0;0;>48;496.89;0;0;9/04/2014;8;9699.4;BT;1/01/2012;1;COEF
C10480;01/04/2014;<=10;0;0;<24, 48;99.89;0;0;16/04/2014;7;5888.91;BT;1/01/2013;1;COEF
C10481;01/04/2014;<=10;0;0;<24, 48;142.31;0;0;3/04/2014;10;5270.81;BT;1/01/2011;1;COEF
C10482;01/04/2014;<=10;0;0;<=24;2091.06;0;0;7/04/2014;18;15564.3;BT;1/01/2013;0;COEF
C10483;01/04/2014;<=10;0;0;<24, 48;436.04;0;0;1/04/2014;8;10333.2;BT;1/01/2012;1;CNE
C10484;01/04/2014;<=10;>0;1;>48;836.85;937.63;1115.36;14/04/2014;16;14139.2;BT;1/01/2013;0;COEF
C10485;01/04/2014;>10;0;0;<24, 48;286.75;26.1;0;16/04/2014;7;2758.71;BT;1/01/2011;1;COEF
C10487;01/04/2014;<=10;0;0;<=24;491.19;0;0;28/04/2014;19;2748.74;BT;1/01/2014;1;COEF
C10488;01/04/2014;<=10;0;0;<24, 48;1282.77;1717.44;0;2/04/2014;16;8148.02;BT;1/01/2012;0;CNE
C10489;01/04/2014;>10;>0;0;<24, 48;250.83;0;510;9/04/2014;8;3088.8;BT;1/01/2012;0;CNE
C10490;01/04/2014;>10;>0;0;<24, 48;250.83;0;0;10/04/2014;10;3088.8;BT;1/01/2012;0;CNE
C10491;01/04/2014;<=10;>0;0;<24, 48;1056.79;1416.14;0;21/04/2014;17;6797.4;BT;1/01/2013;0;CNE
C10492;01/04/2014;<=10;>0;0;<=24;34.74;0;0;23/04/2014;14;4189.13;BT;1/01/2013;1;COEF
C10494;01/04/2014;>10;0;0;<24, 48;897.7;978.65;1057.94;22/04/2014;18;5736.16;BT;1/01/2012;0;CNE
C10495;01/04/2014;<=10;>0;0;<=24;740.18;855.76;0;21/04/2014;18;4986.34;BT;1/01/2013;0;CNE
C10496;01/04/2014;>10;0;0;<24, 48;1185.9;1185.85;2.9;3/04/2014;10;10926.9;BT;1/01/2011;1;COEF
C10497;01/04/2014;>10;0;0;<24, 48;1185.9;1185.85;2.9;9/04/2014;11;10926.9;BT;1/01/2011;1;COEF
C10498;01/04/2014;>10;0;0;<24, 48;328.98;0;0;21/04/2014;9;4612.06;BT;1/01/2011;1;COEF
C10499;01/04/2014;<=10;0;0;<24, 48;748.73;748.73;0;21/04/2014;14;11406.5;BT;1/01/2013;1;COEF
C10501;01/04/2014;<=10;0;0;<24, 48;21.86;0;0;8/04/2014;9;2605.05;BT;1/01/2011;1;COEF
C10502;01/04/2014;<=10;>0;0;<24, 48;766;0;0;3/04/2014;13;738.85;BT;1/01/2011;0;CNE
C10503;01/04/2014;<=10;>0;0;<24, 48;766;0;0;25/04/2014;12;738.85;BT;1/01/2011;0;CNE
C10504;01/04/2014;<=10;0;0;<24, 48;1302.27;0;0;28/04/2014;10;2999.69;BT;1/01/2011;0;CNE
C10505;01/04/2014;<=10;0;0;>48;301.06;359.9;0;7/04/2014;14;10480.9;BT;1/01/2013;1;COEF
C10506;01/04/2014;<=10;0;0;<24, 48;1054.61;0;0;10/04/2014;16;4825.8;BT;1/01/2011;0;CNE
C10509;01/04/2014;<=10;>0;0;<24, 48;1689.28;2115.69;0;28/04/2014;8;9699.1;BT;1/01/2011;0;COEF
C10510;01/04/2014;<=10;>0;0;<24, 48;1689.28;2115.69;0;8/04/2014;19;9699.1;BT;1/01/2011;0;CNE
C10511;01/04/2014;<=10;0;0;<=24;1448.28;905.08;2454.17;9/04/2014;11;4277.17;BT;1/01/2013;1;COEF
C10512;01/04/2014;<=10;0;0;<24, 48;731.24;0;723.72;24/04/2014;14;10977;BT;1/01/2011;1;CNE
C10513;01/04/2014;<=10;0;0;>48;731.24;0;723.72;29/04/2014;8;10977;BT;1/01/2011;1;CNE
C10514;01/04/2014;<=10;0;0;<=24;454.12;0;0;3/04/2014;10;1361.36;BT;1/01/2013;1;CNE
C10515;01/04/2014;<=10;>0;0;>48;588.79;0;0;11/04/2014;8;8350.62;BT;1/01/2013;0;CNE
C10516;01/04/2014;<=10;>0;0;>48;588.79;0;0;15/04/2014;9;8350.62;BT;1/01/2013;0;CNE
C10517;01/04/2014;<=10;0;0;>48;1541.65;0;0;23/04/2014;14;64993.9;BT;1/01/2012;1;COEF
C10518;01/04/2014;<=10;>0;0;>48;833.86;0;0;4/04/2014;12;8742.19;BT;1/01/2013;0;CNE
C10519;01/04/2014;>10;>0;0;<24, 48;548.65;0;0;10/04/2014;20;1126.97;BT;1/01/2011;0;CNE
C10521;01/04/2014;<=10;0;0;<24, 48;616.34;0;0;3/04/2014;9;8684.27;BT;1/01/2013;1;CNE
C10522;01/04/2014;>10;0;0;>48;131.54;0;0;3/04/2014;12;1432.12;BT;1/01/2012;1;CNE
C10523;01/04/2014;<=10;0;0;<24, 48;539.58;0;0;3/04/2014;8;33176;BT;1/01/2012;1;CNE
C10524;01/04/2014;<=10;0;0;<24, 48;539.58;0;0;14/04/2014;9;33176;BT;1/01/2012;1;CNE
C10526;01/04/2014;>10;0;0;>48;66.67;429.4;0;11/04/2014;7;9821.2;BT;1/01/2012;1;CNE
C10528;01/04/2014;>10;0;0;>48;141.74;146.05;108.3;8/04/2014;10;9416.41;BT;1/01/2012;1;CNE
C10529;01/04/2014;<=10;0;0;<24, 48;149.91;0;0;8/04/2014;20;5271.81;BT;1/01/2012;1;CNE
C10531;01/04/2014;<=10;0;0;<24, 48;803.33;0;0;21/04/2014;12;782.75;BT;1/01/2010;1;COEF
C10532;01/04/2014;<=10;0;0;<=24;272.61;0;273.63;11/04/2014;8;4687.95;BT;1/01/2013;1;COEF
C10533;01/04/2014;<=10;0;0;<=24;272.61;0;273.63;9/04/2014;10;4687.95;BT;1/01/2013;1;CNE
C10534;01/04/2014;<=10;0;0;>48;528.63;0;1586.98;9/04/2014;9;14995;BT;1/01/2013;1;COEF
C10535;01/04/2014;<=10;>0;0;>48;528.63;0;1586.98;24/04/2014;11;14995;BT;1/01/2013;1;COEF
C10536;01/04/2014;<=10;0;0;>48;3930.82;0;0;22/04/2014;9;70712;BT;1/01/2013;0;CNE
C10537;01/04/2014;<=10;0;0;<24, 48;34.39;0;0;3/04/2014;11;5024.48;BT;1/01/2013;1;COEF
C10538;01/04/2014;<=10;0;0;>48;1421.73;0;0;3/04/2014;7;24185.9;BT;1/01/2010;1;COEF
C10539;01/04/2014;>10;0;0;<24, 48;382.21;0;575.56;2/04/2014;20;5426.98;BT;1/01/2010;0;CNE
C10540;01/04/2014;<=10;0;0;>48;545.12;507.47;507.47;29/04/2014;8;14575;BT;1/01/2013;1;COEF
C10541;01/04/2014;<=10;0;0;<24, 48;237.21;0;0;9/04/2014;8;4973.09;BT;1/01/2013;1;CNE
C10543;01/04/2014;>10;>0;1;>48;326.14;0;0;4/04/2014;7;4480.62;BT;1/01/2012;0;COEF
C10544;01/04/2014;<=10;>0;1;<=24;315.47;633.84;956.21;10/04/2014;16;2257.48;BT;1/01/2013;1;COEF
C10545;01/04/2014;<=10;0;0;<24, 48;578.04;626.5;0;8/04/2014;11;14125.6;BT;1/01/2012;1;CNE
C10546;01/04/2014;>10;0;0;<24, 48;578.04;626.5;0;10/04/2014;11;14125.6;BT;1/01/2012;1;CNE
C10547;01/04/2014;<=10;0;0;>48;618.61;0;0;15/04/2014;10;19466.9;BT;1/01/2013;1;COEF
C10550;01/04/2014;<=10;>0;0;<24, 48;441.37;590.06;0;2/04/2014;7;3131.22;BT;1/01/2013;0;CNE
C10553;01/04/2014;>10;0;0;>48;2347.92;0;4370.54;2/04/2014;9;29456.7;BT;1/01/2012;0;CNE
C10554;01/04/2014;>10;0;0;>48;591.08;0;0;1/04/2014;8;2426.46;BT;1/01/2010;1;CNE
C10555;01/04/2014;>10;0;0;>48;591.08;0;0;1/04/2014;16;2426.46;BT;1/01/2010;1;CNE
C10556;01/04/2014;>10;0;0;>48;591.08;0;0;4/04/2014;18;2426.46;BT;1/01/2010;1;CNE
C10557;01/04/2014;>10;0;0;<24, 48;45.14;171.75;179.35;11/04/2014;20;2042.23;BT;1/01/2013;1;COEF
C10558;01/04/2014;>10;0;0;<24, 48;114.49;44.42;0;15/04/2014;8;657.36;BT;1/01/2011;1;COEF
C10559;01/04/2014;<=10;>0;1;<=24;308.58;0;0;10/04/2014;10;1976.38;BT;1/01/2012;1;CNE
C10560;01/04/2014;<=10;0;0;>48;2664.45;0;8023.21;7/04/2014;11;74229.1;BT;1/01/2013;1;CNE
C10561;01/04/2014;<=10;0;0;>48;2664.45;0;8023.21;14/04/2014;14;74229.1;BT;1/01/2013;1;CNE
C10562;01/04/2014;<=10;0;0;>48;2664.45;0;8023.21;16/04/2014;12;74229.1;BT;1/01/2013;1;CNE
C10563;01/04/2014;>10;0;0;<24, 48;422.05;419.08;416.98;10/04/2014;11;2906.28;BT;1/01/2011;1;CNE
C10564;01/04/2014;<=10;0;0;<24, 48;203.04;408.11;203.74;8/04/2014;15;1897.45;BT;1/01/2011;1;CNE
C10565;01/04/2014;<=10;0;0;<24, 48;203.04;408.11;203.74;9/04/2014;9;1897.45;BT;1/01/2011;1;CNE
C10566;01/04/2014;<=10;0;0;<24, 48;203.04;408.11;203.74;11/04/2014;8;1897.45;BT;1/01/2011;1;CNE
C10567;01/04/2014;<=10;0;0;<24, 48;203.04;408.11;203.74;14/04/2014;13;1897.45;BT;1/01/2011;1;CNE
C10568;01/04/2014;<=10;0;0;<24, 48;203.04;408.11;203.74;22/04/2014;11;1897.45;BT;1/01/2011;1;CNE
C10572;01/04/2014;>10;0;0;>48;347.26;0;0;3/04/2014;11;4837.34;BT;1/01/2012;1;COEF
C10573;01/04/2014;<=10;>0;0;>48;1772.25;768.78;0;14/04/2014;8;59974.3;BT;1/01/2012;0;COEF
C10574;01/04/2014;<=10;>0;1;>48;1772.25;768.78;0;23/04/2014;15;59974.3;BT;1/01/2012;1;COEF
C10575;01/04/2014;<=10;>0;0;>48;611.86;0;1017.79;1/04/2014;9;9042.81;BT;1/01/2013;1;COEF
C10576;01/04/2014;>10;0;0;<24, 48;305;0;0;25/04/2014;7;2764.39;BT;1/01/2011;1;COEF
C10577;01/04/2014;<=10;0;0;<24, 48;93.19;49.5;211.24;24/04/2014;9;3807.13;BT;1/01/2013;1;CNE
C10578;01/04/2014;>10;0;0;<24, 48;353.49;0;0;15/04/2014;10;9241.4;BT;1/01/2013;1;COEF
C10579;01/04/2014;<=10;0;0;<=24;356.33;360.09;0;7/04/2014;13;1050.31;BT;1/01/2012;1;COEF
C10580;01/04/2014;<=10;0;0;<24, 48;2816.68;0;8495.14;3/04/2014;9;40621.7;BT;1/01/2012;1;CNE
C10582;01/04/2014;<=10;>0;0;>48;768.28;0;1154.71;14/04/2014;8;10540.3;BT;1/01/2013;1;CNE
C10583;01/04/2014;>10;0;0;>48;187.46;375.26;563.61;1/04/2014;16;3045.74;BT;1/01/2011;1;CNE
C10584;01/04/2014;>10;0;0;>48;187.46;375.26;563.61;11/04/2014;13;3045.74;BT;1/01/2011;1;CNE
C10585;01/04/2014;<=10;0;0;>48;2932.09;0;0;22/04/2014;11;66549.5;BT;1/01/2012;1;CNE
C10586;01/04/2014;<=10;>0;1;<=24;1393.09;1398.63;1404.01;3/04/2014;7;6922.89;BT;1/01/2013;0;CNE
C10587;01/04/2014;>10;0;0;>48;1712.65;743.53;46.76;8/04/2014;8;70053.4;BT;1/01/2012;1;COEF
C10588;01/04/2014;<=10;>0;0;<24, 48;661.52;531.68;669.65;28/04/2014;8;19517.3;BT;1/01/2013;1;COEF
C10589;01/04/2014;<=10;0;0;<24, 48;493.96;17.67;490.46;15/04/2014;7;7710.1;BT;1/01/2012;1;CNE
C10590;01/04/2014;<=10;>0;0;>48;1564.46;0;0;24/04/2014;14;60864.8;BT;1/01/2014;1;CNE
C10591;01/04/2014;>10;0;0;<24, 48;452.46;455.96;455.96;16/04/2014;12;5000.58;BT;1/01/2011;1;CNE
C10592;01/04/2014;<=10;0;0;>48;610.55;610.55;612.03;15/04/2014;16;13671.4;BT;1/01/2012;1;CNE
C10593;01/04/2014;>10;0;0;<24, 48;586.2;0;0;11/04/2014;11;12358.4;BT;1/01/2012;1;CNE
C10594;01/04/2014;<=10;0;0;<24, 48;630.29;623.38;621.07;10/04/2014;8;13601.8;BT;1/01/2012;1;COEF
C10595;01/04/2014;<=10;0;0;>48;478.51;0;1441.98;29/04/2014;9;4036.95;BT;1/01/2010;1;CNE
C10596;01/04/2014;<=10;0;0;<24, 48;148.6;0;0;4/04/2014;7;4267.81;BT;1/01/2013;1;COEF
C10597;01/04/2014;<=10;0;0;<24, 48;232.13;265.88;0;3/04/2014;11;5663.7;BT;1/01/2011;1;COEF
C10598;01/04/2014;<=10;0;0;>48;1107.54;0;0;3/04/2014;16;9496.51;BT;1/01/2013;0;CNE
C10599;01/04/2014;<=10;0;0;>48;1107.54;0;0;7/04/2014;17;9496.51;BT;1/01/2013;0;CNE
C10600;01/04/2014;>10;0;0;>48;948.22;942.54;945.22;3/04/2014;9;29956.6;BT;1/01/2013;1;CNE
C10601;01/04/2014;<=10;0;0;>48;127.91;0;0;11/04/2014;15;2056.5;BT;1/01/2013;1;COEF
C10602;01/04/2014;>10;0;0;>48;228.11;0;1993;15/04/2014;9;25106.2;BT;1/01/2012;1;COEF
C10603;01/04/2014;>10;0;0;>48;228.11;0;0;10/04/2014;11;25106.2;BT;1/01/2012;1;CNE
C10604;01/04/2014;<=10;0;0;<24, 48;476.22;0;0;23/04/2014;8;10599.4;BT;1/01/2012;1;CNE
C10605;01/04/2014;>10;0;0;<24, 48;476.22;0;0;25/04/2014;7;10599.4;BT;1/01/2012;1;CNE
C10606;01/04/2014;>10;0;0;<24, 48;476.22;0;0;25/04/2014;15;10599.4;BT;1/01/2012;1;CNE
C10609;01/04/2014;<=10;0;0;<24, 48;141.89;0;0;3/04/2014;11;7637.16;BT;1/01/2012;1;COEF
C10610;01/04/2014;<=10;>0;0;<24, 48;514.75;773.75;0;30/04/2014;17;4654.25;BT;1/01/2013;0;COEF
C10611;01/04/2014;<=10;0;0;>48;387.83;0;843.47;11/04/2014;9;7552.83;BT;1/01/2012;1;CNE
C10612;01/04/2014;<=10;0;0;<24, 48;323.24;53.06;0;15/04/2014;7;7174.43;BT;1/01/2013;1;CNE
C10613;01/04/2014;<=10;0;0;<24, 48;70.43;70.43;0;24/04/2014;8;9579.56;BT;1/01/2013;1;COEF
C10614;01/04/2014;<=10;0;0;<=24;484.67;0;0;11/04/2014;13;3186.72;BT;1/01/2013;1;CNE
C10618;01/04/2014;>10;0;0;>48;191.81;0;0;8/04/2014;9;1958.31;BT;1/01/2012;1;CNE
C10619;01/04/2014;<=10;0;0;>48;632.07;0;1911.13;4/04/2014;11;13470;BT;1/01/2012;1;CNE
C10620;01/04/2014;<=10;0;0;>48;471.24;469.11;0;28/04/2014;14;10130.8;BT;1/01/2012;1;COEF
C10621;01/04/2014;>10;0;0;>48;240.56;24.28;184.31;11/04/2014;14;1433.28;BT;1/01/2010;1;CNE
C10622;01/04/2014;<=10;0;0;>48;459.79;459.79;0;24/04/2014;8;15348.1;BT;1/01/2013;1;CNE
C10623;01/04/2014;<=10;0;0;>48;459.79;459.79;0;30/04/2014;8;15348.1;BT;1/01/2013;1;CNE
C10626;01/04/2014;<=10;>0;0;>48;1015.61;0;0;1/04/2014;13;49309;BT;1/01/2012;1;COEF
C10627;01/04/2014;>10;>0;0;>48;1015.61;0;0;4/04/2014;20;49309;BT;1/01/2012;1;CNE
C10628;01/04/2014;>10;0;0;>48;334.59;0;0;10/04/2014;12;11871.6;BT;1/01/2012;1;CNE
C10629;01/04/2014;<=10;>0;0;>48;634.24;876.82;3.17;25/04/2014;11;74369.3;BT;1/01/2013;1;COEF
C10630;01/04/2014;>10;0;0;<24, 48;214.42;0;0;16/04/2014;11;4079.48;BT;1/01/2012;1;CNE
C10631;01/04/2014;<=10;0;0;>48;213.8;0;644.13;15/04/2014;10;5614.14;BT;1/01/2013;1;COEF
C10632;01/04/2014;<=10;0;0;<24, 48;213.8;0;644.13;7/04/2014;16;5614.14;BT;1/01/2013;1;CNE
C10633;01/04/2014;<=10;>0;1;<24, 48;1050.17;1567.2;0;4/04/2014;12;5821.07;BT;1/01/2012;0;CNE
C10634;01/04/2014;<=10;0;0;<24, 48;516.01;640.42;640.42;22/04/2014;20;11473.2;BT;1/01/2013;0;COEF
C10635;01/04/2014;<=10;0;0;>48;677.74;681.36;2053.46;3/04/2014;9;19757.8;BT;1/01/2013;1;COEF
C10636;01/04/2014;<=10;0;0;<24, 48;655.62;0;0;10/04/2014;7;17981.5;BT;1/01/2013;1;COEF
C10637;01/04/2014;>10;0;0;<24, 48;1228.69;1228.69;3706.67;30/04/2014;13;27248.4;BT;1/01/2012;1;CNE
C10639;01/04/2014;<=10;0;0;<=24;807.31;0;0;8/04/2014;20;780.66;BT;1/01/2012;0;CNE
C10640;01/04/2014;>10;0;0;>48;439.65;0;0;3/04/2014;9;23619.2;BT;1/01/2012;1;COEF
C10641;01/04/2014;<=10;0;0;<24, 48;1921.58;0;2896.37;7/04/2014;11;28595;BT;1/01/2013;1;CNE
C10642;01/04/2014;<=10;0;0;<24, 48;937.2;0;0;8/04/2014;7;25853.3;BT;1/01/2013;1;COEF
C10643;01/04/2014;>10;>0;1;<24, 48;1760.06;0;0;24/04/2014;19;13930.9;BT;1/01/2012;0;COEF
C10644;01/04/2014;<=10;0;0;<24, 48;2409.56;0;0;2/04/2014;14;26970;BT;1/01/2013;0;CNE
C10645;01/04/2014;>10;>0;0;<24, 48;1487.49;1412.03;2297.11;7/04/2014;8;25612.1;BT;1/01/2012;0;COEF
C10647;01/04/2014;>10;0;0;<24, 48;502.18;756.02;0;7/04/2014;20;3643.55;BT;1/01/2011;0;CNE
C10648;01/04/2014;>10;0;0;<24, 48;502.18;756.02;0;8/04/2014;20;3643.55;BT;1/01/2011;0;CNE
C10649;01/04/2014;<=10;0;0;>48;651.17;0;0;16/04/2014;12;18995.1;BT;1/01/2012;1;COEF
C10650;01/04/2014;>10;0;0;>48;228.07;0;0;4/04/2014;9;2555.18;BT;1/01/2011;1;CNE
C10651;01/04/2014;>10;0;0;>48;692.01;693.51;0;3/04/2014;8;15262.1;BT;1/01/2012;1;COEF
C10652;01/04/2014;<=10;0;0;<24, 48;1483.68;512.29;512.29;21/04/2014;8;42011.1;BT;1/01/2013;1;CNE
C10653;01/04/2014;<=10;0;0;<24, 48;587.48;0;580.29;23/04/2014;12;13127;BT;1/01/2013;1;CNE
C10654;01/04/2014;<=10;0;0;<24, 48;587.48;0;580.29;24/04/2014;11;13127;BT;1/01/2013;1;CNE
C10655;01/04/2014;<=10;0;0;<24, 48;777.41;782.93;0;4/04/2014;13;17639.7;BT;1/01/2013;1;CNE
C10656;01/04/2014;>10;0;0;<24, 48;611.59;291.24;610.82;11/04/2014;14;4178.93;BT;1/01/2010;1;COEF
C10657;01/04/2014;>10;0;0;<24, 48;611.59;291.24;610.82;22/04/2014;7;4178.93;BT;1/01/2010;1;COEF
C10658;01/04/2014;<=10;0;0;>48;1958.4;0;6229.22;4/04/2014;7;70153.1;BT;1/01/2012;1;COEF
C10659;01/04/2014;<=10;0;0;>48;1958.4;0;6229.22;7/04/2014;11;70153.1;BT;1/01/2012;1;CNE
C10660;01/04/2014;>10;0;0;>48;1603.5;284.66;0;23/04/2014;8;40932.2;BT;1/01/2011;1;CNE
C10661;01/04/2014;>10;0;0;>48;1603.5;284.66;0;25/04/2014;9;40932.2;BT;1/01/2011;1;CNE
C10662;01/04/2014;<=10;0;0;<24, 48;1778.94;1778.94;0;7/04/2014;16;6453.07;BT;1/01/2011;0;CNE
C10663;01/04/2014;<=10;0;0;>48;649.26;280.68;441.24;3/04/2014;9;29182;BT;1/01/2013;1;CNE
C10664;01/04/2014;<=10;0;0;>48;2588.16;0;0;8/04/2014;20;22381.2;BT;1/01/2012;0;CNE
C10665;01/04/2014;<=10;0;1;<24, 48;392.56;394.24;384.96;9/04/2014;7;9236.94;BT;1/01/2013;1;COEF
C10666;01/04/2014;<=10;0;1;<24, 48;392.56;394.24;384.96;10/04/2014;15;9236.94;BT;1/01/2013;1;COEF
C10667;01/04/2014;<=10;0;0;>48;284.8;0;0;25/04/2014;13;7351.92;BT;1/01/2014;1;CNE
C10668;01/04/2014;<=10;0;0;>48;1051.15;0;0;3/04/2014;7;18069.7;BT;1/01/2011;1;COEF
C10669;01/04/2014;<=10;>0;0;<24, 48;494.97;494.97;1493.02;21/04/2014;10;7023.47;BT;1/01/2013;1;COEF
C10670;01/04/2014;<=10;>0;0;<24, 48;494.97;494.97;1493.02;22/04/2014;9;7023.47;BT;1/01/2013;1;COEF
C10672;01/04/2014;>10;0;0;<24, 48;183.4;175.59;175.59;3/04/2014;13;1535.02;BT;1/01/2011;1;CNE
C10673;01/04/2014;<=10;0;0;<=24;70.7;0;0;14/04/2014;7;586.34;BT;1/01/2013;1;CNE
C10674;01/04/2014;<=10;0;0;<=24;70.7;0;0;22/04/2014;13;586.34;BT;1/01/2013;1;CNE
C10675;01/04/2014;<=10;0;0;<24, 48;351.34;0;0;9/04/2014;18;10260.3;BT;1/01/2013;1;CNE
C10676;01/04/2014;<=10;0;0;<24, 48;351.34;0;0;16/04/2014;9;10260.3;BT;1/01/2013;1;CNE
C10677;01/04/2014;>10;0;0;<24, 48;137.42;209.52;875.01;4/04/2014;19;3024.05;BT;1/01/2010;1;COEF
C10678;01/04/2014;<=10;0;0;>48;658.13;0;0;1/04/2014;12;19534.4;BT;1/01/2013;1;CNE
C10679;01/04/2014;>10;0;0;>48;2651.73;0;0;9/04/2014;11;64429.8;BT;1/01/2011;1;CNE
C10680;01/04/2014;<=10;0;0;<=24;805.6;0;819.49;3/04/2014;19;10212.7;BT;1/01/2013;1;CNE
C10681;01/04/2014;<=10;0;0;<24, 48;1482.95;0;0;8/04/2014;20;23818.6;BT;1/01/2013;0;CNE
C10682;01/04/2014;<=10;0;0;<24, 48;1482.95;0;0;9/04/2014;20;23818.6;BT;1/01/2013;0;CNE
C10683;01/04/2014;<=10;0;0;<24, 48;599.94;604.81;0;7/04/2014;7;15267.7;BT;1/01/2013;1;CNE
C10684;01/04/2014;<=10;0;0;<24, 48;234.04;0;0;23/04/2014;13;4845.62;BT;1/01/2013;1;COEF
C10685;01/04/2014;<=10;0;0;<=24;1004.77;1004.77;2285.6;7/04/2014;7;2557.75;BT;1/01/2013;1;COEF
C10686;01/04/2014;<=10;0;0;>48;1004.77;1004.77;2285.6;9/04/2014;11;2557.75;BT;1/01/2013;1;COEF
C10687;01/04/2014;<=10;>0;0;>48;2226.81;0;6093.39;22/04/2014;9;67497.1;BT;1/01/2012;1;CNE
C10688;01/04/2014;>10;0;0;>48;231.86;0;0;8/04/2014;13;11598.7;BT;1/01/2012;1;COEF
C10689;01/04/2014;>10;0;0;<24, 48;187.27;186.29;186.43;3/04/2014;16;919.48;BT;1/01/2011;1;COEF
C10690;01/04/2014;>10;>0;0;<24, 48;774.4;0;0;7/04/2014;20;8091.99;BT;1/01/2012;0;COEF
C10691;01/04/2014;>10;>0;0;<24, 48;774.4;0;0;10/04/2014;20;8091.99;BT;1/01/2012;0;CNE
C10695;01/04/2014;<=10;0;0;<24, 48;45.44;0;0;10/04/2014;11;14104.4;BT;1/01/2013;1;COEF
C10696;01/04/2014;<=10;0;0;<=24;301.51;78.58;78.58;10/04/2014;8;4317.63;BT;1/01/2013;1;CNE
C10697;01/04/2014;<=10;0;0;>48;618.76;1080.5;1080.5;7/04/2014;13;6308.64;BT;1/01/2012;1;CNE
C10701;01/04/2014;<=10;0;0;<24, 48;497.22;0;0;8/04/2014;20;11973.2;BT;1/01/2013;1;CNE
C10702;01/04/2014;<=10;0;0;<24, 48;497.22;0;0;14/04/2014;15;11973.2;BT;1/01/2013;1;CNE
C10704;01/04/2014;>10;0;0;<24, 48;760.21;0;0;3/04/2014;8;8089.22;BT;1/01/2011;1;CNE
C10705;01/04/2014;<=10;0;0;<=24;526.85;798.14;798.14;1/04/2014;16;1698.81;BT;1/01/2013;1;CNE
C10706;01/04/2014;<=10;0;0;<=24;526.85;798.14;0;9/04/2014;12;1698.81;BT;1/01/2013;0;CNE
C10707;01/04/2014;<=10;0;0;<=24;299.64;0;0;24/04/2014;10;597.26;BT;1/01/2013;1;CNE
C10708;01/04/2014;>10;0;0;<24, 48;268.93;257.34;313.27;10/04/2014;10;803.06;BT;1/01/2010;1;CNE
C10709;01/04/2014;>10;0;0;<24, 48;268.93;257.34;313.27;21/04/2014;7;803.06;BT;1/01/2010;1;CNE
C10710;01/04/2014;<=10;>0;0;>48;339.44;261.25;0;4/04/2014;18;3678.98;BT;1/01/2013;0;COEF
C10711;01/04/2014;<=10;0;0;<24, 48;452.72;262.72;0;10/04/2014;15;14283.1;BT;1/01/2013;1;CNE
C10712;01/04/2014;<=10;0;0;<24, 48;788.45;0;0;3/04/2014;20;26519.4;BT;1/01/2013;0;CNE
C10713;01/04/2014;<=10;0;0;<24, 48;788.45;0;0;8/04/2014;20;26519.4;BT;1/01/2013;0;CNE
C10714;01/04/2014;<=10;0;0;<24, 48;788.45;0;0;9/04/2014;20;26519.4;BT;1/01/2013;0;CNE
C10715;01/04/2014;<=10;0;0;>48;432.3;0;0;25/04/2014;13;8404.19;BT;1/01/2013;1;CNE
C10716;01/04/2014;<=10;0;0;>48;202.67;0;0;16/04/2014;7;8858.95;BT;1/01/2011;1;CNE
C10719;01/04/2014;>10;0;0;<24, 48;163.97;0;0;3/04/2014;15;3525.43;BT;1/01/2012;1;CNE
C10720;01/04/2014;>10;0;0;<24, 48;163.97;0;0;7/04/2014;17;3525.43;BT;1/01/2012;1;CNE
C10721;01/04/2014;>10;0;0;>48;549.04;0;0;10/04/2014;8;11541.6;BT;1/01/2012;1;COEF
C10724;01/04/2014;<=10;>0;0;<24, 48;311.44;627.5;0;15/04/2014;10;2716.62;BT;1/01/2011;1;CNE
C10725;01/04/2014;<=10;>0;0;<24, 48;311.44;627.5;944.99;22/04/2014;7;2716.62;BT;1/01/2011;1;CNE
C10726;01/04/2014;>10;0;0;<24, 48;450.17;0;0;7/04/2014;13;2658.46;BT;1/01/2011;1;CNE
C10727;01/04/2014;<=10;0;0;<=24;1287.41;0;3020.63;9/04/2014;9;25098.8;BT;1/01/2014;1;COEF
C10728;01/04/2014;<=10;0;0;<24, 48;497.81;0;0;3/04/2014;10;6000.59;BT;1/01/2012;1;CNE
C10729;01/04/2014;<=10;0;0;<24, 48;497.81;0;0;4/04/2014;11;6000.59;BT;1/01/2012;1;CNE
C10730;01/04/2014;<=10;0;0;<24, 48;497.81;0;0;9/04/2014;14;6000.59;BT;1/01/2012;1;CNE
C10731;01/04/2014;<=10;0;0;>48;576.12;0;0;11/04/2014;11;18068.7;BT;1/01/2013;1;COEF
C10732;01/04/2014;<=10;0;0;<24, 48;487.91;0;0;7/04/2014;13;18145.7;BT;1/01/2013;1;CNE
C10733;01/04/2014;<=10;>0;0;>48;1238.53;0;0;3/04/2014;15;10744.7;BT;1/01/2013;0;CNE
C10734;01/04/2014;<=10;>0;0;>48;1238.53;0;0;7/04/2014;16;10744.7;BT;1/01/2013;0;CNE
C10735;01/04/2014;<=10;0;0;>48;530.85;1324.14;1285.99;10/04/2014;12;36614.9;BT;1/01/2013;1;COEF
C10738;01/04/2014;<=10;0;0;<=24;258.34;279.1;0;28/04/2014;15;1363.41;BT;1/01/2012;1;CNE
C10741;01/04/2014;>10;>0;0;<24, 48;594.6;0;0;9/04/2014;16;16468.1;BT;1/01/2012;1;COEF
C10742;01/04/2014;<=10;0;0;<24, 48;294.4;294.4;0;8/04/2014;9;5864.06;BT;1/01/2013;1;CNE
C10743;01/04/2014;<=10;0;0;<24, 48;294.4;294.4;884.78;16/04/2014;7;5864.06;BT;1/01/2013;1;CNE
C10744;01/04/2014;<=10;0;0;<24, 48;294.4;294.4;884.78;16/04/2014;8;5864.06;BT;1/01/2013;1;CNE
C10745;01/04/2014;<=10;0;0;<24, 48;352.47;0;0;3/04/2014;11;6550.11;BT;1/01/2012;1;COEF
C10746;01/04/2014;<=10;0;0;>48;77.99;0;0;3/04/2014;8;8906.46;BT;1/01/2011;1;COEF
C10747;01/04/2014;<=10;>0;1;<24, 48;739.15;0;0;29/04/2014;16;3088.18;BT;1/01/2012;0;COEF
C10748;01/04/2014;>10;>0;1;<24, 48;739.15;0;0;10/04/2014;17;3088.18;BT;1/01/2012;0;CNE
C10749;01/04/2014;<=10;0;0;>48;619.28;0;0;3/04/2014;20;3608.88;BT;1/01/2013;0;CNE
C10752;01/04/2014;>10;0;0;>48;812.46;810.8;0;23/04/2014;9;14691.6;BT;1/01/2011;1;COEF
C10753;01/04/2014;<=10;0;0;<=24;521.93;0;1433.82;24/04/2014;12;7764.65;BT;1/01/2013;1;CNE
C10754;01/04/2014;<=10;0;0;<24, 48;66.73;305.64;545.72;15/04/2014;16;5619.52;BT;1/01/2013;1;CNE
C10755;01/04/2014;<=10;0;0;>48;213.26;0;0;8/04/2014;8;15405.7;BT;1/01/2013;1;CNE
C10758;01/04/2014;<=10;>0;0;<24, 48;1166.08;1525.36;1862.2;7/04/2014;7;14331.8;BT;1/01/2013;0;COEF
C10759;01/04/2014;<=10;0;0;<24, 48;179.41;222.97;0;8/04/2014;8;3959.86;BT;1/01/2013;1;CNE
C10761;01/04/2014;<=10;0;0;<24, 48;359.1;121.14;0;3/04/2014;10;3595.88;BT;1/01/2011;1;CNE
C10763;01/04/2014;<=10;0;0;<24, 48;413.18;413.81;414.46;25/04/2014;11;10096;BT;1/01/2013;1;CNE
C10764;01/04/2014;<=10;0;0;<24, 48;497.48;477.55;0;2/04/2014;14;2901.07;BT;1/01/2012;0;CNE
C10765;01/04/2014;>10;0;0;<24, 48;289.46;0;871.17;10/04/2014;12;1654.88;BT;1/01/2011;1;CNE
C10766;01/04/2014;>10;0;0;<24, 48;289.46;0;871.17;16/04/2014;10;1654.88;BT;1/01/2011;1;CNE
C10767;01/04/2014;<=10;0;0;<=24;917.84;1230.51;0;15/04/2014;15;5242.14;BT;1/01/2013;0;CNE
C10768;01/04/2014;<=10;0;0;>48;179.84;0;0;7/04/2014;14;2696.07;BT;1/01/2011;1;CNE
C10770;01/04/2014;<=10;0;0;<24, 48;553.93;0;0;3/04/2014;7;9327.97;BT;1/01/2013;1;CNE
C10771;01/04/2014;<=10;0;0;<24, 48;746.66;0;2249.7;8/04/2014;9;19949;BT;1/01/2014;1;CNE
C10772;01/04/2014;<=10;0;0;<24, 48;746.66;0;2249.7;10/04/2014;8;19949;BT;1/01/2014;1;CNE
C10773;01/04/2014;>10;0;0;<24, 48;221.98;224.8;0;7/04/2014;16;657.39;BT;1/01/2011;1;COEF
C10774;01/04/2014;>10;0;0;<24, 48;694.64;0;0;7/04/2014;7;10470.1;BT;1/01/2012;1;CNE
C10775;01/04/2014;>10;0;0;<24, 48;694.64;0;0;7/04/2014;8;10470.1;BT;1/01/2012;1;CNE
C10777;01/04/2014;<=10;0;0;<24, 48;1812.03;0;2787.02;1/04/2014;8;31459.6;BT;1/01/2014;0;COEF
C10778;01/04/2014;<=10;>0;0;<24, 48;1812.03;0;2787.02;9/04/2014;8;31459.6;BT;1/01/2014;0;CNE
C10779;01/04/2014;<=10;>0;0;<24, 48;1812.03;0;2787.02;22/04/2014;16;31459.6;BT;1/01/2014;0;CNE
C10780;01/04/2014;<=10;0;0;<24, 48;327.16;327.16;981.89;23/04/2014;11;6909.77;BT;1/01/2014;1;COEF
C10781;01/04/2014;<=10;0;0;<24, 48;327.16;327.16;981.89;25/04/2014;10;6909.77;BT;1/01/2014;1;COEF
C10782;01/04/2014;<=10;0;0;<24, 48;327.16;327.16;981.89;11/04/2014;7;6909.77;BT;1/01/2014;1;CNE
C10783;01/04/2014;<=10;0;0;>48;332.42;0;0;10/04/2014;10;7495.72;BT;1/01/2012;1;COEF
C10786;01/04/2014;<=10;0;0;<=24;416.96;417.7;0;3/04/2014;10;6808.15;BT;1/01/2013;1;COEF
C10787;01/04/2014;<=10;>0;0;<24, 48;293.24;0;969.14;10/04/2014;10;8090.27;BT;1/01/2013;1;CNE
C10788;01/04/2014;>10;0;0;<24, 48;860.34;860.63;862.05;3/04/2014;9;16204.7;BT;1/01/2011;1;COEF
C10789;01/04/2014;<=10;0;0;<24, 48;359.73;0;0;10/04/2014;13;9389.56;BT;1/01/2013;1;CNE
C10790;01/04/2014;<=10;>0;0;<=24;1509.32;2181.2;0;8/04/2014;8;2903.55;BT;1/01/2012;0;COEF
C10791;01/04/2014;<=10;0;0;>48;984.43;0;0;14/04/2014;13;12814;BT;1/01/2014;0;COEF
C10792;01/04/2014;<=10;0;0;>48;181.47;0;0;2/04/2014;20;2447.05;BT;1/01/2013;0;CNE
C10793;01/04/2014;<=10;0;0;<=24;388.7;390.97;0;8/04/2014;16;6609.26;BT;1/01/2013;1;COEF
C10794;01/04/2014;<=10;0;0;<24, 48;428.89;646.15;0;2/04/2014;20;2571.77;BT;1/01/2012;0;CNE
C10795;01/04/2014;<=10;0;0;<=24;110.51;271.72;168.12;8/04/2014;10;3087.41;BT;1/01/2013;1;CNE
C10796;01/04/2014;<=10;0;0;<24, 48;292.63;0;0;23/04/2014;11;2358.79;BT;1/01/2011;1;COEF
C10797;01/04/2014;<=10;>0;0;>48;3881.73;0;0;9/04/2014;19;54310.9;BT;1/01/2013;0;COEF
C10798;01/04/2014;>10;0;0;<24, 48;397.85;0;0;25/04/2014;11;2270.28;BT;1/01/2011;1;COEF
C10799;01/04/2014;<=10;0;0;>48;218.38;0;0;25/04/2014;15;3788.23;BT;1/01/2012;1;COEF
C10800;01/04/2014;<=10;0;0;<24, 48;217.74;0;0;16/04/2014;12;16225.4;BT;1/01/2012;1;COEF
C10801;01/04/2014;<=10;0;0;<=24;1033.22;1392.74;0;22/04/2014;14;3845.86;BT;1/01/2013;0;COEF
C10802;01/04/2014;<=10;>0;0;<24, 48;733.83;1470.06;0;22/04/2014;8;20856.8;BT;1/01/2013;1;CNE
C10804;01/04/2014;<=10;0;0;<24, 48;214.86;214.86;214.86;2/04/2014;15;3148.37;BT;1/01/2012;1;COEF
C10805;01/04/2014;<=10;0;0;<24, 48;213.88;214.38;644.62;21/04/2014;13;4462.77;BT;1/01/2013;1;CNE
C10806;01/04/2014;<=10;0;0;<=24;338.21;509.42;0;16/04/2014;14;3082.78;BT;1/01/2013;0;CNE
C10807;01/04/2014;<=10;0;0;<=24;338.21;509.42;0;23/04/2014;13;3082.78;BT;1/01/2013;0;CNE
C10808;01/04/2014;>10;>0;0;<24, 48;412.08;0;0;1/04/2014;12;1276.59;BT;1/01/2011;1;CNE
C10809;01/04/2014;<=10;0;0;<24, 48;513.22;0;0;21/04/2014;7;27961.9;BT;1/01/2012;1;COEF
C10810;01/04/2014;<=10;>0;0;<24, 48;221.61;248.34;248.73;8/04/2014;11;5002;BT;1/01/2013;1;COEF
C10811;01/04/2014;<=10;0;0;>48;867.6;0;0;3/04/2014;8;17145.5;BT;1/01/2011;1;CNE
C10812;01/04/2014;<=10;0;0;<=24;513.82;1556.5;1556.5;2/04/2014;11;2865.68;BT;1/01/2013;1;CNE
C10813;01/04/2014;<=10;0;0;<=24;513.82;1556.5;1556.5;24/04/2014;12;2865.68;BT;1/01/2013;1;CNE
C10814;01/04/2014;<=10;0;0;>48;283;543.86;796.19;8/04/2014;10;24483.7;BT;1/01/2013;1;COEF
C10815;01/04/2014;<=10;0;0;<24, 48;210.13;0;0;4/04/2014;10;4210.32;BT;1/01/2013;1;CNE
C10816;01/04/2014;<=10;>0;0;<24, 48;1376.77;1339.47;0;2/04/2014;18;9809.63;BT;1/01/2013;0;CNE
C10817;01/04/2014;<=10;0;0;<=24;230.4;229.75;230.07;3/04/2014;14;1422.93;BT;1/01/2013;1;CNE
C10818;01/04/2014;>10;0;0;>48;802.6;0;794.84;15/04/2014;8;15695.4;BT;1/01/2012;1;CNE
C10819;01/04/2014;<=10;0;0;<24, 48;401.94;257.42;407.34;24/04/2014;8;12308.2;BT;1/01/2013;1;COEF
C10820;01/04/2014;<=10;0;0;>48;523.71;1049.84;1580.88;30/04/2014;9;10557.9;BT;1/01/2012;1;COEF
C10821;01/04/2014;<=10;0;0;>48;683.42;0;0;8/04/2014;11;16658.1;BT;1/01/2012;1;COEF
C10822;01/04/2014;<=10;0;0;>48;683.42;0;0;4/04/2014;11;16658.1;BT;1/01/2012;1;CNE
C10823;01/04/2014;<=10;0;0;<24, 48;389.02;0;0;7/04/2014;7;9145.58;BT;1/01/2013;1;COEF
C10824;01/04/2014;<=10;0;0;<24, 48;389.02;0;0;16/04/2014;10;9145.58;BT;1/01/2013;1;COEF
C10826;01/04/2014;<=10;0;0;<24, 48;1131.26;0;3409.13;4/04/2014;12;34155.5;BT;1/01/2013;1;COEF
C10827;01/04/2014;<=10;>0;0;<24, 48;558.58;690.97;690.97;8/04/2014;8;4325.21;BT;1/01/2013;0;CNE
C10828;01/04/2014;<=10;0;0;<24, 48;263.31;263.31;0;1/04/2014;7;16279.6;BT;1/01/2013;1;CNE
C10830;01/04/2014;<=10;0;0;>48;516.86;0;0;3/04/2014;8;25457.5;BT;1/01/2013;1;CNE
C10831;01/04/2014;<=10;0;0;>48;516.86;0;0;9/04/2014;16;25457.5;BT;1/01/2013;1;CNE
C10832;01/04/2014;>10;0;0;>48;244.33;244.33;0;8/04/2014;20;5733.59;BT;1/01/2012;1;CNE
C10833;01/04/2014;<=10;0;0;>48;391.73;391.73;1174.71;24/04/2014;8;10264.5;BT;1/01/2013;1;COEF
C10834;01/04/2014;>10;>0;0;>48;287.64;0;852.9;23/04/2014;11;4626.84;BT;1/01/2011;1;COEF
C10836;01/04/2014;<=10;0;0;<24, 48;610.31;0;0;3/04/2014;9;19046.1;BT;1/01/2014;1;CNE
C10837;01/04/2014;<=10;0;0;>48;610.31;0;1839.61;15/04/2014;9;19046.1;BT;1/01/2014;1;CNE
C10838;01/04/2014;<=10;0;0;<24, 48;444.86;0;886.17;3/04/2014;17;7685.53;BT;1/01/2011;1;CNE
C10839;01/04/2014;<=10;0;0;<24, 48;444.86;0;886.17;7/04/2014;19;7685.53;BT;1/01/2011;1;CNE
C10840;01/04/2014;<=10;>0;0;<24, 48;1638.58;0;3307.66;28/04/2014;9;35962.5;BT;1/01/2013;1;CNE
C10841;01/04/2014;<=10;0;0;<=24;302.32;303.85;0;3/04/2014;10;3684.35;BT;1/01/2013;1;COEF
C10842;01/04/2014;>10;0;0;<24, 48;322.56;316.85;277.26;22/04/2014;7;869.59;BT;1/01/2011;1;COEF
C10843;01/04/2014;<=10;0;0;>48;548.1;0;537.14;8/04/2014;9;13500.6;BT;1/01/2012;1;CNE
C10844;01/04/2014;>10;0;0;<24, 48;539.27;0;546.88;7/04/2014;7;15669.9;BT;1/01/2013;1;CNE
C10845;01/04/2014;>10;0;0;>48;461.19;0;1383.08;10/04/2014;18;9808.69;BT;1/01/2012;1;CNE
C10848;01/04/2014;<=10;0;0;<=24;191.76;0;0;22/04/2014;17;4148.03;BT;1/01/2013;1;COEF
C10849;01/04/2014;<=10;0;0;<24, 48;326.24;0;0;4/04/2014;15;8977.89;BT;1/01/2013;1;COEF
C10851;01/04/2014;<=10;0;0;>48;176.02;58.47;0;10/04/2014;16;28771.4;BT;1/01/2013;1;COEF
C10852;01/04/2014;>10;>0;0;>48;1011.62;1546.36;0;7/04/2014;20;3107.61;BT;1/01/2010;0;CNE
C10853;01/04/2014;>10;>0;0;>48;1011.62;1546.36;0;9/04/2014;20;3107.61;BT;1/01/2010;0;CNE
C10854;01/04/2014;<=10;0;0;>48;396.65;0;0;3/04/2014;10;10615.2;BT;1/01/2013;1;CNE
C10855;01/04/2014;<=10;>0;0;>48;391.75;0;1319.79;11/04/2014;16;17747.7;BT;1/01/2013;1;COEF
C10856;01/04/2014;>10;0;0;<24, 48;446.44;0;0;14/04/2014;13;11079.2;BT;1/01/2012;1;CNE
C10857;01/04/2014;<=10;>0;0;>48;1328.74;0;0;9/04/2014;12;3947.36;BT;1/01/2013;0;CNE
C10858;01/04/2014;>10;>0;1;>48;373.72;287.62;287.62;10/04/2014;12;6401.03;BT;1/01/2011;1;CNE
C10859;01/04/2014;<=10;0;0;>48;347.13;396.23;0;21/04/2014;15;1860.96;BT;1/01/2010;1;CNE
C10860;01/04/2014;<=10;0;0;>48;1883.08;0;0;4/04/2014;10;27112.1;BT;1/01/2013;0;CNE
C10861;01/04/2014;<=10;0;0;>48;1883.08;0;0;7/04/2014;16;27112.1;BT;1/01/2013;0;CNE
C10862;01/04/2014;<=10;0;0;<=24;931.26;0;0;3/04/2014;17;2803.84;BT;1/01/2013;1;COEF
C10863;01/04/2014;<=10;0;0;<24, 48;410.26;0;0;14/04/2014;13;9389.22;BT;1/01/2013;1;CNE
C10864;01/04/2014;<=10;0;0;>48;825.83;0;2493.28;3/04/2014;9;19280.3;BT;1/01/2013;1;CNE
C10865;01/04/2014;<=10;0;0;<24, 48;825.83;0;2493.28;22/04/2014;10;19280.3;BT;1/01/2013;1;CNE
C10866;01/04/2014;<=10;0;0;<24, 48;825.83;0;2493.28;22/04/2014;12;19280.3;BT;1/01/2013;1;CNE
C10867;01/04/2014;>10;0;0;<24, 48;244.65;0;0;1/04/2014;13;2963.76;BT;1/01/2012;1;CNE
C10868;01/04/2014;<=10;0;0;<24, 48;244.65;0;0;14/04/2014;16;2963.76;BT;1/01/2012;1;CNE
C10869;01/04/2014;<=10;0;0;<24, 48;244.65;0;0;16/04/2014;8;2963.76;BT;1/01/2012;1;CNE
C10870;01/04/2014;<=10;0;0;>48;490.94;0;1478.14;16/04/2014;10;12361.4;BT;1/01/2013;1;CNE
C10871;01/04/2014;<=10;0;0;<24, 48;128.46;0;31.51;9/04/2014;15;11103.2;BT;1/01/2013;1;COEF
C10872;01/04/2014;<=10;>0;0;<24, 48;843.05;0;0;4/04/2014;12;5427.56;BT;1/01/2013;0;CNE
C10873;01/04/2014;>10;0;0;<24, 48;240.52;0;0;11/04/2014;9;1776.34;BT;1/01/2011;1;CNE
C10874;01/04/2014;<=10;>0;1;>48;1255.44;1255.44;0;14/04/2014;10;20580.5;BT;1/01/2011;1;CNE
C10876;01/04/2014;<=10;>0;0;<24, 48;1359.92;0;2379.17;25/04/2014;7;25254.9;BT;1/01/2014;1;COEF
C10877;01/04/2014;>10;0;0;<24, 48;219.52;0;0;9/04/2014;11;24662.9;BT;1/01/2012;1;CNE
C10878;01/04/2014;<=10;0;0;<24, 48;219.52;0;0;15/04/2014;8;24662.9;BT;1/01/2012;1;CNE
C10879;01/04/2014;>10;0;0;<24, 48;219.52;0;0;16/04/2014;12;24662.9;BT;1/01/2012;1;CNE
C10880;01/04/2014;>10;0;0;>48;775.8;775.8;768.44;29/04/2014;16;14757.5;BT;1/01/2012;1;COEF
C10881;01/04/2014;>10;0;0;<24, 48;775.8;775.8;768.44;9/04/2014;12;14757.5;BT;1/01/2012;1;CNE
C10882;01/04/2014;<=10;0;0;>48;530.57;0;0;21/04/2014;19;12710.8;BT;1/01/2011;1;CNE
C10884;01/04/2014;>10;0;0;<24, 48;251;200.59;222.53;9/04/2014;8;5257.23;BT;1/01/2011;1;CNE
C10885;01/04/2014;<=10;0;0;<=24;195.65;196.06;0;14/04/2014;16;609.34;BT;1/01/2014;1;CNE
C10886;01/04/2014;<=10;0;0;<=24;195.65;196.06;0;21/04/2014;14;609.34;BT;1/01/2014;1;CNE
C10887;01/04/2014;<=10;0;0;>48;1063.47;1062.49;0;24/04/2014;13;25438.4;BT;1/01/2013;1;CNE
C10889;01/04/2014;<=10;0;0;<24, 48;998.99;0;0;1/04/2014;8;5345.46;BT;1/01/2012;1;CNE
C10890;01/04/2014;<=10;0;0;<24, 48;591.13;0;0;10/04/2014;10;14824.5;BT;1/01/2012;1;COEF
C10891;01/04/2014;<=10;>0;0;>48;216.75;0;483.45;30/04/2014;16;4083.04;BT;1/01/2013;1;CNE
C10893;01/04/2014;<=10;0;0;<=24;70.2;0.8;0;3/04/2014;10;2889.7;BT;1/01/2013;1;COEF
C10896;01/04/2014;>10;0;0;<24, 48;294.89;148.36;0;1/04/2014;9;1475.8;BT;1/01/2012;1;CNE
C10897;01/04/2014;<=10;0;0;<24, 48;294.89;148.36;0;11/04/2014;14;1475.8;BT;1/01/2012;0;CNE
C10898;01/04/2014;<=10;0;0;<24, 48;651.96;651.96;0;11/04/2014;20;4110.34;BT;1/01/2012;0;CNE
C10899;01/04/2014;<=10;0;0;<24, 48;651.96;651.96;0;15/04/2014;20;4110.34;BT;1/01/2012;0;CNE
C10900;01/04/2014;>10;>0;0;<24, 48;636.02;0;1495.18;11/04/2014;8;3988.24;BT;1/01/2011;0;CNE
C10902;01/04/2014;<=10;>0;0;>48;1225.33;1905.37;0;21/04/2014;19;17807.7;BT;1/01/2013;0;COEF
C10903;01/04/2014;<=10;0;0;>48;616.74;0;0;7/04/2014;19;19612.1;BT;1/01/2013;1;COEF
C10904;01/04/2014;>10;0;0;<24, 48;283.75;0;856.53;11/04/2014;14;3618.97;BT;1/01/2012;1;CNE
C10908;01/04/2014;<=10;0;0;<24, 48;1379.76;1390.47;1408.03;14/04/2014;11;7149.76;BT;1/01/2013;0;CNE
C10910;01/04/2014;<=10;0;0;<24, 48;39.49;307.17;0;8/04/2014;9;4720.5;BT;1/01/2012;1;CNE
C10911;01/04/2014;<=10;0;0;<=24;321.07;321.07;967.27;22/04/2014;11;3992.59;BT;1/01/2013;1;CNE
C10912;01/04/2014;>10;>0;0;<24, 48;1263.11;0;1126.38;2/04/2014;17;6990.16;BT;1/01/2012;0;CNE
C10913;01/04/2014;<=10;0;0;<=24;31.89;0;0;24/04/2014;10;4116.43;BT;1/01/2013;1;CNE
C10914;01/04/2014;<=10;>0;0;<24, 48;340.54;689.42;1041.43;23/04/2014;12;6520.58;BT;1/01/2013;1;COEF
C10915;01/04/2014;<=10;0;0;<24, 48;1424.02;0;0;3/04/2014;10;37111.7;BT;1/01/2013;1;CNE
C10916;01/04/2014;>10;>0;0;<24, 48;421.43;638.95;625.84;7/04/2014;9;3062.5;BT;1/01/2012;0;CNE
C10917;01/04/2014;<=10;>0;1;<24, 48;498.39;0;0;15/04/2014;18;2884.06;BT;1/01/2011;0;COEF
C10918;01/04/2014;<=10;>0;1;<=24;817.8;817.8;0;4/04/2014;8;2933.69;BT;1/01/2013;1;CNE
C10919;01/04/2014;<=10;>0;0;<=24;817.8;817.8;0;16/04/2014;15;2933.69;BT;1/01/2013;0;CNE
C10920;01/04/2014;<=10;>0;0;<=24;817.8;817.8;0;22/04/2014;15;2933.69;BT;1/01/2013;0;CNE
C10921;01/04/2014;<=10;>0;0;>48;817.8;817.8;0;23/04/2014;8;2933.69;BT;1/01/2013;0;CNE
C10922;01/04/2014;<=10;>0;0;<=24;817.8;817.8;0;23/04/2014;19;2933.69;BT;1/01/2013;0;CNE
C10923;01/04/2014;<=10;>0;0;<=24;817.8;817.8;0;24/04/2014;9;2933.69;BT;1/01/2013;0;CNE
C10924;01/04/2014;<=10;0;0;<=24;250.99;0;761.73;8/04/2014;14;2072.77;BT;1/01/2013;1;CNE
C10925;01/04/2014;<=10;0;0;>48;270.63;277.18;218.32;4/04/2014;12;16109.9;BT;1/01/2011;1;COEF
C10927;01/04/2014;>10;0;0;>48;406.11;201.11;0;11/04/2014;7;834.87;BT;1/01/2010;1;CNE
C10928;01/04/2014;<=10;0;0;>48;366.13;0;0;24/04/2014;10;11201.6;BT;1/01/2013;1;COEF
C10929;01/04/2014;<=10;0;0;<24, 48;276.79;11.4;18.14;14/04/2014;14;5627.94;BT;1/01/2014;1;COEF
C10930;01/04/2014;<=10;0;0;>48;316.07;0;0;23/04/2014;18;1026.99;BT;1/01/2011;1;CNE
C10931;01/04/2014;>10;0;0;<24, 48;341.91;0;0;3/04/2014;10;5301.91;BT;1/01/2011;1;COEF
C10932;01/04/2014;<=10;>0;0;>48;2264.14;0;3408.58;3/04/2014;13;44904.8;BT;1/01/2012;0;CNE
C10933;01/04/2014;<=10;0;0;>48;426.45;0;0;15/04/2014;8;24406.3;BT;1/01/2012;1;COEF
C10937;01/04/2014;<=10;0;0;<24, 48;208.97;517.32;517.32;23/04/2014;12;12723.4;BT;1/01/2013;1;CNE
C10938;01/04/2014;<=10;0;0;<24, 48;327.09;655.02;985.17;8/04/2014;11;5676.54;BT;1/01/2013;1;CNE
C10939;01/04/2014;<=10;0;0;<24, 48;327.09;655.02;985.17;8/04/2014;12;5676.54;BT;1/01/2013;1;CNE
C10940;01/04/2014;<=10;0;0;<24, 48;162.62;162.55;162.48;9/04/2014;13;2582.03;BT;1/01/2013;1;COEF
C10941;01/04/2014;<=10;0;0;<24, 48;349.7;0;1058.44;4/04/2014;14;8006.52;BT;1/01/2013;1;CNE
C10942;01/04/2014;<=10;0;0;<24, 48;166.31;0;0;7/04/2014;8;11506.5;BT;1/01/2013;1;COEF
C10944;01/04/2014;<=10;0;0;<24, 48;606.51;603.76;168.66;15/04/2014;7;13686.5;BT;1/01/2013;1;CNE
C10945;01/04/2014;<=10;>0;0;>48;363.64;0;0;23/04/2014;16;6519.84;BT;1/01/2011;1;COEF
C10946;01/04/2014;<=10;0;0;<24, 48;734.06;735.32;736.81;21/04/2014;11;2233.75;BT;1/01/2011;1;CNE
C10947;01/04/2014;<=10;0;0;<24, 48;304.23;609.38;916.97;8/04/2014;18;4568.14;BT;1/01/2012;1;CNE
C10948;01/04/2014;<=10;0;0;<24, 48;304.23;609.38;916.97;9/04/2014;17;4568.14;BT;1/01/2012;1;CNE
C10951;01/04/2014;<=10;>0;1;<24, 48;212.67;0;0;2/04/2014;11;7911.98;BT;1/01/2012;1;CNE
C10952;01/04/2014;>10;0;0;<24, 48;603.95;0;0;3/04/2014;13;9078.58;BT;1/01/2011;1;CNE
C10953;01/04/2014;<=10;0;0;<24, 48;291;0;0;8/04/2014;9;9410.41;BT;1/01/2013;1;COEF
C10954;01/04/2014;<=10;>0;0;>48;357.21;0;0;24/04/2014;11;3121.66;BT;1/01/2013;1;COEF
C10955;01/04/2014;<=10;0;0;<=24;467.98;0;0;3/04/2014;11;2359.36;BT;1/01/2013;1;CNE
C10956;01/04/2014;<=10;0;0;>48;108.99;0;0;8/04/2014;12;41961.9;BT;1/01/2013;1;COEF
C10957;01/04/2014;<=10;>0;0;>48;763.42;763.42;0;14/04/2014;8;11474.4;BT;1/01/2012;1;COEF
C10958;01/04/2014;<=10;0;0;<24, 48;455.93;455.93;0;4/04/2014;10;10068.8;BT;1/01/2013;1;CNE
C10959;01/04/2014;<=10;0;0;<24, 48;455.93;455.93;1397.4;10/04/2014;9;10068.8;BT;1/01/2013;1;CNE
C10961;01/04/2014;>10;0;0;<24, 48;402.13;0;0;4/04/2014;10;3338.12;BT;1/01/2012;1;CNE
C10962;01/04/2014;<=10;0;0;<24, 48;206.19;210.24;210.36;9/04/2014;14;5202.89;BT;1/01/2014;1;CNE
C10963;01/04/2014;<=10;0;0;<24, 48;337.04;336.59;0;9/04/2014;8;7962.94;BT;1/01/2013;1;CNE
C10965;01/04/2014;<=10;0;0;>48;377.35;393.25;393.17;4/04/2014;14;4338.05;BT;1/01/2011;1;COEF
C10966;01/04/2014;>10;0;0;<24, 48;510.32;0;0;3/04/2014;18;9663.89;BT;1/01/2012;1;COEF
C10967;01/04/2014;<=10;0;0;<24, 48;215.63;0;0;3/04/2014;13;4726.3;BT;1/01/2013;1;CNE
C10968;01/04/2014;<=10;0;0;<24, 48;215.63;0;0;9/04/2014;7;4726.3;BT;1/01/2013;1;CNE
C10970;01/04/2014;<=10;0;0;<24, 48;434.03;663.66;0;23/04/2014;20;4515.92;BT;1/01/2012;0;CNE
C10971;01/04/2014;<=10;0;0;>48;507.23;512.44;513.5;10/04/2014;8;5408.22;BT;1/01/2014;1;CNE
C10972;01/04/2014;<=10;>0;1;<24, 48;818.05;1093.3;0;8/04/2014;19;5834.69;BT;1/01/2013;0;CNE
C10973;01/04/2014;>10;0;0;<24, 48;407.64;0;0;9/04/2014;8;6632.88;BT;1/01/2011;1;COEF
C10974;01/04/2014;<=10;0;0;>48;122.1;0;0;10/04/2014;20;3241.94;BT;1/01/2014;1;CNE
C10975;01/04/2014;<=10;0;0;>48;411.69;0;0;4/04/2014;7;19580.1;BT;1/01/2012;1;COEF
C10976;01/04/2014;>10;0;0;<24, 48;79.99;0;0;3/04/2014;16;6161.15;BT;1/01/2012;1;CNE
C10980;01/04/2014;<=10;>0;0;>48;875.3;1171.2;0;11/04/2014;13;5590.04;BT;1/01/2013;0;CNE
C10981;01/04/2014;<=10;0;0;<=24;71.37;0;0;25/04/2014;15;1765.27;BT;1/01/2013;1;COEF
C10984;01/04/2014;<=10;>0;1;<24, 48;1084.07;1452;0;22/04/2014;17;6166.74;BT;1/01/2011;0;CNE
C10985;01/04/2014;<=10;>0;1;<24, 48;1084.07;1452;0;24/04/2014;11;6166.74;BT;1/01/2011;0;CNE
C10986;01/04/2014;<=10;0;0;<=24;567.97;0;1869.41;14/04/2014;13;1714.39;BT;1/01/2013;1;CNE
C10987;01/04/2014;<=10;0;0;<24, 48;378.6;758.11;0;9/04/2014;9;8530.38;BT;1/01/2013;1;CNE
C10988;01/04/2014;<=10;0;0;<24, 48;378.6;758.11;1139.28;23/04/2014;11;8530.38;BT;1/01/2013;1;CNE
C10989;01/04/2014;<=10;0;0;<24, 48;239.03;0;0;9/04/2014;20;2752.1;BT;1/01/2012;1;CNE
C10990;01/04/2014;<=10;0;0;<24, 48;239.03;0;0;14/04/2014;19;2752.1;BT;1/01/2012;1;CNE
C10991;01/04/2014;>10;>0;0;<24, 48;106.48;287.2;0;14/04/2014;19;2957.77;BT;1/01/2012;1;CNE
C10992;01/04/2014;<=10;0;0;<24, 48;219.38;213.95;211.32;14/04/2014;14;2929.66;BT;1/01/2012;1;CNE
C10993;01/04/2014;<=10;0;0;<24, 48;583.47;0;1804.79;8/04/2014;10;17094.6;BT;1/01/2013;1;CNE
C10994;01/04/2014;<=10;0;0;>48;405.84;0;1218.39;16/04/2014;15;11126.4;BT;1/01/2014;1;CNE
C10995;01/04/2014;<=10;0;0;>48;405.84;0;1218.39;28/04/2014;12;11126.4;BT;1/01/2014;1;CNE
C10996;01/04/2014;<=10;0;0;<24, 48;520.17;298.13;113.33;23/04/2014;16;9330.56;BT;1/01/2013;0;COEF
C10997;01/04/2014;>10;0;0;<24, 48;260.42;255.75;258.04;4/04/2014;14;4622.32;BT;1/01/2013;1;CNE
C10998;01/04/2014;>10;0;0;<24, 48;260.42;255.75;258.04;8/04/2014;10;4622.32;BT;1/01/2013;1;CNE
C10999;01/04/2014;<=10;0;0;<24, 48;88.99;89.29;89.33;23/04/2014;14;1872.76;BT;1/01/2014;1;CNE
C11000;01/04/2014;<=10;0;0;<24, 48;356.56;358.15;132.85;1/04/2014;12;3750.32;BT;1/01/2012;0;CNE
C11001;01/04/2014;<=10;0;0;<=24;497.48;545.27;0;28/04/2014;14;1028.04;BT;1/01/2013;1;COEF
C11002;01/04/2014;<=10;0;0;>48;497.48;545.27;0;8/04/2014;12;1028.04;BT;1/01/2013;1;CNE
C11003;01/04/2014;<=10;0;0;<=24;197.18;0;0;15/04/2014;14;774.28;BT;1/01/2013;1;CNE
C11004;01/04/2014;>10;>0;0;<24, 48;256.17;256.85;851.01;21/04/2014;13;5149.47;BT;1/01/2012;1;COEF
C11005;01/04/2014;>10;0;0;<24, 48;410.2;167.14;579.99;7/04/2014;20;3262.59;BT;1/01/2012;0;CNE
C11006;01/04/2014;<=10;0;0;<24, 48;410.2;167.14;579.99;9/04/2014;20;3262.59;BT;1/01/2012;0;CNE
C11007;01/04/2014;<=10;0;0;<24, 48;781.7;0;0;23/04/2014;13;16711.8;BT;1/01/2012;1;COEF
C11010;01/04/2014;<=10;0;0;<24, 48;95.49;0;95.49;3/04/2014;14;1979.08;BT;1/01/2014;1;CNE
C11011;01/04/2014;>10;0;0;<24, 48;596.85;0;0;10/04/2014;10;10890.5;BT;1/01/2013;1;COEF
C11013;01/04/2014;<=10;0;0;<24, 48;626.32;554.48;547.37;10/04/2014;17;5114.1;BT;1/01/2013;0;CNE
C11014;01/04/2014;<=10;>0;0;<=24;384.69;563.16;0;11/04/2014;16;547.5;BT;1/01/2013;0;CNE
C11015;01/04/2014;<=10;0;0;<=24;617.37;0;637.45;15/04/2014;10;610.01;BT;1/01/2014;1;CNE
C11016;01/04/2014;<=10;0;0;>48;204.34;433.33;0;9/04/2014;12;2976.97;BT;1/01/2013;1;COEF
C11017;01/04/2014;<=10;0;0;>48;304.5;0;0;8/04/2014;16;6060.27;BT;1/01/2013;1;COEF
C11020;01/04/2014;<=10;0;0;>48;510.38;510.37;1544.16;15/04/2014;9;14377.3;BT;1/01/2013;1;CNE
C11021;01/04/2014;<=10;0;0;>48;510.38;510.37;1544.16;16/04/2014;11;14377.3;BT;1/01/2013;1;CNE
C11022;01/04/2014;<=10;0;0;>48;510.38;510.37;1544.16;29/04/2014;8;14377.3;BT;1/01/2013;1;CNE
C11023;01/04/2014;<=10;>0;0;<24, 48;1443.28;0;0;9/04/2014;17;1615.2;BT;1/01/2013;0;COEF
C11024;01/04/2014;<=10;>0;0;<24, 48;1443.28;0;0;15/04/2014;18;1615.2;BT;1/01/2013;0;COEF
C11025;01/04/2014;<=10;>0;1;<24, 48;1443.28;0;0;2/04/2014;14;1615.2;BT;1/01/2013;0;CNE
C11026;01/04/2014;<=10;0;0;<=24;255.38;0;859.37;30/04/2014;9;752.34;BT;1/01/2012;1;CNE
C11027;01/04/2014;<=10;0;0;<=24;633.43;637.79;0;23/04/2014;11;628.75;BT;1/01/2014;0;COEF
C11028;01/04/2014;<=10;0;0;<=24;633.43;637.79;0;24/04/2014;13;628.75;BT;1/01/2014;0;COEF
C11032;01/04/2014;<=10;0;0;<24, 48;217.26;172.63;152.6;10/04/2014;15;5913.63;BT;1/01/2013;1;CNE
C11033;01/04/2014;<=10;>0;0;<=24;427.19;184.97;238.49;1/04/2014;15;2824.18;BT;1/01/2013;0;CNE
C11034;01/04/2014;<=10;>0;0;<=24;427.19;184.97;238.49;7/04/2014;20;2824.18;BT;1/01/2013;0;CNE
C11035;01/04/2014;<=10;0;0;<24, 48;322.41;321.37;0;9/04/2014;13;6702.06;BT;1/01/2013;1;CNE
C11036;01/04/2014;<=10;>0;0;<24, 48;322.41;321.37;0;25/04/2014;16;6702.06;BT;1/01/2013;1;CNE
C11037;01/04/2014;<=10;0;0;>48;574.51;0;0;3/04/2014;20;16659.4;BT;1/01/2013;1;CNE
C11038;01/04/2014;<=10;0;0;>48;574.51;0;0;11/04/2014;10;16659.4;BT;1/01/2013;1;CNE
C11039;01/04/2014;<=10;0;0;>48;574.51;0;0;22/04/2014;16;16659.4;BT;1/01/2013;1;CNE
C11040;01/04/2014;<=10;0;0;>48;574.51;0;0;23/04/2014;14;16659.4;BT;1/01/2013;1;CNE
C11042;01/04/2014;<=10;>0;1;<24, 48;752.92;0;0;8/04/2014;13;5630.59;BT;1/01/2013;0;COEF
C11043;01/04/2014;<=10;0;0;<=24;255.06;0;111.08;11/04/2014;9;1844.38;BT;1/01/2013;1;COEF
C11044;01/04/2014;>10;0;0;<24, 48;280.44;39.38;151.98;7/04/2014;18;6114.05;BT;1/01/2012;1;CNE
C11047;01/04/2014;<=10;>0;1;<24, 48;370.41;368.97;298.64;21/04/2014;15;7011.01;BT;1/01/2012;1;CNE
C11048;01/04/2014;<=10;0;0;<=24;289;0;318.92;3/04/2014;14;2804.17;BT;1/01/2013;1;CNE
C11049;01/04/2014;<=10;0;0;<=24;289;0;318.92;8/04/2014;11;2804.17;BT;1/01/2013;1;CNE
C11050;01/04/2014;<=10;0;0;<24, 48;139.68;0;0;21/04/2014;10;4020.73;BT;1/01/2013;1;CNE
C11051;01/04/2014;<=10;0;0;<24, 48;139.68;0;0;22/04/2014;9;4020.73;BT;1/01/2013;1;CNE
C11052;01/04/2014;<=10;>0;0;<=24;76.31;0;0;16/04/2014;13;1870.45;BT;1/01/2013;1;COEF
C11053;01/04/2014;<=10;0;0;<=24;76.31;0;0;3/04/2014;13;1870.45;BT;1/01/2013;1;CNE
C11054;01/04/2014;<=10;0;0;>48;50;0;0;8/04/2014;8;25655.3;BT;1/01/2013;1;COEF
C11057;01/04/2014;<=10;>0;0;>48;1317.62;0;0;15/04/2014;10;19894.9;BT;1/01/2013;0;CNE
C11058;01/04/2014;<=10;0;0;<=24;264.44;0;0;9/04/2014;10;4871.2;BT;1/01/2013;1;CNE
C11059;01/04/2014;<=10;0;0;<24, 48;158.4;158.93;159.27;11/04/2014;20;2677.42;BT;1/01/2013;1;CNE
C11061;01/04/2014;<=10;0;0;<24, 48;360.06;0;1084.64;4/04/2014;10;10237.9;BT;1/01/2014;1;CNE
C11065;01/04/2014;<=10;0;0;>48;606.79;0;0;10/04/2014;8;3955.06;BT;1/01/2013;1;COEF
C11066;01/04/2014;<=10;0;0;<24, 48;501.5;1007.86;1519.05;22/04/2014;16;9829.57;BT;1/01/2013;1;COEF
C11067;01/04/2014;<=10;0;0;<24, 48;314.76;78.3;317.82;4/04/2014;14;5185.64;BT;1/01/2013;1;CNE
C11068;01/04/2014;<=10;0;0;>48;314.76;78.3;317.82;9/04/2014;12;5185.64;BT;1/01/2013;1;CNE
C11069;01/04/2014;<=10;0;0;>48;280.73;0;0;3/04/2014;13;3113.35;BT;1/01/2014;1;COEF
C11070;01/04/2014;<=10;0;0;<24, 48;359.15;744.83;0;9/04/2014;8;17732.7;BT;1/01/2012;1;CNE
C11071;01/04/2014;<=10;>0;0;<24, 48;587;803.55;0;4/04/2014;12;3775.76;BT;1/01/2012;0;CNE
C11072;01/04/2014;<=10;>0;1;<=24;738.57;0;0;23/04/2014;18;730.49;BT;1/01/2014;1;COEF
C11074;01/04/2014;<=10;0;0;<24, 48;403.26;0;1213.79;14/04/2014;7;4435.18;BT;1/01/2012;1;CNE
C11075;01/04/2014;>10;0;0;>48;206.29;0;0;4/04/2014;20;844.27;BT;1/01/2012;0;CNE
C11076;01/04/2014;<=10;0;0;<24, 48;512.1;0;0;25/04/2014;8;12794.1;BT;1/01/2013;1;CNE
C11077;01/04/2014;<=10;0;0;<24, 48;248.68;248.68;767.04;11/04/2014;10;3179.87;BT;1/01/2012;1;COEF
C11078;01/04/2014;<=10;0;0;<24, 48;234.99;838.61;838.61;11/04/2014;14;6530.26;BT;1/01/2013;1;CNE
C11081;01/04/2014;<=10;0;0;<24, 48;287.19;0;863.76;16/04/2014;8;5664.24;BT;1/01/2013;1;CNE
C11083;01/04/2014;<=10;0;0;<24, 48;904.29;1477.65;0;10/04/2014;11;9758.23;BT;1/01/2013;0;COEF
C11084;01/04/2014;<=10;0;0;>48;333.69;0;0;3/04/2014;19;1149.89;BT;1/01/2013;0;CNE
C11086;01/04/2014;<=10;0;0;<24, 48;1442.44;0;0;8/04/2014;10;22253.3;BT;1/01/2013;0;CNE
C11088;01/04/2014;>10;0;0;>48;477.23;0;0;3/04/2014;10;9025.37;BT;1/01/2012;1;COEF
C11089;01/04/2014;<=10;0;0;<24, 48;284.44;0;0;14/04/2014;13;4383.85;BT;1/01/2012;1;CNE
C11090;01/04/2014;>10;0;0;>48;490.88;0;0;8/04/2014;10;8265.06;BT;1/01/2011;1;CNE
C11091;01/04/2014;<=10;0;0;<=24;124.84;120.68;128.55;10/04/2014;13;1347.05;BT;1/01/2013;1;CNE
C11092;01/04/2014;<=10;0;0;<=24;187.86;0;0;8/04/2014;20;992.45;BT;1/01/2014;0;CNE
C11093;01/04/2014;<=10;0;0;<=24;187.86;0;0;10/04/2014;20;992.45;BT;1/01/2014;0;CNE
C11094;01/04/2014;>10;0;0;<24, 48;270.97;0;0;4/04/2014;9;8794.6;BT;1/01/2011;1;CNE
C11095;01/04/2014;>10;0;0;>48;270.97;0;0;9/04/2014;8;8794.6;BT;1/01/2011;1;CNE
C11096;01/04/2014;<=10;0;0;>48;1159.53;1160.24;1152.87;4/04/2014;9;19586.5;BT;1/01/2011;1;CNE
C11097;01/04/2014;<=10;0;0;<24, 48;75.45;17.9;17.31;24/04/2014;10;2056.17;BT;1/01/2013;1;CNE
C11098;01/04/2014;<=10;>0;0;<24, 48;2169.68;2898.71;0;4/04/2014;9;16017.8;BT;1/01/2012;0;CNE
C11099;01/04/2014;<=10;0;0;>48;315.11;474.33;474.33;2/04/2014;11;3659.82;BT;1/01/2012;1;CNE
C11100;01/04/2014;>10;0;0;>48;271.77;0;817.79;10/04/2014;15;3756.48;BT;1/01/2011;1;COEF
C11101;01/04/2014;>10;0;0;>48;372.48;621.4;0;1/04/2014;15;5092.74;BT;1/01/2012;0;CNE
C11103;01/04/2014;<=10;0;0;<24, 48;221.76;0;0;9/04/2014;8;3984.46;BT;1/01/2013;1;CNE
C11104;01/04/2014;>10;>0;0;>48;1671.82;0;0;9/04/2014;9;16770.2;BT;1/01/2013;0;CNE
C11105;01/04/2014;>10;0;0;<24, 48;660.99;652.6;657.05;2/04/2014;11;14315.9;BT;1/01/2011;1;COEF
